Review,Sentiment,Tokens,word_count
wow loved this place,1,"['wow', 'loved', 'place']",3
crust is not good,0,"['crust', 'good']",2
not tasty and the texture was just nasty,0,"['tasty', 'texture', 'nasty']",3
stopped by during the late may bank holiday off rick steve recommendation and loved it,1,"['stopped', 'late', 'may', 'bank', 'holiday', 'rick', 'steve', 'recommendation', 'loved']",9
the selection on the menu was great and so were the prices,1,"['selection', 'menu', 'great', 'price']",4
now i am getting angry and i want my damn pho,0,"['getting', 'angry', 'want', 'damn', 'pho']",5
honeslty it didnt taste that fresh,0,"['honeslty', 'didnt', 'taste', 'fresh']",4
the potatoes were like rubber and you could tell they had been made up ahead of time being kept under a warmer,0,"['potato', 'like', 'rubber', 'could', 'tell', 'made', 'ahead', 'time', 'kept', 'warmer']",10
the fries were great too,1,"['fry', 'great']",2
a great touch,1,"['great', 'touch']",2
service was very prompt,1,"['service', 'prompt']",2
would not go back,0,"['would', 'go', 'back']",3
the cashier had no care what so ever on what i had to say it still ended up being wayyy overpriced,0,"['cashier', 'care', 'ever', 'say', 'still', 'ended', 'wayyy', 'overpriced']",8
i tried the cape cod ravoli chickenwith cranberrymmmm,1,"['tried', 'cape', 'cod', 'ravoli', 'chickenwith', 'cranberrymmmm']",6
i was disgusted because i was pretty sure that was human hair,0,"['disgusted', 'pretty', 'sure', 'human', 'hair']",5
i was shocked because no signs indicate cash only,0,"['shocked', 'sign', 'indicate', 'cash']",4
highly recommended,1,"['highly', 'recommended']",2
waitress was a little slow in service,0,"['waitress', 'little', 'slow', 'service']",4
this place is not worth your time let alone vegas,0,"['place', 'worth', 'time', 'let', 'alone', 'vega']",6
did not like at all,0,['like'],1
the burrittos blah,0,"['burrittos', 'blah']",2
the food amazing,1,"['food', 'amazing']",2
service is also cute,1,"['service', 'also', 'cute']",3
i could care less the interior is just beautiful,1,"['could', 'care', 'less', 'interior', 'beautiful']",5
so they performed,1,['performed'],1
thats rightthe red velvet cakeohhh this stuff is so good,1,"['thats', 'rightthe', 'red', 'velvet', 'cakeohhh', 'stuff', 'good']",7
 they never brought a salad we asked for,0,"['never', 'brought', 'salad', 'asked']",4
this hole in the wall has great mexican street tacos and friendly staff,1,"['hole', 'wall', 'great', 'mexican', 'street', 'taco', 'friendly', 'staff']",8
took an hour to get our food only 4 tables in restaurant my food was luke warm our sever was running around like he was totally overwhelmed,0,"['took', 'hour', 'get', 'food', '4', 'table', 'restaurant', 'food', 'luke', 'warm', 'sever', 'running', 'around', 'like', 'totally', 'overwhelmed']",16
the worst was the salmon sashimi,0,"['worst', 'salmon', 'sashimi']",3
also there are combos like a burger fries and beer for 23 which is a decent deal,1,"['also', 'combo', 'like', 'burger', 'fry', 'beer', '23', 'decent', 'deal']",9
this was like the final blow,0,"['like', 'final', 'blow']",3
i found this place by accident and i could not be happier,1,"['found', 'place', 'accident', 'could', 'happier']",5
seems like a good quick place to grab a bite of some familiar pub food but do yourself a favor and look elsewhere,0,"['seems', 'like', 'good', 'quick', 'place', 'grab', 'bite', 'familiar', 'pub', 'food', 'favor', 'look', 'elsewhere']",13
overall i like this place a lot,1,"['overall', 'like', 'place', 'lot']",4
the only redeeming quality of the restaurant was that it was very inexpensive,1,"['redeeming', 'quality', 'restaurant', 'inexpensive']",4
ample portions and good prices,1,"['ample', 'portion', 'good', 'price']",4
poor service the waiter made me feel like i was stupid every time he came to the table,0,"['poor', 'service', 'waiter', 'made', 'feel', 'like', 'stupid', 'every', 'time', 'came', 'table']",11
my first visit to hiro was a delight,1,"['first', 'visit', 'hiro', 'delight']",4
service sucks,0,"['service', 'suck']",2
the shrimp tender and moist,1,"['shrimp', 'tender', 'moist']",3
there is not a deal good enough that would drag me into that establishment again,0,"['deal', 'good', 'enough', 'would', 'drag', 'establishment']",6
hard to judge whether these sides were good because we were grossed out by the melted styrofoam and didnt want to eat it for fear of getting sick,0,"['hard', 'judge', 'whether', 'side', 'good', 'grossed', 'melted', 'styrofoam', 'didnt', 'want', 'eat', 'fear', 'getting', 'sick']",14
on a positive note our server was very attentive and provided great service,1,"['positive', 'note', 'server', 'attentive', 'provided', 'great', 'service']",7
frozen pucks of disgust with some of the worst people behind the register,0,"['frozen', 'puck', 'disgust', 'worst', 'people', 'behind', 'register']",7
the only thing i did like was the prime rib and dessert section,1,"['thing', 'like', 'prime', 'rib', 'dessert', 'section']",6
its too bad the food is so damn generic,0,"['bad', 'food', 'damn', 'generic']",4
the burger is good beef cooked just right,1,"['burger', 'good', 'beef', 'cooked', 'right']",5
if you want a sandwich just go to any firehouse,1,"['want', 'sandwich', 'go', 'firehouse']",4
my side greek salad with the greek dressing was so tasty and the pita and hummus was very refreshing,1,"['side', 'greek', 'salad', 'greek', 'dressing', 'tasty', 'pita', 'hummus', 'refreshing']",9
we ordered the duck rare and it was pink and tender on the inside with a nice char on the outside,1,"['ordered', 'duck', 'rare', 'pink', 'tender', 'inside', 'nice', 'char', 'outside']",9
he came running after us when he realized my husband had left his sunglasses on the table,1,"['came', 'running', 'u', 'realized', 'husband', 'left', 'sunglass', 'table']",8
their chow mein is so good,1,"['chow', 'mein', 'good']",3
they have horrible attitudes towards customers and talk down to each one when customers dont enjoy their food,0,"['horrible', 'attitude', 'towards', 'customer', 'talk', 'one', 'customer', 'dont', 'enjoy', 'food']",10
the portion was huge,1,"['portion', 'huge']",2
loved itfriendly servers great food wonderful and imaginative menu,1,"['loved', 'itfriendly', 'server', 'great', 'food', 'wonderful', 'imaginative', 'menu']",8
the heart attack grill in downtown vegas is an absolutely flatlined excuse for a restaurant,0,"['heart', 'attack', 'grill', 'downtown', 'vega', 'absolutely', 'flatlined', 'excuse', 'restaurant']",9
not much seafood and like 5 strings of pasta at the bottom,0,"['much', 'seafood', 'like', '5', 'string', 'pasta', 'bottom']",7
the salad had just the right amount of sauce to not over power the scallop which was perfectly cooked,1,"['salad', 'right', 'amount', 'sauce', 'power', 'scallop', 'perfectly', 'cooked']",8
the ripped banana was not only ripped but petrified and tasteless,0,"['ripped', 'banana', 'ripped', 'petrified', 'tasteless']",5
at least think to refill my water before i struggle to wave you over for 10 minutes,0,"['least', 'think', 'refill', 'water', 'struggle', 'wave', '10', 'minute']",8
this place receives stars for their appetizers,1,"['place', 'receives', 'star', 'appetizer']",4
the cocktails are all handmade and delicious,1,"['cocktail', 'handmade', 'delicious']",3
wed definitely go back here again,1,"['wed', 'definitely', 'go', 'back']",4
we are so glad we found this place,1,"['glad', 'found', 'place']",3
great food and service huge portions and they give a military discount,1,"['great', 'food', 'service', 'huge', 'portion', 'give', 'military', 'discount']",8
always a great time at dos gringos,1,"['always', 'great', 'time', 'do', 'gringo']",5
updatewent back for a second time and it was still just as amazing,1,"['updatewent', 'back', 'second', 'time', 'still', 'amazing']",6
we got the food and apparently they have never heard of salt and the batter on the fish was chewy,0,"['got', 'food', 'apparently', 'never', 'heard', 'salt', 'batter', 'fish', 'chewy']",9
a great way to finish a great,1,"['great', 'way', 'finish', 'great']",4
the deal included 5 tastings and 2 drinks and jeff went above and beyond what we expected,1,"['deal', 'included', '5', 'tasting', '2', 'drink', 'jeff', 'went', 'beyond', 'expected']",10
 really really good rice all the time,1,"['really', 'really', 'good', 'rice', 'time']",5
the service was meh,0,"['service', 'meh']",2
it took over 30 min to get their milkshake which was nothing more than chocolate milk,0,"['took', '30', 'min', 'get', 'milkshake', 'nothing', 'chocolate', 'milk']",8
i guess i should have known that this place would suck because it is inside of the excalibur but i didnt use my common sense,0,"['guess', 'known', 'place', 'would', 'suck', 'inside', 'excalibur', 'didnt', 'use', 'common', 'sense']",11
the scallop dish is quite appalling for value as well,0,"['scallop', 'dish', 'quite', 'appalling', 'value', 'well']",6
2 times  very bad customer service ,0,"['2', 'time', 'bad', 'customer', 'service']",5
the sweet potato fries were very good and seasoned well,1,"['sweet', 'potato', 'fry', 'good', 'seasoned', 'well']",6
today is the second time ive been to their lunch buffet and it was pretty good,1,"['today', 'second', 'time', 'ive', 'lunch', 'buffet', 'pretty', 'good']",8
there is so much good food in vegas that i feel cheated for wasting an eating opportunity by going to rice and company,0,"['much', 'good', 'food', 'vega', 'feel', 'cheated', 'wasting', 'eating', 'opportunity', 'going', 'rice', 'company']",12
coming here is like experiencing an underwhelming relationship where both parties cant wait for the other person to ask to break up,0,"['coming', 'like', 'experiencing', 'underwhelming', 'relationship', 'party', 'cant', 'wait', 'person', 'ask', 'break']",11
walked in and the place smelled like an old grease trap and only 2 others there eating,0,"['walked', 'place', 'smelled', 'like', 'old', 'grease', 'trap', '2', 'others', 'eating']",10
the turkey and roast beef were bland,0,"['turkey', 'roast', 'beef', 'bland']",4
this place has it,1,['place'],1
the pan cakes everyone are raving about taste like a sugary disaster tailored to the palate of a six year old,0,"['pan', 'cake', 'everyone', 'raving', 'taste', 'like', 'sugary', 'disaster', 'tailored', 'palate', 'six', 'year', 'old']",13
i love the pho and the spring rolls oh so yummy you have to try,1,"['love', 'pho', 'spring', 'roll', 'oh', 'yummy', 'try']",7
the poor batter to meat ratio made the chicken tenders very unsatisfying,0,"['poor', 'batter', 'meat', 'ratio', 'made', 'chicken', 'tender', 'unsatisfying']",8
all i have to say is the food was amazing,1,"['say', 'food', 'amazing']",3
omelets are to die for,1,"['omelet', 'die']",2
everything was fresh and delicious,1,"['everything', 'fresh', 'delicious']",3
in summary this was a largely disappointing dining experience,0,"['summary', 'largely', 'disappointing', 'dining', 'experience']",5
its like a really sexy party in your mouth where youre outrageously flirting with the hottest person at the party,1,"['like', 'really', 'sexy', 'party', 'mouth', 'youre', 'outrageously', 'flirting', 'hottest', 'person', 'party']",11
never been to hard rock casino before will never ever step forward in it again,0,"['never', 'hard', 'rock', 'casino', 'never', 'ever', 'step', 'forward']",8
best breakfast buffet,1,"['best', 'breakfast', 'buffet']",3
say bye bye to your tip lady,0,"['say', 'bye', 'bye', 'tip', 'lady']",5
well never go again,0,"['well', 'never', 'go']",3
will be back again,1,['back'],1
food arrived quickly,1,"['food', 'arrived', 'quickly']",3
it was not good,0,['good'],1
on the up side their cafe serves really good food,1,"['side', 'cafe', 'serf', 'really', 'good', 'food']",6
our server was fantastic and when he found out the wife loves roasted garlic and bone marrow he added extra to our meal and another marrow to go,1,"['server', 'fantastic', 'found', 'wife', 'love', 'roasted', 'garlic', 'bone', 'marrow', 'added', 'extra', 'meal', 'another', 'marrow', 'go']",15
the only good thing was our waiter he was very helpful and kept the bloddy marys coming,1,"['good', 'thing', 'waiter', 'helpful', 'kept', 'bloddy', 'mary', 'coming']",8
best buffet in town for the price you cannot beat it,1,"['best', 'buffet', 'town', 'price', 'beat']",5
i loved their mussels cooked in this wine reduction the duck was tender and their potato dishes were delicious,1,"['loved', 'mussel', 'cooked', 'wine', 'reduction', 'duck', 'tender', 'potato', 'dish', 'delicious']",10
this is one of the better buffets that i have been to,1,"['one', 'better', 'buffet']",3
so we went to tigerlilly and had a fantastic afternoon,1,"['went', 'tigerlilly', 'fantastic', 'afternoon']",4
the food was delicious our bartender was attentive and personable and we got a great deal,1,"['food', 'delicious', 'bartender', 'attentive', 'personable', 'got', 'great', 'deal']",8
the ambience is wonderful and there is music playing,1,"['ambience', 'wonderful', 'music', 'playing']",4
will go back next trip out,1,"['go', 'back', 'next', 'trip']",4
sooooo good,1,"['sooooo', 'good']",2
real sushi lovers lets be honest  yama is not that good,0,"['real', 'sushi', 'lover', 'let', 'honest', 'yama', 'good']",7
at least 40min passed in between us ordering and the food arriving and it wasnt that busy,0,"['least', '40min', 'passed', 'u', 'ordering', 'food', 'arriving', 'wasnt', 'busy']",9
this is a really fantastic thai restaurant which is definitely worth a visit,1,"['really', 'fantastic', 'thai', 'restaurant', 'definitely', 'worth', 'visit']",7
nice spicy and tender,1,"['nice', 'spicy', 'tender']",3
good prices,1,"['good', 'price']",2
check it out,1,['check'],1
it was pretty gross,0,"['pretty', 'gross']",2
ive had better atmosphere,0,"['ive', 'better', 'atmosphere']",3
kind of hard to mess up a steak but they did,0,"['kind', 'hard', 'mess', 'steak']",4
although i very much liked the look and sound of this place the actual experience was a bit disappointing,0,"['although', 'much', 'liked', 'look', 'sound', 'place', 'actual', 'experience', 'bit', 'disappointing']",10
i just dont know how this place managed to served the blandest food i have ever eaten when they are preparing indian cuisine,0,"['dont', 'know', 'place', 'managed', 'served', 'blandest', 'food', 'ever', 'eaten', 'preparing', 'indian', 'cuisine']",12
worst service to boot but that is the least of their worries,0,"['worst', 'service', 'boot', 'least', 'worry']",5
service was fine and the waitress was friendly,1,"['service', 'fine', 'waitress', 'friendly']",4
the guys all had steaks and our steak loving son who has had steak at the best and worst places said it was the best steak hes ever eaten,1,"['guy', 'steak', 'steak', 'loving', 'son', 'steak', 'best', 'worst', 'place', 'said', 'best', 'steak', 'he', 'ever', 'eaten']",15
we thought youd have to venture further away to get good sushi but this place really hit the spot that night,1,"['thought', 'youd', 'venture', 'away', 'get', 'good', 'sushi', 'place', 'really', 'hit', 'spot', 'night']",12
host staff were for lack of a better word bitches,0,"['host', 'staff', 'lack', 'better', 'word', 'bitch']",6
bland not a liking this place for a number of reasons and i dont want to waste time on bad reviewing ill leave it at that,0,"['bland', 'liking', 'place', 'number', 'reason', 'dont', 'want', 'waste', 'time', 'bad', 'reviewing', 'ill', 'leave']",13
phenomenal food service and ambiance,1,"['phenomenal', 'food', 'service', 'ambiance']",4
i wouldnt return,0,"['wouldnt', 'return']",2
definitely worth venturing off the strip for the pork belly will return next time im in vegas,1,"['definitely', 'worth', 'venturing', 'strip', 'pork', 'belly', 'return', 'next', 'time', 'im', 'vega']",11
this place is way too overpriced for mediocre food,0,"['place', 'way', 'overpriced', 'mediocre', 'food']",5
penne vodka excellent,1,"['penne', 'vodka', 'excellent']",3
they have a good selection of food including a massive meatloaf sandwich a crispy chicken wrap a delish tuna melt and some tasty burgers,1,"['good', 'selection', 'food', 'including', 'massive', 'meatloaf', 'sandwich', 'crispy', 'chicken', 'wrap', 'delish', 'tuna', 'melt', 'tasty', 'burger']",15
the management is rude,0,"['management', 'rude']",2
delicious nyc bagels good selections of cream cheese real lox with capers even,1,"['delicious', 'nyc', 'bagel', 'good', 'selection', 'cream', 'cheese', 'real', 'lox', 'caper', 'even']",11
great subway in fact its so good when you come here every other subway will not meet your expectations,1,"['great', 'subway', 'fact', 'good', 'come', 'every', 'subway', 'meet', 'expectation']",9
i had a seriously solid breakfast here,1,"['seriously', 'solid', 'breakfast']",3
this is one of the best bars with food in vegas,1,"['one', 'best', 'bar', 'food', 'vega']",5
he was extremely rude and really there are so many other restaurants i would love to dine at during a weekend in vegas,0,"['extremely', 'rude', 'really', 'many', 'restaurant', 'would', 'love', 'dine', 'weekend', 'vega']",10
my drink was never empty and he made some really great menu suggestions,1,"['drink', 'never', 'empty', 'made', 'really', 'great', 'menu', 'suggestion']",8
dont do it,0,['dont'],1
the waiter wasnt helpful or friendly and rarely checked on us,0,"['waiter', 'wasnt', 'helpful', 'friendly', 'rarely', 'checked', 'u']",7
my husband and i ate lunch here and were very disappointed with the food and service,0,"['husband', 'ate', 'lunch', 'disappointed', 'food', 'service']",6
and the red curry had so much bamboo shoots and wasnt very tasty to me,0,"['red', 'curry', 'much', 'bamboo', 'shoot', 'wasnt', 'tasty']",7
nice blanket of moz over top but i feel like this was done to cover up the subpar food,1,"['nice', 'blanket', 'moz', 'top', 'feel', 'like', 'done', 'cover', 'subpar', 'food']",10
the bathrooms are clean and the place itself is well decorated,1,"['bathroom', 'clean', 'place', 'well', 'decorated']",5
the menu is always changing food quality is going down  service is extremely slow,0,"['menu', 'always', 'changing', 'food', 'quality', 'going', 'service', 'extremely', 'slow']",9
the service was a little slow  considering that were served by 3 people servers so the food was coming in a slow pace,0,"['service', 'little', 'slow', 'considering', 'served', '3', 'people', 'server', 'food', 'coming', 'slow', 'pace']",12
i give it 2 thumbs down,0,"['give', '2', 'thumb']",3
we watched our waiter pay a lot more attention to other tables and ignore us,0,"['watched', 'waiter', 'pay', 'lot', 'attention', 'table', 'ignore', 'u']",8
my fiancé and i came in the middle of the day and we were greeted and seated right away,1,"['fiancé', 'came', 'middle', 'day', 'greeted', 'seated', 'right', 'away']",8
this is a great restaurant at the mandalay bay,1,"['great', 'restaurant', 'mandalay', 'bay']",4
we waited for forty five minutes in vain,0,"['waited', 'forty', 'five', 'minute', 'vain']",5
crostini that came with the salad was stale,0,"['crostini', 'came', 'salad', 'stale']",4
some highlights  great quality nigiri here,1,"['highlight', 'great', 'quality', 'nigiri']",4
the staff is friendly and the joint is always clean,1,"['staff', 'friendly', 'joint', 'always', 'clean']",5
this was a different cut than the piece the other day but still wonderful and tender s well as well flavored,1,"['different', 'cut', 'piece', 'day', 'still', 'wonderful', 'tender', 'well', 'well', 'flavored']",10
i ordered the voodoo pasta and it was the first time id had really excellent pasta since going gluten free several years ago,1,"['ordered', 'voodoo', 'pasta', 'first', 'time', 'id', 'really', 'excellent', 'pasta', 'since', 'going', 'gluten', 'free', 'several', 'year', 'ago']",16
this place is good,1,"['place', 'good']",2
unfortunately we must have hit the bakery on leftover day because everything we ordered was stale,0,"['unfortunately', 'must', 'hit', 'bakery', 'leftover', 'day', 'everything', 'ordered', 'stale']",9
i came back today since they relocated and still not impressed,0,"['came', 'back', 'today', 'since', 'relocated', 'still', 'impressed']",7
i was seated immediately,1,"['seated', 'immediately']",2
their menu is diverse and reasonably priced,1,"['menu', 'diverse', 'reasonably', 'priced']",4
avoid at all cost,0,"['avoid', 'cost']",2
restaurant is always full but never a wait,1,"['restaurant', 'always', 'full', 'never', 'wait']",5
delicious,1,['delicious'],1
this place is handsdown one of the best places to eat in the phoenix metro area,1,"['place', 'handsdown', 'one', 'best', 'place', 'eat', 'phoenix', 'metro', 'area']",9
so dont go there if you are looking for good food,0,"['dont', 'go', 'looking', 'good', 'food']",5
ive never been treated so bad,0,"['ive', 'never', 'treated', 'bad']",4
bacon is hella salty,1,"['bacon', 'hella', 'salty']",3
we also ordered the spinach and avocado salad the ingredients were sad and the dressing literally had zero taste,0,"['also', 'ordered', 'spinach', 'avocado', 'salad', 'ingredient', 'sad', 'dressing', 'literally', 'zero', 'taste']",11
this really is how vegas fine dining used to be right down to the menus handed to the ladies that have no prices listed,1,"['really', 'vega', 'fine', 'dining', 'used', 'right', 'menu', 'handed', 'lady', 'price', 'listed']",11
the waitresses are very friendly,1,"['waitress', 'friendly']",2
lordy the khao soi is a dish that is not to be missed for curry lovers,1,"['lordy', 'khao', 'soi', 'dish', 'missed', 'curry', 'lover']",7
everything on the menu is terrific and we were also thrilled that they made amazing accommodations for our vegetarian daughter,1,"['everything', 'menu', 'terrific', 'also', 'thrilled', 'made', 'amazing', 'accommodation', 'vegetarian', 'daughter']",10
perhaps i caught them on an off night judging by the other reviews but im not inspired to go back,0,"['perhaps', 'caught', 'night', 'judging', 'review', 'im', 'inspired', 'go', 'back']",9
the service here leaves a lot to be desired,0,"['service', 'leaf', 'lot', 'desired']",4
the atmosphere is modern and hip while maintaining a touch of coziness,1,"['atmosphere', 'modern', 'hip', 'maintaining', 'touch', 'coziness']",6
not a weekly haunt but definitely a place to come back to every once in a while,1,"['weekly', 'haunt', 'definitely', 'place', 'come', 'back', 'every']",7
we literally sat there for 20 minutes with no one asking to take our order,0,"['literally', 'sat', '20', 'minute', 'one', 'asking', 'take', 'order']",8
the burger had absolutely no flavor  the meat itself was totally bland the burger was overcooked and there was no charcoal flavor,0,"['burger', 'absolutely', 'flavor', 'meat', 'totally', 'bland', 'burger', 'overcooked', 'charcoal', 'flavor']",10
i also decided not to send it back because our waitress looked like she was on the verge of having a heart attack,0,"['also', 'decided', 'send', 'back', 'waitress', 'looked', 'like', 'verge', 'heart', 'attack']",10
i dressed up to be treated so rudely,0,"['dressed', 'treated', 'rudely']",3
it was probably dirt,0,"['probably', 'dirt']",2
love this place hits the spot when i want something healthy but not lacking in quantity or flavor,1,"['love', 'place', 'hit', 'spot', 'want', 'something', 'healthy', 'lacking', 'quantity', 'flavor']",10
i ordered the lemon raspberry ice cocktail which was also incredible,1,"['ordered', 'lemon', 'raspberry', 'ice', 'cocktail', 'also', 'incredible']",7
the food sucked which we expected but it sucked more than we could have imagined,0,"['food', 'sucked', 'expected', 'sucked', 'could', 'imagined']",6
interesting decor,1,"['interesting', 'decor']",2
what i really like there is the crepe station,1,"['really', 'like', 'crepe', 'station']",4
also were served hot bread and butter and home made potato chips with bacon bits on topvery original and very good,1,"['also', 'served', 'hot', 'bread', 'butter', 'home', 'made', 'potato', 'chip', 'bacon', 'bit', 'topvery', 'original', 'good']",14
you can watch them preparing the delicious food,1,"['watch', 'preparing', 'delicious', 'food']",4
both of the egg rolls were fantastic,1,"['egg', 'roll', 'fantastic']",3
when my order arrived one of the gyros was missing,0,"['order', 'arrived', 'one', 'gyro', 'missing']",5
i had a salad with the wings and some ice cream for dessert and left feeling quite satisfied,1,"['salad', 'wing', 'ice', 'cream', 'dessert', 'left', 'feeling', 'quite', 'satisfied']",9
im not really sure how joeys was voted best hot dog in the valley by readers of phoenix magazine,0,"['im', 'really', 'sure', 'joeys', 'voted', 'best', 'hot', 'dog', 'valley', 'reader', 'phoenix', 'magazine']",12
the best place to go for a tasty bowl of pho,1,"['best', 'place', 'go', 'tasty', 'bowl', 'pho']",6
the live music on fridays totally blows,0,"['live', 'music', 'friday', 'totally', 'blow']",5
ive never been more insulted or felt disrespected,0,"['ive', 'never', 'insulted', 'felt', 'disrespected']",5
very friendly staff,1,"['friendly', 'staff']",2
it is worth the drive,1,"['worth', 'drive']",2
i had heard good things about this place but it exceeding every hope i could have dreamed of,1,"['heard', 'good', 'thing', 'place', 'exceeding', 'every', 'hope', 'could', 'dreamed']",9
food was great and so was the serivce,1,"['food', 'great', 'serivce']",3
the warm beer didnt help,0,"['warm', 'beer', 'didnt', 'help']",4
great brunch spot,1,"['great', 'brunch', 'spot']",3
service is friendly and inviting,1,"['service', 'friendly', 'inviting']",3
very good lunch spot,1,"['good', 'lunch', 'spot']",3
ive lived here since 1979 and this was the first and last time ive stepped foot into this place,0,"['ive', 'lived', 'since', '1979', 'first', 'last', 'time', 'ive', 'stepped', 'foot', 'place']",11
the worst experience ever,0,"['worst', 'experience', 'ever']",3
must have been an off night at this place,0,"['must', 'night', 'place']",3
the sides are delish  mixed mushrooms yukon gold puree white corn  beateous,1,"['side', 'delish', 'mixed', 'mushroom', 'yukon', 'gold', 'puree', 'white', 'corn', 'beateous']",10
if that bug never showed up i would have given a 4 for sure but on the other side of the wall where this bug was climbing was the kitchen,0,"['bug', 'never', 'showed', 'would', 'given', '4', 'sure', 'side', 'wall', 'bug', 'climbing', 'kitchen']",12
for about 10 minutes we were waiting for her salad when we realized that it wasnt coming any time soon,0,"['10', 'minute', 'waiting', 'salad', 'realized', 'wasnt', 'coming', 'time', 'soon']",9
my friend loved the salmon tartar,1,"['friend', 'loved', 'salmon', 'tartar']",4
wont go back,0,"['wont', 'go', 'back']",3
extremely tasty,1,"['extremely', 'tasty']",2
waitress was good though,1,"['waitress', 'good', 'though']",3
soggy and not good,0,"['soggy', 'good']",2
the jamaican mojitos are delicious,1,"['jamaican', 'mojitos', 'delicious']",3
which are small and not worth the price,0,"['small', 'worth', 'price']",3
 the food is rich so order accordingly,1,"['food', 'rich', 'order', 'accordingly']",4
the shower area is outside so you can only rinse not take a full shower unless you dont mind being nude for everyone to see,0,"['shower', 'area', 'outside', 'rinse', 'take', 'full', 'shower', 'unless', 'dont', 'mind', 'nude', 'everyone', 'see']",13
the service was a bit lacking,0,"['service', 'bit', 'lacking']",3
lobster bisque bussell sprouts risotto filet all needed salt and pepperand of course there is none at the tables,0,"['lobster', 'bisque', 'bussell', 'sprout', 'risotto', 'filet', 'needed', 'salt', 'pepperand', 'course', 'none', 'table']",12
hopefully this bodes for them going out of business and someone who can cook can come in,0,"['hopefully', 'bodes', 'going', 'business', 'someone', 'cook', 'come']",7
it was either too cold not enough flavor or just bad,0,"['either', 'cold', 'enough', 'flavor', 'bad']",5
i loved the bacon wrapped dates,1,"['loved', 'bacon', 'wrapped', 'date']",4
this is an unbelievable bargain,1,"['unbelievable', 'bargain']",2
the folks at otto always make us feel so welcome and special,1,"['folk', 'otto', 'always', 'make', 'u', 'feel', 'welcome', 'special']",8
as for the mains also uninspired,0,"['main', 'also', 'uninspired']",3
this is the place where i first had pho and it was amazing,1,"['place', 'first', 'pho', 'amazing']",4
this wonderful experience made this place a muststop whenever we are in town again,1,"['wonderful', 'experience', 'made', 'place', 'muststop', 'whenever', 'town']",7
if the food isnt bad enough for you then enjoy dealing with the worlds worstannoying drunk people,0,"['food', 'isnt', 'bad', 'enough', 'enjoy', 'dealing', 'world', 'worstannoying', 'drunk', 'people']",10
very very fun chef,1,"['fun', 'chef']",2
ordered a double cheeseburger  got a single patty that was falling apart picture uploaded yeah still sucks,0,"['ordered', 'double', 'cheeseburger', 'got', 'single', 'patty', 'falling', 'apart', 'picture', 'uploaded', 'yeah', 'still', 'suck']",13
great place to have a couple drinks and watch any and all sporting events as the walls are covered with tvs,1,"['great', 'place', 'couple', 'drink', 'watch', 'sporting', 'event', 'wall', 'covered', 'tv']",10
if it were possible to give them zero stars theyd have it,0,"['possible', 'give', 'zero', 'star', 'theyd']",5
the descriptions said yum yum sauce and another said eel sauce yet another said spicy mayowell none of the rolls had sauces on them,0,"['description', 'said', 'yum', 'yum', 'sauce', 'another', 'said', 'eel', 'sauce', 'yet', 'another', 'said', 'spicy', 'mayowell', 'none', 'roll', 'sauce']",17
id say that would be the hardest decision honestly all of ms dishes taste how they are supposed to taste amazing,1,"['id', 'say', 'would', 'hardest', 'decision', 'honestly', 'm', 'dish', 'taste', 'supposed', 'taste', 'amazing']",12
if she had not rolled the eyes we may have stayed not sure if we will go back and try it again,0,"['rolled', 'eye', 'may', 'stayed', 'sure', 'go', 'back', 'try']",8
everyone is very attentive providing excellent customer service,1,"['everyone', 'attentive', 'providing', 'excellent', 'customer', 'service']",6
horrible  dont waste your time and money,0,"['horrible', 'dont', 'waste', 'time', 'money']",5
now this dish was quite flavourful,1,"['dish', 'quite', 'flavourful']",3
by this time our side of the restaurant was almost empty so there was no excuse,0,"['time', 'side', 'restaurant', 'almost', 'empty', 'excuse']",6
it wasnt busy either also the building was freezing cold,0,"['wasnt', 'busy', 'either', 'also', 'building', 'freezing', 'cold']",7
like the other reviewer said you couldnt pay me to eat at this place again,0,"['like', 'reviewer', 'said', 'couldnt', 'pay', 'eat', 'place']",7
drinks took close to 30 minutes to come out at one point,0,"['drink', 'took', 'close', '30', 'minute', 'come', 'one', 'point']",8
seriously flavorful delights folks,1,"['seriously', 'flavorful', 'delight', 'folk']",4
much better than the other ayce sushi place i went to in vegas,1,"['much', 'better', 'ayce', 'sushi', 'place', 'went', 'vega']",7
the lighting is just dark enough to set the mood,1,"['lighting', 'dark', 'enough', 'set', 'mood']",5
based on the subpar service i received and no effort to show their gratitude for my business i wont be going back,0,"['based', 'subpar', 'service', 'received', 'effort', 'show', 'gratitude', 'business', 'wont', 'going', 'back']",11
owners are really great people,1,"['owner', 'really', 'great', 'people']",4
there is nothing privileged about workingeating there,0,"['nothing', 'privileged', 'workingeating']",3
the greek dressing was very creamy and flavorful,1,"['greek', 'dressing', 'creamy', 'flavorful']",4
overall i dont think that i would take my parents to this place again because they made most of the similar complaints that i silently felt too,0,"['overall', 'dont', 'think', 'would', 'take', 'parent', 'place', 'made', 'similar', 'complaint', 'silently', 'felt']",12
now the pizza itself was good the peanut sauce was very tasty,1,"['pizza', 'good', 'peanut', 'sauce', 'tasty']",5
we had 7 at our table and the service was pretty fast,1,"['7', 'table', 'service', 'pretty', 'fast']",5
fantastic service here,1,"['fantastic', 'service']",2
i as well wouldve given godfathers zero stars if possible,0,"['well', 'wouldve', 'given', 'godfather', 'zero', 'star', 'possible']",7
they know how to make them here,1,"['know', 'make']",2
very tough and very short on flavor,0,"['tough', 'short', 'flavor']",3
i hope this place sticks around,1,"['hope', 'place', 'stick', 'around']",4
i have been in more than a few bars in vegas and do not ever recall being charged for tap water,0,"['bar', 'vega', 'ever', 'recall', 'charged', 'tap', 'water']",7
the restaurant atmosphere was exquisite,1,"['restaurant', 'atmosphere', 'exquisite']",3
good service very clean and inexpensive to boot,1,"['good', 'service', 'clean', 'inexpensive', 'boot']",5
the seafood was fresh and generous in portion,1,"['seafood', 'fresh', 'generous', 'portion']",4
plus its only 8 bucks,1,"['plus', '8', 'buck']",3
the service was not up to par either,0,"['service', 'par', 'either']",3
thus far have only visited twice and the food was absolutely delicious each time,1,"['thus', 'far', 'visited', 'twice', 'food', 'absolutely', 'delicious', 'time']",8
just as good as when i had it more than a year ago,1,"['good', 'year', 'ago']",3
for a self proclaimed coffee cafe i was wildly disappointed,0,"['self', 'proclaimed', 'coffee', 'cafe', 'wildly', 'disappointed']",6
the veggitarian platter is out of this world,1,"['veggitarian', 'platter', 'world']",3
you cant go wrong with any of the food here,1,"['cant', 'go', 'wrong', 'food']",4
you cant beat that,1,"['cant', 'beat']",2
stopped by this place while in madison for the ironman very friendly kind staff,1,"['stopped', 'place', 'madison', 'ironman', 'friendly', 'kind', 'staff']",7
the chefs were friendly and did a good job,1,"['chef', 'friendly', 'good', 'job']",4
ive had better not only from dedicated boba tea spots but even from jenni pho,0,"['ive', 'better', 'dedicated', 'boba', 'tea', 'spot', 'even', 'jenni', 'pho']",9
i liked the patio and the service was outstanding,1,"['liked', 'patio', 'service', 'outstanding']",4
the goat taco didnt skimp on the meat and wow what flavor,1,"['goat', 'taco', 'didnt', 'skimp', 'meat', 'wow', 'flavor']",7
i think not again,0,['think'],1
i had the mac salad and it was pretty bland so i will not be getting that again,0,"['mac', 'salad', 'pretty', 'bland', 'getting']",5
i went to bachi burger on a friends recommendation and was not disappointed,1,"['went', 'bachi', 'burger', 'friend', 'recommendation', 'disappointed']",6
service stinks here,0,"['service', 'stink']",2
i waited and waited,0,"['waited', 'waited']",2
this place is not quality sushi it is not a quality restaurant,0,"['place', 'quality', 'sushi', 'quality', 'restaurant']",5
i would definitely recommend the wings as well as the pizza,1,"['would', 'definitely', 'recommend', 'wing', 'well', 'pizza']",6
great pizza and salads,1,"['great', 'pizza', 'salad']",3
things that went wrong  they burned the saganaki,0,"['thing', 'went', 'wrong', 'burned', 'saganaki']",5
we waited an hour for what was a breakfast i could have done 100 times better at home,0,"['waited', 'hour', 'breakfast', 'could', 'done', '100', 'time', 'better', 'home']",9
this place is amazing,1,"['place', 'amazing']",2
i hate to disagree with my fellow yelpers but my husband and i were so disappointed with this place,0,"['hate', 'disagree', 'fellow', 'yelpers', 'husband', 'disappointed', 'place']",7
waited 2 hours  never got either of our pizzas as many other around us who came in later did,0,"['waited', '2', 'hour', 'never', 'got', 'either', 'pizza', 'many', 'around', 'u', 'came', 'later']",12
just dont know why they were so slow,0,"['dont', 'know', 'slow']",3
the staff is great the food is delish and they have an incredible beer selection,1,"['staff', 'great', 'food', 'delish', 'incredible', 'beer', 'selection']",7
i live in the neighborhood so i am disappointed i wont be back here because it is a convenient location,0,"['live', 'neighborhood', 'disappointed', 'wont', 'back', 'convenient', 'location']",7
i didnt know pulled pork could be soooo delicious,1,"['didnt', 'know', 'pulled', 'pork', 'could', 'soooo', 'delicious']",7
you get incredibly fresh fish prepared with care,1,"['get', 'incredibly', 'fresh', 'fish', 'prepared', 'care']",6
before i go in to why i gave a 1 star rating please know that this was my third time eating at bachi burger before writing a review,0,"['go', 'gave', '1', 'star', 'rating', 'please', 'know', 'third', 'time', 'eating', 'bachi', 'burger', 'writing', 'review']",14
i love the fact that everything on their menu is worth it,1,"['love', 'fact', 'everything', 'menu', 'worth']",5
never again will i be dining at this place,0,"['never', 'dining', 'place']",3
the food was excellent and service was very good,1,"['food', 'excellent', 'service', 'good']",4
good beer  drink selection and good food selection,1,"['good', 'beer', 'drink', 'selection', 'good', 'food', 'selection']",7
please stay away from the shrimp stir fried noodles,0,"['please', 'stay', 'away', 'shrimp', 'stir', 'fried', 'noodle']",7
the potato chip order was sad i could probably count how many chips were in that box and it was probably around 12,0,"['potato', 'chip', 'order', 'sad', 'could', 'probably', 'count', 'many', 'chip', 'box', 'probably', 'around', '12']",13
food was really boring,0,"['food', 'really', 'boring']",3
good servicecheck,1,"['good', 'servicecheck']",2
this greedy corporation will never see another dime from me,0,"['greedy', 'corporation', 'never', 'see', 'another', 'dime']",6
will never ever go back,0,"['never', 'ever', 'go', 'back']",4
as much as id like to go back i cant get passed the atrocious service and will never return,0,"['much', 'id', 'like', 'go', 'back', 'cant', 'get', 'passed', 'atrocious', 'service', 'never', 'return']",12
in the summer you can dine in a charming outdoor patio  so very delightful,1,"['summer', 'dine', 'charming', 'outdoor', 'patio', 'delightful']",6
i did not expect this to be so good,1,"['expect', 'good']",2
fantastic food,1,"['fantastic', 'food']",2
she ordered a toasted english muffin that came out untoasted,0,"['ordered', 'toasted', 'english', 'muffin', 'came', 'untoasted']",6
the food was very good,1,"['food', 'good']",2
never going back,0,"['never', 'going', 'back']",3
great food for the price which is very high quality and house made,1,"['great', 'food', 'price', 'high', 'quality', 'house', 'made']",7
the bus boy on the other hand was so rude,0,"['bus', 'boy', 'hand', 'rude']",4
by this point my friends and i had basically figured out this place was a joke and didnt mind making it publicly and loudly known,0,"['point', 'friend', 'basically', 'figured', 'place', 'joke', 'didnt', 'mind', 'making', 'publicly', 'loudly', 'known']",12
back to good bbq lighter fare reasonable pricing and tell the public they are back to the old ways,1,"['back', 'good', 'bbq', 'lighter', 'fare', 'reasonable', 'pricing', 'tell', 'public', 'back', 'old', 'way']",12
and considering the two of us left there very full and happy for about 20 you just cant go wrong,1,"['considering', 'two', 'u', 'left', 'full', 'happy', '20', 'cant', 'go', 'wrong']",10
all the bread is made inhouse,1,"['bread', 'made', 'inhouse']",3
the only downside is the service,0,"['downside', 'service']",2
also the fries are without a doubt the worst fries ive ever had,0,"['also', 'fry', 'without', 'doubt', 'worst', 'fry', 'ive', 'ever']",8
service was exceptional and food was a good as all the reviews,1,"['service', 'exceptional', 'food', 'good', 'review']",5
a couple of months later i returned and had an amazing meal,1,"['couple', 'month', 'later', 'returned', 'amazing', 'meal']",6
favorite place in town for shawarrrrrrma,1,"['favorite', 'place', 'town', 'shawarrrrrrma']",4
the black eyed peas and sweet potatoes unreal,1,"['black', 'eyed', 'pea', 'sweet', 'potato', 'unreal']",6
you wont be disappointed,1,"['wont', 'disappointed']",2
they could serve it with just the vinaigrette and it may make for a better overall dish but it was still very good,1,"['could', 'serve', 'vinaigrette', 'may', 'make', 'better', 'overall', 'dish', 'still', 'good']",10
i go to far too many places and ive never seen any restaurant that serves a 1 egg breakfast especially for 400,0,"['go', 'far', 'many', 'place', 'ive', 'never', 'seen', 'restaurant', 'serf', '1', 'egg', 'breakfast', 'especially', '400']",14
when my mom and i got home she immediately got sick and she only had a few bites of salad,0,"['mom', 'got', 'home', 'immediately', 'got', 'sick', 'bite', 'salad']",8
the servers are not pleasant to deal with and they dont always honor pizza hut coupons,0,"['server', 'pleasant', 'deal', 'dont', 'always', 'honor', 'pizza', 'hut', 'coupon']",9
both of them were truly unbelievably good and i am so glad we went back,1,"['truly', 'unbelievably', 'good', 'glad', 'went', 'back']",6
we had fantastic service and were pleased by the atmosphere,1,"['fantastic', 'service', 'pleased', 'atmosphere']",4
everything was gross,0,"['everything', 'gross']",2
i love this place,1,"['love', 'place']",2
great service and food,1,"['great', 'service', 'food']",3
first  the bathrooms at this location were dirty seat covers were not replenished  just plain yucky,0,"['first', 'bathroom', 'location', 'dirty', 'seat', 'cover', 'replenished', 'plain', 'yucky']",9
the burger i got the gold standard a 17 burger and was kind of disappointed,0,"['burger', 'got', 'gold', 'standard', '17', 'burger', 'kind', 'disappointed']",8
omg the food was delicioso,1,"['omg', 'food', 'delicioso']",3
there is nothing authentic about this place,0,"['nothing', 'authentic', 'place']",3
the spaghetti is nothing special whatsoever,0,"['spaghetti', 'nothing', 'special', 'whatsoever']",4
of all the dishes the salmon was the best but all were great,1,"['dish', 'salmon', 'best', 'great']",4
the vegetables are so fresh and the sauce feels like authentic thai,1,"['vegetable', 'fresh', 'sauce', 'feel', 'like', 'authentic', 'thai']",7
its worth driving up from tucson,1,"['worth', 'driving', 'tucson']",3
the selection was probably the worst ive seen in vegasthere was none,0,"['selection', 'probably', 'worst', 'ive', 'seen', 'vegasthere', 'none']",7
pretty good beer selection too,1,"['pretty', 'good', 'beer', 'selection']",4
this place is like chipotle but better,1,"['place', 'like', 'chipotle', 'better']",4
classywarm atmosphere fun and fresh appetizers succulent steaks baseball steak,1,"['classywarm', 'atmosphere', 'fun', 'fresh', 'appetizer', 'succulent', 'steak', 'baseball', 'steak']",9
5 stars for the brick oven bread app,1,"['5', 'star', 'brick', 'oven', 'bread', 'app']",6
i have eaten here multiple times and each time the food was delicious,1,"['eaten', 'multiple', 'time', 'time', 'food', 'delicious']",6
we sat another ten minutes and finally gave up and left,0,"['sat', 'another', 'ten', 'minute', 'finally', 'gave', 'left']",7
he was terrible,0,['terrible'],1
everyone is treated equally special,1,"['everyone', 'treated', 'equally', 'special']",4
it shouldnt take 30 min for pancakes and eggs,0,"['shouldnt', 'take', '30', 'min', 'pancake', 'egg']",6
it was delicious,1,['delicious'],1
on the good side the staff was genuinely pleasant and enthusiastic  a real treat,1,"['good', 'side', 'staff', 'genuinely', 'pleasant', 'enthusiastic', 'real', 'treat']",8
sadly gordon ramseys steak is a place we shall sharply avoid during our next trip to vegas,0,"['sadly', 'gordon', 'ramseys', 'steak', 'place', 'shall', 'sharply', 'avoid', 'next', 'trip', 'vega']",11
as always the evening was wonderful and the food delicious,1,"['always', 'evening', 'wonderful', 'food', 'delicious']",5
best fish ive ever had in my life,1,"['best', 'fish', 'ive', 'ever', 'life']",5
the bathroom is just next door and very nice,1,"['bathroom', 'next', 'door', 'nice']",4
the buffet is small and all the food they offered was bland,0,"['buffet', 'small', 'food', 'offered', 'bland']",5
this is an outstanding little restaurant with some of the best food i have ever tasted,1,"['outstanding', 'little', 'restaurant', 'best', 'food', 'ever', 'tasted']",7
pretty cool i would say,1,"['pretty', 'cool', 'would', 'say']",4
definitely a turn off for me  i doubt ill be back unless someone else is buying,0,"['definitely', 'turn', 'doubt', 'ill', 'back', 'unless', 'someone', 'else', 'buying']",9
server did a great job handling our large rowdy table,1,"['server', 'great', 'job', 'handling', 'large', 'rowdy', 'table']",7
i find wasting food to be despicable but this just wasnt food,0,"['find', 'wasting', 'food', 'despicable', 'wasnt', 'food']",6
my wife had the lobster bisque soup which was lukewarm,0,"['wife', 'lobster', 'bisque', 'soup', 'lukewarm']",5
would come back again if i had a sushi craving while in vegas,1,"['would', 'come', 'back', 'sushi', 'craving', 'vega']",6
the staff are great the ambiance is great,1,"['staff', 'great', 'ambiance', 'great']",4
he deserves 5 stars,1,"['deserves', '5', 'star']",3
i left with a stomach ache and felt sick the rest of the day,0,"['left', 'stomach', 'ache', 'felt', 'sick', 'rest', 'day']",7
they dropped more than the ball,0,"['dropped', 'ball']",2
the dining space is tiny but elegantly decorated and comfortable,1,"['dining', 'space', 'tiny', 'elegantly', 'decorated', 'comfortable']",6
they will customize your order any way youd like my usual is eggplant with green bean stir fry love it,1,"['customize', 'order', 'way', 'youd', 'like', 'usual', 'eggplant', 'green', 'bean', 'stir', 'fry', 'love']",12
and the beans and rice were mediocre at best,0,"['bean', 'rice', 'mediocre', 'best']",4
best tacos in town by far,1,"['best', 'taco', 'town', 'far']",4
i took back my money and got outta there,0,"['took', 'back', 'money', 'got', 'outta']",5
in an interesting part of town this place is amazing,1,"['interesting', 'part', 'town', 'place', 'amazing']",5
rude  inconsiderate management,0,"['rude', 'inconsiderate', 'management']",3
the staff are now not as friendly the wait times for being served are horrible no one even says hi for the first 10 minutes,0,"['staff', 'friendly', 'wait', 'time', 'served', 'horrible', 'one', 'even', 'say', 'hi', 'first', '10', 'minute']",13
i wont be back,0,"['wont', 'back']",2
they have great dinners,1,"['great', 'dinner']",2
the service was outshining  i definitely recommend the halibut,1,"['service', 'outshining', 'definitely', 'recommend', 'halibut']",5
the food was terrible,0,"['food', 'terrible']",2
will never ever go back and have told many people what had happened,0,"['never', 'ever', 'go', 'back', 'told', 'many', 'people', 'happened']",8
i dont recommend unless your car breaks down in front of it and you are starving,0,"['dont', 'recommend', 'unless', 'car', 'break', 'front', 'starving']",7
i will come back here every time im in vegas,1,"['come', 'back', 'every', 'time', 'im', 'vega']",6
this place deserves one star and 90 has to do with the food,0,"['place', 'deserves', 'one', 'star', '90', 'food']",6
this is a disgrace,0,['disgrace'],1
def coming back to bowl next time,1,"['def', 'coming', 'back', 'bowl', 'next', 'time']",6
if you want healthy authentic or ethic food try this place,1,"['want', 'healthy', 'authentic', 'ethic', 'food', 'try', 'place']",7
i will continue to come here on ladies night andddd date night  highly recommend this place to anyone who is in the area ,1,"['continue', 'come', 'lady', 'night', 'andddd', 'date', 'night', 'highly', 'recommend', 'place', 'anyone', 'area']",12
i have been here several times in the past and the experience has always been great,1,"['several', 'time', 'past', 'experience', 'always', 'great']",6
we walked away stuffed and happy about our first vegas buffet experience,1,"['walked', 'away', 'stuffed', 'happy', 'first', 'vega', 'buffet', 'experience']",8
service was excellent and prices are pretty reasonable considering this is vegas and located inside the crystals shopping mall by aria,1,"['service', 'excellent', 'price', 'pretty', 'reasonable', 'considering', 'vega', 'located', 'inside', 'crystal', 'shopping', 'mall', 'aria']",13
to summarize the food was incredible nay transcendant but nothing brings me joy quite like the memory of the pneumatic condiment dispenser,1,"['summarize', 'food', 'incredible', 'nay', 'transcendant', 'nothing', 'brings', 'joy', 'quite', 'like', 'memory', 'pneumatic', 'condiment', 'dispenser']",14
im probably one of the few people to ever go to ians and not like it,0,"['im', 'probably', 'one', 'people', 'ever', 'go', 'ians', 'like']",8
kids pizza is always a hit too with lots of great side dish options for the kiddos,1,"['kid', 'pizza', 'always', 'hit', 'lot', 'great', 'side', 'dish', 'option', 'kiddos']",10
service is perfect and the family atmosphere is nice to see,1,"['service', 'perfect', 'family', 'atmosphere', 'nice', 'see']",6
cooked to perfection and the service was impeccable,1,"['cooked', 'perfection', 'service', 'impeccable']",4
this one is simply a disappointment,0,"['one', 'simply', 'disappointment']",3
overall i was very disappointed with the quality of food at bouchon,0,"['overall', 'disappointed', 'quality', 'food', 'bouchon']",5
i dont have to be an accountant to know im getting screwed,0,"['dont', 'accountant', 'know', 'im', 'getting', 'screwed']",6
great place to eat reminds me of the little mom and pop shops in the san francisco bay area,1,"['great', 'place', 'eat', 'reminds', 'little', 'mom', 'pop', 'shop', 'san', 'francisco', 'bay', 'area']",12
today was my first taste of a buldogis gourmet hot dog and i have to tell you it was more than i ever thought possible,1,"['today', 'first', 'taste', 'buldogis', 'gourmet', 'hot', 'dog', 'tell', 'ever', 'thought', 'possible']",11
left very frustrated,0,"['left', 'frustrated']",2
ill definitely be in soon again,1,"['ill', 'definitely', 'soon']",3
food was really good and i got full petty fast,1,"['food', 'really', 'good', 'got', 'full', 'petty', 'fast']",7
service was fantastic,1,"['service', 'fantastic']",2
total waste of time,0,"['total', 'waste', 'time']",3
i dont know what kind it is but they have the best iced tea,1,"['dont', 'know', 'kind', 'best', 'iced', 'tea']",6
come hungry leave happy and stuffed,1,"['come', 'hungry', 'leave', 'happy', 'stuffed']",5
for service i give them no stars,0,"['service', 'give', 'star']",3
i can assure you that you wont be disappointed,1,"['assure', 'wont', 'disappointed']",3
i can take a little bad service but the food sucks,0,"['take', 'little', 'bad', 'service', 'food', 'suck']",6
gave up trying to eat any of the crust teeth still sore,0,"['gave', 'trying', 'eat', 'crust', 'teeth', 'still', 'sore']",7
but now i was completely grossed out,0,"['completely', 'grossed']",2
i really enjoyed eating here,1,"['really', 'enjoyed', 'eating']",3
first time going but i think i will quickly become a regular,1,"['first', 'time', 'going', 'think', 'quickly', 'become', 'regular']",7
our server was very nice and even though he looked a little overwhelmed with all of our needs he stayed professional and friendly until the end,1,"['server', 'nice', 'even', 'though', 'looked', 'little', 'overwhelmed', 'need', 'stayed', 'professional', 'friendly', 'end']",12
from what my dinner companions told meeverything was very fresh with nice texture and taste,1,"['dinner', 'companion', 'told', 'meeverything', 'fresh', 'nice', 'texture', 'taste']",8
on the ground right next to our table was a large smeared beensteppedinandtrackedeverywhere pile of green bird poop,0,"['ground', 'right', 'next', 'table', 'large', 'smeared', 'beensteppedinandtrackedeverywhere', 'pile', 'green', 'bird', 'poop']",11
furthermore you cant even find hours of operation on the website,0,"['furthermore', 'cant', 'even', 'find', 'hour', 'operation', 'website']",7
weve tried to like this place but after 10 times i think were done with them,0,"['weve', 'tried', 'like', 'place', '10', 'time', 'think', 'done']",8
what a mistake that was,0,['mistake'],1
no complaints,1,['complaint'],1
this is some seriously good pizza and im an expertconnisseur on the topic,1,"['seriously', 'good', 'pizza', 'im', 'expertconnisseur', 'topic']",6
waiter was a jerk,0,"['waiter', 'jerk']",2
strike 2 who wants to be rushed,0,"['strike', '2', 'want', 'rushed']",4
these are the nicest restaurant owners ive ever come across,1,"['nicest', 'restaurant', 'owner', 'ive', 'ever', 'come', 'across']",7
i never come again,0,"['never', 'come']",2
we loved the biscuits,1,"['loved', 'biscuit']",2
service is quick and friendly,1,"['service', 'quick', 'friendly']",3
ordered an appetizer and took 40 minutes and then the pizza another 10 minutes,0,"['ordered', 'appetizer', 'took', '40', 'minute', 'pizza', 'another', '10', 'minute']",9
so absolutley fantastic,1,"['absolutley', 'fantastic']",2
it was a huge awkward 15lb piece of cow that was 34ths gristle and fat,0,"['huge', 'awkward', '15lb', 'piece', 'cow', '34ths', 'gristle', 'fat']",8
definitely will come back here again,1,"['definitely', 'come', 'back']",3
i like steiners because its dark and it feels like a bar,1,"['like', 'steiner', 'dark', 'feel', 'like', 'bar']",6
wow very spicy but delicious,1,"['wow', 'spicy', 'delicious']",3
if youre not familiar check it out,1,"['youre', 'familiar', 'check']",3
ill take my business dinner dollars elsewhere,0,"['ill', 'take', 'business', 'dinner', 'dollar', 'elsewhere']",6
id love to go back,1,"['id', 'love', 'go', 'back']",4
anyway this fs restaurant has a wonderful breakfastlunch,1,"['anyway', 'f', 'restaurant', 'wonderful', 'breakfastlunch']",5
nothing special,0,"['nothing', 'special']",2
each day of the week they have a different deal and its all so delicious,1,"['day', 'week', 'different', 'deal', 'delicious']",5
not to mention the combination of pears almonds and bacon is a big winner,1,"['mention', 'combination', 'pear', 'almond', 'bacon', 'big', 'winner']",7
will not be back,0,['back'],1
sauce was tasteless,0,"['sauce', 'tasteless']",2
the food is delicious and just spicy enough so be sure to ask for spicier if you prefer it that way,1,"['food', 'delicious', 'spicy', 'enough', 'sure', 'ask', 'spicier', 'prefer', 'way']",9
my ribeye steak was cooked perfectly and had great mesquite flavor,1,"['ribeye', 'steak', 'cooked', 'perfectly', 'great', 'mesquite', 'flavor']",7
i dont think well be going back anytime soon,0,"['dont', 'think', 'well', 'going', 'back', 'anytime', 'soon']",7
food was so gooodd,1,"['food', 'gooodd']",2
i am far from a sushi connoisseur but i can definitely tell the difference between good food and bad food and this was certainly bad food,0,"['far', 'sushi', 'connoisseur', 'definitely', 'tell', 'difference', 'good', 'food', 'bad', 'food', 'certainly', 'bad', 'food']",13
i was so insulted,0,['insulted'],1
the last 3 times i had lunch here has been bad,0,"['last', '3', 'time', 'lunch', 'bad']",5
the chicken wings contained the driest chicken meat i have ever eaten,0,"['chicken', 'wing', 'contained', 'driest', 'chicken', 'meat', 'ever', 'eaten']",8
the food was very good and i enjoyed every mouthful an enjoyable relaxed venue for couples small family groups etc,1,"['food', 'good', 'enjoyed', 'every', 'mouthful', 'enjoyable', 'relaxed', 'venue', 'couple', 'small', 'family', 'group', 'etc']",13
nargile  i think you are great,1,"['nargile', 'think', 'great']",3
best tater tots in the southwest,1,"['best', 'tater', 'tot', 'southwest']",4
we loved the place,1,"['loved', 'place']",2
definitely not worth the 3 i paid,0,"['definitely', 'worth', '3', 'paid']",4
the vanilla ice cream was creamy and smooth while the profiterole choux pastry was fresh enough,1,"['vanilla', 'ice', 'cream', 'creamy', 'smooth', 'profiterole', 'chou', 'pastry', 'fresh', 'enough']",10
im in az all the time and now have my new spot,1,"['im', 'az', 'time', 'new', 'spot']",5
the manager was the worst,0,"['manager', 'worst']",2
the inside is really quite nice and very clean,1,"['inside', 'really', 'quite', 'nice', 'clean']",5
the food was outstanding and the prices were very reasonable,1,"['food', 'outstanding', 'price', 'reasonable']",4
i dont think ill be running back to carlys anytime soon for food,0,"['dont', 'think', 'ill', 'running', 'back', 'carlys', 'anytime', 'soon', 'food']",9
this is was due to the fact that it took 20 minutes to be acknowledged then another 35 minutes to get our foodand they kept forgetting things,0,"['due', 'fact', 'took', '20', 'minute', 'acknowledged', 'another', '35', 'minute', 'get', 'foodand', 'kept', 'forgetting', 'thing']",14
love the margaritas too,1,"['love', 'margarita']",2
this was my first and only vegas buffet and it did not disappoint,1,"['first', 'vega', 'buffet', 'disappoint']",4
very good though,1,"['good', 'though']",2
the one down note is the ventilation could use some upgrading,0,"['one', 'note', 'ventilation', 'could', 'use', 'upgrading']",6
great pork sandwich,1,"['great', 'pork', 'sandwich']",3
dont waste your time here,0,"['dont', 'waste', 'time']",3
total letdown i would much rather just go to the camelback flower shop and cartel coffee,0,"['total', 'letdown', 'would', 'much', 'rather', 'go', 'camelback', 'flower', 'shop', 'cartel', 'coffee']",11
third the cheese on my friends burger was cold,0,"['third', 'cheese', 'friend', 'burger', 'cold']",5
we enjoy their pizza and brunch,1,"['enjoy', 'pizza', 'brunch']",3
the steaks are all well trimmed and also perfectly cooked,1,"['steak', 'well', 'trimmed', 'also', 'perfectly', 'cooked']",6
we had a group of 70 when we claimed we would only have 40 and they handled us beautifully,1,"['group', '70', 'claimed', 'would', '40', 'handled', 'u', 'beautifully']",8
i loved it,1,['loved'],1
we asked for the bill to leave without eating and they didnt bring that either,0,"['asked', 'bill', 'leave', 'without', 'eating', 'didnt', 'bring', 'either']",8
this place is a jewel in las vegas and exactly what ive been hoping to find in nearly ten years living here,1,"['place', 'jewel', 'la', 'vega', 'exactly', 'ive', 'hoping', 'find', 'nearly', 'ten', 'year', 'living']",12
seafood was limited to boiled shrimp and crab legs but the crab legs definitely did not taste fresh,0,"['seafood', 'limited', 'boiled', 'shrimp', 'crab', 'leg', 'crab', 'leg', 'definitely', 'taste', 'fresh']",11
the selection of food was not the best,0,"['selection', 'food', 'best']",3
delicious and i will absolutely be back,1,"['delicious', 'absolutely', 'back']",3
this isnt a small family restaurant this is a fine dining establishment,1,"['isnt', 'small', 'family', 'restaurant', 'fine', 'dining', 'establishment']",7
they had a toro tartare with a cavier that was extraordinary and i liked the thinly sliced wagyu with white truffle,1,"['toro', 'tartare', 'cavier', 'extraordinary', 'liked', 'thinly', 'sliced', 'wagyu', 'white', 'truffle']",10
i dont think i will be back for a very long time,0,"['dont', 'think', 'back', 'long', 'time']",5
it was attached to a gas station and that is rarely a good sign,0,"['attached', 'gas', 'station', 'rarely', 'good', 'sign']",6
how awesome is that,1,['awesome'],1
i will be back many times soon,1,"['back', 'many', 'time', 'soon']",4
the menu had so much good stuff on it i could not decide,1,"['menu', 'much', 'good', 'stuff', 'could', 'decide']",6
worse of all he humiliated his worker right in front of mebunch of horrible name callings,0,"['worse', 'humiliated', 'worker', 'right', 'front', 'mebunch', 'horrible', 'name', 'calling']",9
conclusion very filling meals,1,"['conclusion', 'filling', 'meal']",3
their daily specials are always a hit with my group,1,"['daily', 'special', 'always', 'hit', 'group']",5
and then tragedy struck,0,"['tragedy', 'struck']",2
the pancake was also really good and pretty large at that,1,"['pancake', 'also', 'really', 'good', 'pretty', 'large']",6
this was my first crawfish experience and it was delicious,1,"['first', 'crawfish', 'experience', 'delicious']",4
their monster chicken fried steak and eggs is my all time favorite,1,"['monster', 'chicken', 'fried', 'steak', 'egg', 'time', 'favorite']",7
waitress was sweet and funny,1,"['waitress', 'sweet', 'funny']",3
i also had to taste my moms multigrain pumpkin pancakes with pecan butter and they were amazing fluffy and delicious,1,"['also', 'taste', 'mom', 'multigrain', 'pumpkin', 'pancake', 'pecan', 'butter', 'amazing', 'fluffy', 'delicious']",11
id rather eat airline food seriously,0,"['id', 'rather', 'eat', 'airline', 'food', 'seriously']",6
cant say enough good things about this place,1,"['cant', 'say', 'enough', 'good', 'thing', 'place']",6
the ambiance was incredible,1,"['ambiance', 'incredible']",2
the waitress and manager are so friendly,1,"['waitress', 'manager', 'friendly']",3
i would not recommend this place,0,"['would', 'recommend', 'place']",3
overall i wasnt very impressed with noca,0,"['overall', 'wasnt', 'impressed', 'noca']",4
my gyro was basically lettuce only,0,"['gyro', 'basically', 'lettuce']",3
terrible service,0,"['terrible', 'service']",2
thoroughly disappointed,0,"['thoroughly', 'disappointed']",2
i dont each much pasta but i love the homemade hand made pastas and thin pizzas here,1,"['dont', 'much', 'pasta', 'love', 'homemade', 'hand', 'made', 'pasta', 'thin', 'pizza']",10
give it a try you will be happy you did,1,"['give', 'try', 'happy']",3
by far the best cheesecurds we have ever had,1,"['far', 'best', 'cheesecurds', 'ever']",4
reasonably priced also,1,"['reasonably', 'priced', 'also']",3
everything was perfect the night we were in,1,"['everything', 'perfect', 'night']",3
the food is very good for your typical bar food,1,"['food', 'good', 'typical', 'bar', 'food']",5
it was a drive to get there,0,"['drive', 'get']",2
at first glance it is a lovely bakery cafe  nice ambiance clean friendly staff,1,"['first', 'glance', 'lovely', 'bakery', 'cafe', 'nice', 'ambiance', 'clean', 'friendly', 'staff']",10
anyway i do not think i will go back there,0,"['anyway', 'think', 'go', 'back']",4
point your finger at any item on the menu order it and you wont be disappointed,1,"['point', 'finger', 'item', 'menu', 'order', 'wont', 'disappointed']",7
oh this is such a thing of beauty this restaurant,1,"['oh', 'thing', 'beauty', 'restaurant']",4
if you havent gone here go now,1,"['havent', 'gone', 'go']",3
a greasy unhealthy meal,0,"['greasy', 'unhealthy', 'meal']",3
first time there and might just be the last,0,"['first', 'time', 'might', 'last']",4
those burgers were amazing,1,"['burger', 'amazing']",2
similarly the delivery man did not say a word of apology when our food was 45 minutes late,0,"['similarly', 'delivery', 'man', 'say', 'word', 'apology', 'food', '45', 'minute', 'late']",10
and it was way to expensive,0,"['way', 'expensive']",2
be sure to order dessert even if you need to pack it togo  the tiramisu and cannoli are both to die for,1,"['sure', 'order', 'dessert', 'even', 'need', 'pack', 'togo', 'tiramisu', 'cannoli', 'die']",10
this was my first time and i cant wait until the next,1,"['first', 'time', 'cant', 'wait', 'next']",5
the bartender was also nice,1,"['bartender', 'also', 'nice']",3
everything was good and tasty,1,"['everything', 'good', 'tasty']",3
this place is two thumbs upway up,1,"['place', 'two', 'thumb', 'upway']",4
the best place in vegas for breakfast just check out a sat or sun,1,"['best', 'place', 'vega', 'breakfast', 'check', 'sat', 'sun']",7
if you love authentic mexican food and want a whole bunch of interesting yet delicious meats to choose from you need to try this place,1,"['love', 'authentic', 'mexican', 'food', 'want', 'whole', 'bunch', 'interesting', 'yet', 'delicious', 'meat', 'choose', 'need', 'try', 'place']",15
terrible management,0,"['terrible', 'management']",2
an excellent new restaurant by an experienced frenchman,1,"['excellent', 'new', 'restaurant', 'experienced', 'frenchman']",5
if there were zero stars i would give it zero stars,0,"['zero', 'star', 'would', 'give', 'zero', 'star']",6
great steak great sides great wine amazing desserts,1,"['great', 'steak', 'great', 'side', 'great', 'wine', 'amazing', 'dessert']",8
worst martini ever,0,"['worst', 'martini', 'ever']",3
the steak and the shrimp are in my opinion the best entrees at gc,1,"['steak', 'shrimp', 'opinion', 'best', 'entree', 'gc']",6
i had the opportunity today to sample your amazing pizzas,1,"['opportunity', 'today', 'sample', 'amazing', 'pizza']",5
we waited for thirty minutes to be seated although there were 8 vacant tables and we were the only folks waiting,0,"['waited', 'thirty', 'minute', 'seated', 'although', '8', 'vacant', 'table', 'folk', 'waiting']",10
the yellowtail carpaccio was melt in your mouth fresh,1,"['yellowtail', 'carpaccio', 'melt', 'mouth', 'fresh']",5
i wont try going back there even if its empty,0,"['wont', 'try', 'going', 'back', 'even', 'empty']",6
no im going to eat the potato that i found some strangers hair in it,0,"['im', 'going', 'eat', 'potato', 'found', 'stranger', 'hair']",7
just spicy enough perfect actually,1,"['spicy', 'enough', 'perfect', 'actually']",4
last night was my second time dining here and i was so happy i decided to go back,1,"['last', 'night', 'second', 'time', 'dining', 'happy', 'decided', 'go', 'back']",9
not even a hello we will be right with you,0,"['even', 'hello', 'right']",3
the desserts were a bit strange,0,"['dessert', 'bit', 'strange']",3
my boyfriend and i came here for the first time on a recent trip to vegas and could not have been more pleased with the quality of food and service,1,"['boyfriend', 'came', 'first', 'time', 'recent', 'trip', 'vega', 'could', 'pleased', 'quality', 'food', 'service']",12
i really do recommend this place you can go wrong with this donut place,1,"['really', 'recommend', 'place', 'go', 'wrong', 'donut', 'place']",7
nice ambiance,1,"['nice', 'ambiance']",2
i would recommend saving room for this,1,"['would', 'recommend', 'saving', 'room']",4
i guess maybe we went on an off night but it was disgraceful,0,"['guess', 'maybe', 'went', 'night', 'disgraceful']",5
however my recent experience at this particular location was not so good,0,"['however', 'recent', 'experience', 'particular', 'location', 'good']",6
i know this is not like the other restaurants at all something is very off here,0,"['know', 'like', 'restaurant', 'something']",4
avoid this establishment,0,"['avoid', 'establishment']",2
i think this restaurant suffers from not trying hard enough,0,"['think', 'restaurant', 'suffers', 'trying', 'hard', 'enough']",6
all of the tapas dishes were delicious,1,"['tapa', 'dish', 'delicious']",3
i heart this place,1,"['heart', 'place']",2
my salad had a bland vinegrette on the baby greens and hearts of palm,0,"['salad', 'bland', 'vinegrette', 'baby', 'green', 'heart', 'palm']",7
after two i felt disgusting,0,"['two', 'felt', 'disgusting']",3
a good time,1,"['good', 'time']",2
i believe that this place is a great stop for those with a huge belly and hankering for sushi,1,"['believe', 'place', 'great', 'stop', 'huge', 'belly', 'hankering', 'sushi']",8
generous portions and great taste,1,"['generous', 'portion', 'great', 'taste']",4
i will never go back to this place and will never ever recommended this place to anyone,0,"['never', 'go', 'back', 'place', 'never', 'ever', 'recommended', 'place', 'anyone']",9
the servers went back and forth several times not even so much as an are you being helped,0,"['server', 'went', 'back', 'forth', 'several', 'time', 'even', 'much', 'helped']",9
food was delicious,1,"['food', 'delicious']",2
an hour seriously,0,"['hour', 'seriously']",2
i consider this theft,0,"['consider', 'theft']",2
eew this location needs a complete overhaul,0,"['eew', 'location', 'need', 'complete', 'overhaul']",5
we recently witnessed her poor quality of management towards other guests as well,0,"['recently', 'witnessed', 'poor', 'quality', 'management', 'towards', 'guest', 'well']",8
waited and waited and waited,0,"['waited', 'waited', 'waited']",3
he also came back to check on us regularly excellent service,1,"['also', 'came', 'back', 'check', 'u', 'regularly', 'excellent', 'service']",8
our server was super nice and checked on us many times,1,"['server', 'super', 'nice', 'checked', 'u', 'many', 'time']",7
the pizza tasted old super chewy in not a good way,0,"['pizza', 'tasted', 'old', 'super', 'chewy', 'good', 'way']",7
i swung in to give them a try but was deeply disappointed,0,"['swung', 'give', 'try', 'deeply', 'disappointed']",5
service was good and the company was better,1,"['service', 'good', 'company', 'better']",4
the staff are also very friendly and efficient,1,"['staff', 'also', 'friendly', 'efficient']",4
as for the service im a fan because its quick and youre being served by some nice folks,1,"['service', 'im', 'fan', 'quick', 'youre', 'served', 'nice', 'folk']",8
boy was that sucker dry,0,"['boy', 'sucker', 'dry']",3
over rated,0,['rated'],1
if you look for authentic thai food go else where,0,"['look', 'authentic', 'thai', 'food', 'go', 'else']",6
their steaks are 100 recommended,1,"['steak', '100', 'recommended']",3
after i pulled up my car i waited for another 15 minutes before being acknowledged,0,"['pulled', 'car', 'waited', 'another', '15', 'minute', 'acknowledged']",7
great food and great service in a clean and friendly setting,1,"['great', 'food', 'great', 'service', 'clean', 'friendly', 'setting']",7
all in all i can assure you ill be back,1,"['assure', 'ill', 'back']",3
i hate those things as much as cheap quality black olives,0,"['hate', 'thing', 'much', 'cheap', 'quality', 'black', 'olive']",7
my breakfast was perpared great with a beautiful presentation of 3 giant slices of toast lightly dusted with powdered sugar,1,"['breakfast', 'perpared', 'great', 'beautiful', 'presentation', '3', 'giant', 'slice', 'toast', 'lightly', 'dusted', 'powdered', 'sugar']",13
the kids play area is nasty,0,"['kid', 'play', 'area', 'nasty']",4
great place fo take out or eat in,1,"['great', 'place', 'fo', 'take', 'eat']",5
the waitress was friendly and happy to accomodate for veganveggie options,1,"['waitress', 'friendly', 'happy', 'accomodate', 'veganveggie', 'option']",6
omg i felt like i had never eaten thai food until this dish,1,"['omg', 'felt', 'like', 'never', 'eaten', 'thai', 'food', 'dish']",8
it was extremely crumby and pretty tasteless,0,"['extremely', 'crumby', 'pretty', 'tasteless']",4
it was a pale color instead of nice and char and has no flavor,0,"['pale', 'color', 'instead', 'nice', 'char', 'flavor']",6
the croutons also taste homemade which is an extra plus,1,"['crouton', 'also', 'taste', 'homemade', 'extra', 'plus']",6
i got home to see the driest damn wings ever,0,"['got', 'home', 'see', 'driest', 'damn', 'wing', 'ever']",7
itll be a regular stop on my trips to phoenix,1,"['itll', 'regular', 'stop', 'trip', 'phoenix']",5
i really enjoyed crema café before they expanded i even told friends they had the best breakfast,1,"['really', 'enjoyed', 'crema', 'café', 'expanded', 'even', 'told', 'friend', 'best', 'breakfast']",10
not good for the money,0,"['good', 'money']",2
i miss it and wish they had one in philadelphia,1,"['miss', 'wish', 'one', 'philadelphia']",4
we got sitting fairly fast but ended up waiting 40 minutes just to place our order another 30 minutes before the food arrived,0,"['got', 'sitting', 'fairly', 'fast', 'ended', 'waiting', '40', 'minute', 'place', 'order', 'another', '30', 'minute', 'food', 'arrived']",15
they also have the best cheese crisp in town,1,"['also', 'best', 'cheese', 'crisp', 'town']",5
good value great food great service,1,"['good', 'value', 'great', 'food', 'great', 'service']",6
couldnt ask for a more satisfying meal,1,"['couldnt', 'ask', 'satisfying', 'meal']",4
the food is good,1,"['food', 'good']",2
it was awesome,1,['awesome'],1
i just wanted to leave,0,"['wanted', 'leave']",2
we made the drive all the way from north scottsdale and i was not one bit disappointed,1,"['made', 'drive', 'way', 'north', 'scottsdale', 'one', 'bit', 'disappointed']",8
i will not be eating there again,0,['eating'],1
the owners really really need to quit being soooooo cheap let them wrap my freaking sandwich in two papers not one,0,"['owner', 'really', 'really', 'need', 'quit', 'soooooo', 'cheap', 'let', 'wrap', 'freaking', 'sandwich', 'two', 'paper', 'one']",14
i checked out this place a couple years ago and was not impressed,0,"['checked', 'place', 'couple', 'year', 'ago', 'impressed']",6
the chicken i got was definitely reheated and was only ok the wedges were cold and soggy,0,"['chicken', 'got', 'definitely', 'reheated', 'ok', 'wedge', 'cold', 'soggy']",8
sorry i will not be getting food from here anytime soon ,0,"['sorry', 'getting', 'food', 'anytime', 'soon']",5
an absolute must visit,1,"['absolute', 'must', 'visit']",3
the cow tongue and cheek tacos are amazing,1,"['cow', 'tongue', 'cheek', 'taco', 'amazing']",5
my friend did not like his bloody mary,0,"['friend', 'like', 'bloody', 'mary']",4
despite how hard i rate businesses its actually rare for me to give a 1 star,0,"['despite', 'hard', 'rate', 'business', 'actually', 'rare', 'give', '1', 'star']",9
they really want to make your experience a good one,1,"['really', 'want', 'make', 'experience', 'good', 'one']",6
i will not return,0,['return'],1
i had the chicken pho and it tasted very bland,0,"['chicken', 'pho', 'tasted', 'bland']",4
very disappointing,0,['disappointing'],1
the grilled chicken was so tender and yellow from the saffron seasoning,1,"['grilled', 'chicken', 'tender', 'yellow', 'saffron', 'seasoning']",6
a drive thru means you do not want to wait around for half an hour for your food but somehow when we end up going here they make us wait and wait,0,"['drive', 'thru', 'mean', 'want', 'wait', 'around', 'half', 'hour', 'food', 'somehow', 'end', 'going', 'make', 'u', 'wait', 'wait']",16
pretty awesome place,1,"['pretty', 'awesome', 'place']",3
ambience is perfect,1,"['ambience', 'perfect']",2
best of luck to the rude and noncustomer service focused new management,0,"['best', 'luck', 'rude', 'noncustomer', 'service', 'focused', 'new', 'management']",8
any grandmother can make a roasted chicken better than this one,0,"['grandmother', 'make', 'roasted', 'chicken', 'better', 'one']",6
i asked multiple times for the wine list and after some time of being ignored i went to the hostess and got one myself,0,"['asked', 'multiple', 'time', 'wine', 'list', 'time', 'ignored', 'went', 'hostess', 'got', 'one']",11
the staff is always super friendly and helpful which is especially cool when you bring two small boys and a baby,1,"['staff', 'always', 'super', 'friendly', 'helpful', 'especially', 'cool', 'bring', 'two', 'small', 'boy', 'baby']",12
four stars for the food  the guy in the blue shirt for his great vibe  still letting us in to eat ,1,"['four', 'star', 'food', 'guy', 'blue', 'shirt', 'great', 'vibe', 'still', 'letting', 'u', 'eat']",12
the roast beef sandwich tasted really good,1,"['roast', 'beef', 'sandwich', 'tasted', 'really', 'good']",6
same evening him and i are both drastically sick,0,"['evening', 'drastically', 'sick']",3
highquality chicken on the chicken caesar salad,1,"['highquality', 'chicken', 'chicken', 'caesar', 'salad']",5
ordered burger rare came in well done,0,"['ordered', 'burger', 'rare', 'came', 'well', 'done']",6
we were promptly greeted and seated,1,"['promptly', 'greeted', 'seated']",3
tried to go here for lunch and it was a madhouse,0,"['tried', 'go', 'lunch', 'madhouse']",4
i was proven dead wrong by this sushi bar not only because the quality is great but the service is fast and the food impeccable,1,"['proven', 'dead', 'wrong', 'sushi', 'bar', 'quality', 'great', 'service', 'fast', 'food', 'impeccable']",11
after waiting an hour and being seated i was not in the greatest of moods,0,"['waiting', 'hour', 'seated', 'greatest', 'mood']",5
this is a good joint,1,"['good', 'joint']",2
the macarons here are insanely good,1,"['macarons', 'insanely', 'good']",3
im not eating here,0,"['im', 'eating']",2
our waiter was very attentive friendly and informative,1,"['waiter', 'attentive', 'friendly', 'informative']",4
maybe if they werent cold they would have been somewhat edible,0,"['maybe', 'werent', 'cold', 'would', 'somewhat', 'edible']",6
this place has a lot of promise but fails to deliver,0,"['place', 'lot', 'promise', 'fails', 'deliver']",5
very bad experience,0,"['bad', 'experience']",2
what a mistake,0,['mistake'],1
food was average at best,0,"['food', 'average', 'best']",3
great food,1,"['great', 'food']",2
we wont be going back anytime soon,0,"['wont', 'going', 'back', 'anytime', 'soon']",5
very very disappointed ordered the 35 big bay plater,0,"['disappointed', 'ordered', '35', 'big', 'bay', 'plater']",6
great place to relax and have an awesome burger and beer,1,"['great', 'place', 'relax', 'awesome', 'burger', 'beer']",6
it is perfect for a sitdown family meal or get together with a few friends,1,"['perfect', 'sitdown', 'family', 'meal', 'get', 'together', 'friend']",7
not much flavor to them and very poorly constructed,0,"['much', 'flavor', 'poorly', 'constructed']",4
the patio seating was very comfortable,1,"['patio', 'seating', 'comfortable']",3
the fried rice was dry as well,0,"['fried', 'rice', 'dry', 'well']",4
hands down my favorite italian restaurant,1,"['hand', 'favorite', 'italian', 'restaurant']",4
that just screams legit in my booksomethats also pretty rare here in vegas,1,"['scream', 'legit', 'booksomethats', 'also', 'pretty', 'rare', 'vega']",7
it was just not a fun experience,1,"['fun', 'experience']",2
the atmosphere was great with a lovely duo of violinists playing songs we requested,1,"['atmosphere', 'great', 'lovely', 'duo', 'violinist', 'playing', 'song', 'requested']",8
i personally love the hummus pita baklava falafels and baba ganoush its amazing what they do with eggplant,1,"['personally', 'love', 'hummus', 'pita', 'baklava', 'falafel', 'baba', 'ganoush', 'amazing', 'eggplant']",10
very convenient since we were staying at the mgm,1,"['convenient', 'since', 'staying', 'mgm']",4
the owners are super friendly and the staff is courteous,1,"['owner', 'super', 'friendly', 'staff', 'courteous']",5
both great,1,['great'],1
eclectic selection,1,"['eclectic', 'selection']",2
the sweet potato tots were good but the onion rings were perfection or as close as i have had,1,"['sweet', 'potato', 'tot', 'good', 'onion', 'ring', 'perfection', 'close']",8
the staff was very attentive,1,"['staff', 'attentive']",2
and the chef was generous with his time even came around twice so we can take pictures with him,1,"['chef', 'generous', 'time', 'even', 'came', 'around', 'twice', 'take', 'picture']",9
the owner used to work at nobu so this place is really similar for half the price,1,"['owner', 'used', 'work', 'nobu', 'place', 'really', 'similar', 'half', 'price']",9
google mediocre and i imagine smashburger will pop up,0,"['google', 'mediocre', 'imagine', 'smashburger', 'pop']",5
dont go here,0,"['dont', 'go']",2
i promise they wont disappoint,1,"['promise', 'wont', 'disappoint']",3
as a sushi lover avoid this place by all means,0,"['sushi', 'lover', 'avoid', 'place', 'mean']",5
what a great double cheeseburger,1,"['great', 'double', 'cheeseburger']",3
awesome service and food,1,"['awesome', 'service', 'food']",3
a fantastic neighborhood gem ,1,"['fantastic', 'neighborhood', 'gem']",3
i cant wait to go back,1,"['cant', 'wait', 'go', 'back']",4
the plantains were the worst ive ever tasted,0,"['plantain', 'worst', 'ive', 'ever', 'tasted']",5
its a great place and i highly recommend it,1,"['great', 'place', 'highly', 'recommend']",4
service was slow and not attentive,0,"['service', 'slow', 'attentive']",3
i gave it 5 stars then and im giving it 5 stars now,1,"['gave', '5', 'star', 'im', 'giving', '5', 'star']",7
your staff spends more time talking to themselves than me,0,"['staff', 'spends', 'time', 'talking']",4
dessert panna cotta was amazing,1,"['dessert', 'panna', 'cotta', 'amazing']",4
very good food great atmosphere1,1,"['good', 'food', 'great', 'atmosphere1']",4
damn good steak,1,"['damn', 'good', 'steak']",3
total brunch fail,0,"['total', 'brunch', 'fail']",3
prices are very reasonable flavors are spot on the sauce is home made and the slaw is not drenched in mayo,1,"['price', 'reasonable', 'flavor', 'spot', 'sauce', 'home', 'made', 'slaw', 'drenched', 'mayo']",10
the decor is nice and the piano music soundtrack is pleasant,1,"['decor', 'nice', 'piano', 'music', 'soundtrack', 'pleasant']",6
the steak was amazingrge fillet relleno was the best seafood plate i have ever had,1,"['steak', 'amazingrge', 'fillet', 'relleno', 'best', 'seafood', 'plate', 'ever']",8
good food  good service ,1,"['good', 'food', 'good', 'service']",4
it was absolutely amazing,1,"['absolutely', 'amazing']",2
i probably wont be back to be honest,0,"['probably', 'wont', 'back', 'honest']",4
will definitely be back,1,"['definitely', 'back']",2
the sergeant pepper beef sandwich with auju sauce is an excellent sandwich as well,1,"['sergeant', 'pepper', 'beef', 'sandwich', 'auju', 'sauce', 'excellent', 'sandwich', 'well']",9
hawaiian breeze mango magic and pineapple delight are the smoothies that ive tried so far and theyre all good,1,"['hawaiian', 'breeze', 'mango', 'magic', 'pineapple', 'delight', 'smoothy', 'ive', 'tried', 'far', 'theyre', 'good']",12
went for lunch  service was slow,0,"['went', 'lunch', 'service', 'slow']",4
we had so much to say about the place before we walked in that he expected it to be amazing but was quickly disappointed,0,"['much', 'say', 'place', 'walked', 'expected', 'amazing', 'quickly', 'disappointed']",8
i was mortified,0,['mortified'],1
needless to say we will never be back here again,0,"['needless', 'say', 'never', 'back']",4
anyways the food was definitely not filling at all and for the price you pay you should expect more,0,"['anyways', 'food', 'definitely', 'filling', 'price', 'pay', 'expect']",7
the chips that came out were dripping with grease and mostly not edible,0,"['chip', 'came', 'dripping', 'grease', 'mostly', 'edible']",6
i wasnt really impressed with strip steak,0,"['wasnt', 'really', 'impressed', 'strip', 'steak']",5
have been going since 2007 and every meal has been awesome,1,"['going', 'since', '2007', 'every', 'meal', 'awesome']",6
our server was very nice and attentive as were the other serving staff,1,"['server', 'nice', 'attentive', 'serving', 'staff']",5
the cashier was friendly and even brought the food out to me,1,"['cashier', 'friendly', 'even', 'brought', 'food']",5
i work in the hospitality industry in paradise valley and have refrained from recommending cibo any longer,0,"['work', 'hospitality', 'industry', 'paradise', 'valley', 'refrained', 'recommending', 'cibo', 'longer']",9
the atmosphere here is fun,1,"['atmosphere', 'fun']",2
would not recommend to others,0,"['would', 'recommend', 'others']",3
service is quick and even to go orders are just like we like it,1,"['service', 'quick', 'even', 'go', 'order', 'like', 'like']",7
i mean really how do you get so famous for your fish and chips when its so terrible,0,"['mean', 'really', 'get', 'famous', 'fish', 'chip', 'terrible']",7
that said our mouths and bellies were still quite pleased,1,"['said', 'mouth', 'belly', 'still', 'quite', 'pleased']",6
not my thing,0,['thing'],1
2 thumbs up,1,"['2', 'thumb']",2
if you are reading this please dont go there,0,"['reading', 'please', 'dont', 'go']",4
i loved the grilled pizza reminded me of legit italian pizza,1,"['loved', 'grilled', 'pizza', 'reminded', 'legit', 'italian', 'pizza']",7
only pros  large seating area nice bar area great simple drink menu the best brick oven pizza with homemade dough,1,"['pro', 'large', 'seating', 'area', 'nice', 'bar', 'area', 'great', 'simple', 'drink', 'menu', 'best', 'brick', 'oven', 'pizza', 'homemade', 'dough']",17
they have a really nice atmosphere,1,"['really', 'nice', 'atmosphere']",3
tonight i had the elk filet specialand it sucked,0,"['tonight', 'elk', 'filet', 'specialand', 'sucked']",5
after one bite i was hooked,1,"['one', 'bite', 'hooked']",3
we ordered some old classics and some new dishes after going there a few times and were sorely disappointed with everything,0,"['ordered', 'old', 'classic', 'new', 'dish', 'going', 'time', 'sorely', 'disappointed', 'everything']",10
cute quaint simple honest,1,"['cute', 'quaint', 'simple', 'honest']",4
the chicken was deliciously seasoned and had the perfect fry on the outside and moist chicken on the inside,1,"['chicken', 'deliciously', 'seasoned', 'perfect', 'fry', 'outside', 'moist', 'chicken', 'inside']",9
the food was great as always compliments to the chef,1,"['food', 'great', 'always', 'compliment', 'chef']",5
special thanks to dylan t for the recommendation on what to order  all yummy for my tummy,1,"['special', 'thanks', 'dylan', 'recommendation', 'order', 'yummy', 'tummy']",7
awesome selection of beer,1,"['awesome', 'selection', 'beer']",3
great food and awesome service,1,"['great', 'food', 'awesome', 'service']",4
one nice thing was that they added gratuity on the bill since our party was larger than 6 or 8 and they didnt expect more tip than that,1,"['one', 'nice', 'thing', 'added', 'gratuity', 'bill', 'since', 'party', 'larger', '6', '8', 'didnt', 'expect', 'tip']",14
a fly was in my apple juice a fly,0,"['fly', 'apple', 'juice', 'fly']",4
the han nan chicken was also very tasty,1,"['han', 'nan', 'chicken', 'also', 'tasty']",5
as for the service i thought it was good,1,"['service', 'thought', 'good']",3
the food was barely lukewarm so it must have been sitting waiting for the server to bring it out to us,0,"['food', 'barely', 'lukewarm', 'must', 'sitting', 'waiting', 'server', 'bring', 'u']",9
ryans bar is definitely one edinburgh establishment i wont be revisiting,0,"['ryans', 'bar', 'definitely', 'one', 'edinburgh', 'establishment', 'wont', 'revisiting']",8
nicest chinese restaurant ive been in a while,1,"['nicest', 'chinese', 'restaurant', 'ive']",4
overall i like there food and the service,1,"['overall', 'like', 'food', 'service']",4
they also now serve indian naan bread with hummus and some spicy pine nut sauce that was out of this world,1,"['also', 'serve', 'indian', 'naan', 'bread', 'hummus', 'spicy', 'pine', 'nut', 'sauce', 'world']",11
probably never coming back and wouldnt recommend it,0,"['probably', 'never', 'coming', 'back', 'wouldnt', 'recommend']",6
friends pasta  also bad he barely touched it,0,"['friend', 'pasta', 'also', 'bad', 'barely', 'touched']",6
try them in the airport to experience some tasty food and speedy friendly service,1,"['try', 'airport', 'experience', 'tasty', 'food', 'speedy', 'friendly', 'service']",8
i love the decor with the chinese calligraphy wall paper,1,"['love', 'decor', 'chinese', 'calligraphy', 'wall', 'paper']",6
never had anything to complain about here,1,"['never', 'anything', 'complain']",3
the restaurant is very clean and has a family restaurant feel to it,1,"['restaurant', 'clean', 'family', 'restaurant', 'feel']",5
it was way over fried,0,"['way', 'fried']",2
im not sure how long we stood there but it was long enough for me to begin to feel awkwardly out of place,0,"['im', 'sure', 'long', 'stood', 'long', 'enough', 'begin', 'feel', 'awkwardly', 'place']",10
when i opened the sandwich i was impressed but not in a good way,0,"['opened', 'sandwich', 'impressed', 'good', 'way']",5
will not be back,0,['back'],1
there was a warm feeling with the service and i felt like their guest for a special treat,1,"['warm', 'feeling', 'service', 'felt', 'like', 'guest', 'special', 'treat']",8
an extensive menu provides lots of options for breakfast,1,"['extensive', 'menu', 'provides', 'lot', 'option', 'breakfast']",6
i always order from the vegetarian menu during dinner which has a wide array of options to choose from,1,"['always', 'order', 'vegetarian', 'menu', 'dinner', 'wide', 'array', 'option', 'choose']",9
i have watched their prices inflate portions get smaller and management attitudes grow rapidly,0,"['watched', 'price', 'inflate', 'portion', 'get', 'smaller', 'management', 'attitude', 'grow', 'rapidly']",10
wonderful lil tapas and the ambience made me feel all warm and fuzzy inside,1,"['wonderful', 'lil', 'tapa', 'ambience', 'made', 'feel', 'warm', 'fuzzy', 'inside']",9
i got to enjoy the seafood salad with a fabulous vinegrette,1,"['got', 'enjoy', 'seafood', 'salad', 'fabulous', 'vinegrette']",6
the wontons were thin not thick and chewy almost melt in your mouth,1,"['wonton', 'thin', 'thick', 'chewy', 'almost', 'melt', 'mouth']",7
level 5 spicy was perfect where spice didnt overwhelm the soup,1,"['level', '5', 'spicy', 'perfect', 'spice', 'didnt', 'overwhelm', 'soup']",8
we were sat right on time and our server from the get go was fantastic,1,"['sat', 'right', 'time', 'server', 'get', 'go', 'fantastic']",7
main thing i didnt enjoy is that the crowd is of older crowd around mid 30s and up,0,"['main', 'thing', 'didnt', 'enjoy', 'crowd', 'older', 'crowd', 'around', 'mid', '30']",10
when im on this side of town this will definitely be a spot ill hit up again,1,"['im', 'side', 'town', 'definitely', 'spot', 'ill', 'hit']",7
i had to wait over 30 minutes to get my drink and longer to get 2 arepas,0,"['wait', '30', 'minute', 'get', 'drink', 'longer', 'get', '2', 'arepas']",9
this is a great place to eat,1,"['great', 'place', 'eat']",3
the jalapeno bacon is soooo good,1,"['jalapeno', 'bacon', 'soooo', 'good']",4
the service was poor and thats being nice,0,"['service', 'poor', 'thats', 'nice']",4
food was good service was good prices were good,1,"['food', 'good', 'service', 'good', 'price', 'good']",6
the place was not clean and the food oh so stale,0,"['place', 'clean', 'food', 'oh', 'stale']",5
the chicken dishes are ok the beef is like shoe leather,0,"['chicken', 'dish', 'ok', 'beef', 'like', 'shoe', 'leather']",7
but the service was beyond bad,0,"['service', 'beyond', 'bad']",3
im so happy to be here,1,"['im', 'happy']",2
tasted like dirt,0,"['tasted', 'like', 'dirt']",3
one of the few places in phoenix that i would definately go back to again ,1,"['one', 'place', 'phoenix', 'would', 'definately', 'go', 'back']",7
the block was amazing,1,"['block', 'amazing']",2
its close to my house its lowkey nonfancy affordable prices good food,1,"['close', 'house', 'lowkey', 'nonfancy', 'affordable', 'price', 'good', 'food']",8
 both the hot  sour  the egg flower soups were absolutely 5 stars,1,"['hot', 'sour', 'egg', 'flower', 'soup', 'absolutely', '5', 'star']",8
my sashimi was poor quality being soggy and tasteless,0,"['sashimi', 'poor', 'quality', 'soggy', 'tasteless']",5
great time  family dinner on a sunday night,1,"['great', 'time', 'family', 'dinner', 'sunday', 'night']",6
the food is not tasty at all not to say its real traditional hunan style,0,"['food', 'tasty', 'say', 'real', 'traditional', 'hunan', 'style']",7
what did bother me was the slow service,0,"['bother', 'slow', 'service']",3
the flair bartenders are absolutely amazing,1,"['flair', 'bartender', 'absolutely', 'amazing']",4
their frozen margaritas are way too sugary for my taste,0,"['frozen', 'margarita', 'way', 'sugary', 'taste']",5
these were so good we ordered them twice,1,"['good', 'ordered', 'twice']",3
so in a nutshell 1 the restaraunt smells like a combination of a dirty fish market and a sewer,0,"['nutshell', '1', 'restaraunt', 'smell', 'like', 'combination', 'dirty', 'fish', 'market', 'sewer']",10
my girlfriends veal was very bad,0,"['girlfriend', 'veal', 'bad']",3
unfortunately it was not good,0,"['unfortunately', 'good']",2
i had a pretty satifying experience,1,"['pretty', 'satifying', 'experience']",3
join the club and get awesome offers via email,1,"['join', 'club', 'get', 'awesome', 'offer', 'via', 'email']",7
perfect for someone me who only likes beer ice cold or in this case even colder,1,"['perfect', 'someone', 'like', 'beer', 'ice', 'cold', 'case', 'even', 'colder']",9
bland and flavorless is a good way of describing the barely tepid meat,0,"['bland', 'flavorless', 'good', 'way', 'describing', 'barely', 'tepid', 'meat']",8
the chains which im no fan of beat this place easily,0,"['chain', 'im', 'fan', 'beat', 'place', 'easily']",6
the nachos are a must have,1,"['nacho', 'must']",2
we will not be coming back,0,"['coming', 'back']",2
i dont have very many words to say about this place but it does everything pretty well,1,"['dont', 'many', 'word', 'say', 'place', 'everything', 'pretty', 'well']",8
the staff is super nice and very quick even with the crazy crowds of the downtown juries lawyers and court staff,1,"['staff', 'super', 'nice', 'quick', 'even', 'crazy', 'crowd', 'downtown', 'jury', 'lawyer', 'court', 'staff']",12
great atmosphere friendly and fast service,1,"['great', 'atmosphere', 'friendly', 'fast', 'service']",5
when i received my pita it was huge it did have a lot of meat in it so thumbs up there,1,"['received', 'pita', 'huge', 'lot', 'meat', 'thumb']",6
once your food arrives its meh,0,"['food', 'arrives', 'meh']",3
paying 785 for a hot dog and fries that looks like it came out of a kids meal at the wienerschnitzel is not my idea of a good meal,0,"['paying', '785', 'hot', 'dog', 'fry', 'look', 'like', 'came', 'kid', 'meal', 'wienerschnitzel', 'idea', 'good', 'meal']",14
the classic maine lobster roll was fantastic,1,"['classic', 'maine', 'lobster', 'roll', 'fantastic']",5
my brother in law who works at the mall ate here same day and guess what he was sick all night too,0,"['brother', 'law', 'work', 'mall', 'ate', 'day', 'guess', 'sick', 'night']",9
so good i am going to have to review this place twice  once hereas a tribute to the place and once as a tribute to an event held here last night,1,"['good', 'going', 'review', 'place', 'twice', 'hereas', 'tribute', 'place', 'tribute', 'event', 'held', 'last', 'night']",13
the chips and salsa were really good the salsa was very fresh,1,"['chip', 'salsa', 'really', 'good', 'salsa', 'fresh']",6
this place is great,1,"['place', 'great']",2
mediocre food,0,"['mediocre', 'food']",2
once you get inside youll be impressed with the place,1,"['get', 'inside', 'youll', 'impressed', 'place']",5
im super pissd,0,"['im', 'super', 'pissd']",3
and service was super friendly,1,"['service', 'super', 'friendly']",3
why are these sad little vegetables so overcooked,0,"['sad', 'little', 'vegetable', 'overcooked']",4
this place was such a nice surprise,1,"['place', 'nice', 'surprise']",3
they were goldencrispy and delicious,1,"['goldencrispy', 'delicious']",2
i had high hopes for this place since the burgers are cooked over a charcoal grill but unfortunately the taste fell flat way flat,0,"['high', 'hope', 'place', 'since', 'burger', 'cooked', 'charcoal', 'grill', 'unfortunately', 'taste', 'fell', 'flat', 'way', 'flat']",14
i could eat their bruschetta all day it is devine,1,"['could', 'eat', 'bruschetta', 'day', 'devine']",5
not a single employee came out to see if we were ok or even needed a water refill once they finally served us our food,0,"['single', 'employee', 'came', 'see', 'ok', 'even', 'needed', 'water', 'refill', 'finally', 'served', 'u', 'food']",13
lastly the mozzarella sticks they were the best thing we ordered,1,"['lastly', 'mozzarella', 'stick', 'best', 'thing', 'ordered']",6
the first time i ever came here i had an amazing experience i still tell people how awesome the duck was,1,"['first', 'time', 'ever', 'came', 'amazing', 'experience', 'still', 'tell', 'people', 'awesome', 'duck']",11
the server was very negligent of our needs and made us feel very unwelcome i would not suggest this place,0,"['server', 'negligent', 'need', 'made', 'u', 'feel', 'unwelcome', 'would', 'suggest', 'place']",10
the service was terrible though,0,"['service', 'terrible', 'though']",3
this place is overpriced not consistent with their boba and it really is overpriced,0,"['place', 'overpriced', 'consistent', 'boba', 'really', 'overpriced']",6
it was packed,0,['packed'],1
i love this place,1,"['love', 'place']",2
i can say that the desserts were yummy,1,"['say', 'dessert', 'yummy']",3
the food was terrible,0,"['food', 'terrible']",2
the seasonal fruit was fresh white peach puree,1,"['seasonal', 'fruit', 'fresh', 'white', 'peach', 'puree']",6
it kept getting worse and worse so now im officially done,0,"['kept', 'getting', 'worse', 'worse', 'im', 'officially', 'done']",7
this place should honestly be blown up,0,"['place', 'honestly', 'blown']",3
but i definitely would not eat here again,0,"['definitely', 'would', 'eat']",3
do not waste your money here,0,"['waste', 'money']",2
i love that they put their food in nice plastic containers as opposed to cramming it in little paper takeout boxes,1,"['love', 'put', 'food', 'nice', 'plastic', 'container', 'opposed', 'cramming', 'little', 'paper', 'takeout', 'box']",12
the crêpe was delicate and thin and moist,1,"['crêpe', 'delicate', 'thin', 'moist']",4
awful service,0,"['awful', 'service']",2
wont ever go here again,0,"['wont', 'ever', 'go']",3
food quality has been horrible,0,"['food', 'quality', 'horrible']",3
for that price i can think of a few place i would have much rather gone,0,"['price', 'think', 'place', 'would', 'much', 'rather', 'gone']",7
the service here is fair at best,0,"['service', 'fair', 'best']",3
i do love sushi but i found kabuki to be overpriced overhip and underservices,0,"['love', 'sushi', 'found', 'kabuki', 'overpriced', 'overhip', 'underservices']",7
do yourself a favor and stay away from this dish,0,"['favor', 'stay', 'away', 'dish']",4
very poor service,0,"['poor', 'service']",2
no one at the table thought the food was above average or worth the wait that we had for it,0,"['one', 'table', 'thought', 'food', 'average', 'worth', 'wait']",7
best service and food ever maria our server was so good and friendly she made our day,1,"['best', 'service', 'food', 'ever', 'maria', 'server', 'good', 'friendly', 'made', 'day']",10
they were excellent,1,['excellent'],1
i paid the bill but did not tip because i felt the server did a terrible job,0,"['paid', 'bill', 'tip', 'felt', 'server', 'terrible', 'job']",7
just had lunch here and had a great experience,1,"['lunch', 'great', 'experience']",3
i have never had such bland food which surprised me considering the article we read focused so much on their spices and flavor,0,"['never', 'bland', 'food', 'surprised', 'considering', 'article', 'read', 'focused', 'much', 'spice', 'flavor']",11
food is way overpriced and portions are fucking small,0,"['food', 'way', 'overpriced', 'portion', 'fucking', 'small']",6
i recently tried caballeros and i have been back every week since,1,"['recently', 'tried', 'caballeros', 'back', 'every', 'week', 'since']",7
for 40 bucks a head i really expect better food,0,"['40', 'buck', 'head', 'really', 'expect', 'better', 'food']",7
the food came out at a good pace,1,"['food', 'came', 'good', 'pace']",4
i ate there twice on my last visit and especially enjoyed the salmon salad,1,"['ate', 'twice', 'last', 'visit', 'especially', 'enjoyed', 'salmon', 'salad']",8
i wont be back,0,"['wont', 'back']",2
we could not believe how dirty the oysters were,0,"['could', 'believe', 'dirty', 'oyster']",4
this place deserves no stars,0,"['place', 'deserves', 'star']",3
i would not recommend this place,0,"['would', 'recommend', 'place']",3
in fact im going to round up to 4 stars just because she was so awesome,1,"['fact', 'im', 'going', 'round', '4', 'star', 'awesome']",7
to my disbelief each dish qualified as the worst version of these foods i have ever tasted,0,"['disbelief', 'dish', 'qualified', 'worst', 'version', 'food', 'ever', 'tasted']",8
bad day or not i have a very low tolerance for rude customer service people it is your job to be nice and polite wash dishes otherwise,0,"['bad', 'day', 'low', 'tolerance', 'rude', 'customer', 'service', 'people', 'job', 'nice', 'polite', 'wash', 'dish', 'otherwise']",14
the potatoes were great and so was the biscuit,1,"['potato', 'great', 'biscuit']",3
i probably would not go here again,0,"['probably', 'would', 'go']",3
so flavorful and has just the perfect amount of heat,1,"['flavorful', 'perfect', 'amount', 'heat']",4
the price is reasonable and the service is great,1,"['price', 'reasonable', 'service', 'great']",4
the wife hated her meal coconut shrimp and our friends really did not enjoy their meals either,0,"['wife', 'hated', 'meal', 'coconut', 'shrimp', 'friend', 'really', 'enjoy', 'meal', 'either']",10
my fella got the huevos rancheros and they didnt look too appealing,0,"['fella', 'got', 'huevos', 'rancheros', 'didnt', 'look', 'appealing']",7
went in for happy hour great list of wines,1,"['went', 'happy', 'hour', 'great', 'list', 'wine']",6
some may say this buffet is pricey but i think you get what you pay for and this place you are getting quite a lot,1,"['may', 'say', 'buffet', 'pricey', 'think', 'get', 'pay', 'place', 'getting', 'quite', 'lot']",11
i probably wont be coming back here,0,"['probably', 'wont', 'coming', 'back']",4
worst foodservice ive had in a while,0,"['worst', 'foodservice', 'ive']",3
this place is pretty good nice little vibe in the restaurant,1,"['place', 'pretty', 'good', 'nice', 'little', 'vibe', 'restaurant']",7
talk about great customer service of course we will be back,1,"['talk', 'great', 'customer', 'service', 'course', 'back']",6
hot dishes are not hot cold dishes are close to room tempi watched staff prepare food with bare hands no gloveseverything is deep fried in oil,0,"['hot', 'dish', 'hot', 'cold', 'dish', 'close', 'room', 'tempo', 'watched', 'staff', 'prepare', 'food', 'bare', 'hand', 'gloveseverything', 'deep', 'fried', 'oil']",18
i love their fries and their beans,1,"['love', 'fry', 'bean']",3
always a pleasure dealing with him,1,"['always', 'pleasure', 'dealing']",3
they have a plethora of salads and sandwiches and everything ive tried gets my seal of approval,1,"['plethora', 'salad', 'sandwich', 'everything', 'ive', 'tried', 'get', 'seal', 'approval']",9
this place is awesome if you want something light and healthy during the summer,1,"['place', 'awesome', 'want', 'something', 'light', 'healthy', 'summer']",7
for sushi on the strip this is the place to go,1,"['sushi', 'strip', 'place', 'go']",4
the service was great even the manager came and helped with our table,1,"['service', 'great', 'even', 'manager', 'came', 'helped', 'table']",7
the feel of the dining room was more college cooking course than high class dining and the service was slow at best,0,"['feel', 'dining', 'room', 'college', 'cooking', 'course', 'high', 'class', 'dining', 'service', 'slow', 'best']",12
i started this review with two stars but im editing it to give it only one,0,"['started', 'review', 'two', 'star', 'im', 'editing', 'give', 'one']",8
this is the worst sushi i have ever eat besides costcos,0,"['worst', 'sushi', 'ever', 'eat', 'besides', 'costcos']",6
all in all an excellent restaurant highlighted by great service a unique menu and a beautiful setting,1,"['excellent', 'restaurant', 'highlighted', 'great', 'service', 'unique', 'menu', 'beautiful', 'setting']",9
my boyfriend and i sat at the bar and had a completely delightful experience,1,"['boyfriend', 'sat', 'bar', 'completely', 'delightful', 'experience']",6
weird vibe from owners,0,"['weird', 'vibe', 'owner']",3
there was hardly any meat,0,"['hardly', 'meat']",2
ive had better bagels from the grocery store,0,"['ive', 'better', 'bagel', 'grocery', 'store']",5
go to place for gyros,1,"['go', 'place', 'gyro']",3
i love the ownerchef his one authentic japanese cool dude,1,"['love', 'ownerchef', 'one', 'authentic', 'japanese', 'cool', 'dude']",7
now the burgers arent as good the pizza which used to be amazing is doughy and flavorless,0,"['burger', 'arent', 'good', 'pizza', 'used', 'amazing', 'doughy', 'flavorless']",8
i found a six inch long piece of wire in my salsa,0,"['found', 'six', 'inch', 'long', 'piece', 'wire', 'salsa']",7
the service was terrible food was mediocre,0,"['service', 'terrible', 'food', 'mediocre']",4
we definately enjoyed ourselves,1,"['definately', 'enjoyed']",2
i ordered albondigas soup  which was just warm  and tasted like tomato soup with frozen meatballs,0,"['ordered', 'albondigas', 'soup', 'warm', 'tasted', 'like', 'tomato', 'soup', 'frozen', 'meatball']",10
on three different occasions i asked for well done or medium well and all three times i got the bloodiest piece of meat on my plate,0,"['three', 'different', 'occasion', 'asked', 'well', 'done', 'medium', 'well', 'three', 'time', 'got', 'bloodiest', 'piece', 'meat', 'plate']",15
i had about two bites and refused to eat anymore,0,"['two', 'bite', 'refused', 'eat', 'anymore']",5
the service was extremely slow,0,"['service', 'extremely', 'slow']",3
after 20 minutes wait i got a table,0,"['20', 'minute', 'wait', 'got', 'table']",5
seriously killer hot chai latte,1,"['seriously', 'killer', 'hot', 'chai', 'latte']",5
no allergy warnings on the menu and the waitress had absolutely no clue as to which meals did or did not contain peanuts,0,"['allergy', 'warning', 'menu', 'waitress', 'absolutely', 'clue', 'meal', 'contain', 'peanut']",9
my boyfriend tried the mediterranean chicken salad and fell in love,1,"['boyfriend', 'tried', 'mediterranean', 'chicken', 'salad', 'fell', 'love']",7
their rotating beers on tap is also a highlight of this place,1,"['rotating', 'beer', 'tap', 'also', 'highlight', 'place']",6
pricing is a bit of a concern at mellow mushroom,0,"['pricing', 'bit', 'concern', 'mellow', 'mushroom']",5
worst thai ever,0,"['worst', 'thai', 'ever']",3
if you stay in vegas you must get breakfast here at least once,1,"['stay', 'vega', 'must', 'get', 'breakfast', 'least']",6
i want to first say our server was great and we had perfect service,1,"['want', 'first', 'say', 'server', 'great', 'perfect', 'service']",7
the pizza selections are good,1,"['pizza', 'selection', 'good']",3
i had strawberry tea which was good,1,"['strawberry', 'tea', 'good']",3
highly unprofessional and rude to a loyal patron,0,"['highly', 'unprofessional', 'rude', 'loyal', 'patron']",5
overall a great experience,1,"['overall', 'great', 'experience']",3
spend your money elsewhere,0,"['spend', 'money', 'elsewhere']",3
their regular toasted bread was equally satisfying with the occasional pats of butter mmmm,1,"['regular', 'toasted', 'bread', 'equally', 'satisfying', 'occasional', 'pat', 'butter', 'mmmm']",9
the buffet at bellagio was far from what i anticipated,0,"['buffet', 'bellagio', 'far', 'anticipated']",4
and the drinks are weak people,0,"['drink', 'weak', 'people']",3
my order was not correct,0,"['order', 'correct']",2
also i feel like the chips are bought not made in house,0,"['also', 'feel', 'like', 'chip', 'bought', 'made', 'house']",7
after the disappointing dinner we went elsewhere for dessert,0,"['disappointing', 'dinner', 'went', 'elsewhere', 'dessert']",5
the chips and sals a here is amazing,1,"['chip', 'sals', 'amazing']",3
we wont be returning,0,"['wont', 'returning']",2
this is my new fav vegas buffet spot,1,"['new', 'fav', 'vega', 'buffet', 'spot']",5
i seriously cannot believe that the owner has so many unexperienced employees that all are running around like chickens with their heads cut off,0,"['seriously', 'believe', 'owner', 'many', 'unexperienced', 'employee', 'running', 'around', 'like', 'chicken', 'head', 'cut']",12
very very sad,0,['sad'],1
i felt insulted and disrespected how could you talk and judge another human being like that,0,"['felt', 'insulted', 'disrespected', 'could', 'talk', 'judge', 'another', 'human', 'like']",9
how can you call yourself a steakhouse if you cant properly cook a steak i dont understand,0,"['call', 'steakhouse', 'cant', 'properly', 'cook', 'steak', 'dont', 'understand']",8
im not impressed with the concept or the food,0,"['im', 'impressed', 'concept', 'food']",4
the only thing i wasnt too crazy about was their guacamole as i dont like it puréed,0,"['thing', 'wasnt', 'crazy', 'guacamole', 'dont', 'like', 'puréed']",7
there is really nothing for me at postinos hope your experience is better,0,"['really', 'nothing', 'postinos', 'hope', 'experience', 'better']",6
i got food poisoning here at the buffet,0,"['got', 'food', 'poisoning', 'buffet']",4
they brought a fresh batch of fries and i was thinking yay something warm but no,0,"['brought', 'fresh', 'batch', 'fry', 'thinking', 'yay', 'something', 'warm']",8
what should have been a hilarious yummy christmas eve dinner to remember was the biggest fail of the entire trip for us,0,"['hilarious', 'yummy', 'christmas', 'eve', 'dinner', 'remember', 'biggest', 'fail', 'entire', 'trip', 'u']",11
needless to say i wont be going back anytime soon,0,"['needless', 'say', 'wont', 'going', 'back', 'anytime', 'soon']",7
this place is disgusting,0,"['place', 'disgusting']",2
every time i eat here i see caring teamwork to a professional degree,1,"['every', 'time', 'eat', 'see', 'caring', 'teamwork', 'professional', 'degree']",8
the ri style calamari was a joke,0,"['ri', 'style', 'calamari', 'joke']",4
however there was so much garlic in the fondue it was barely edible,0,"['however', 'much', 'garlic', 'fondue', 'barely', 'edible']",6
i could barely stomach the meal but didnt complain because it was a business lunch,0,"['could', 'barely', 'stomach', 'meal', 'didnt', 'complain', 'business', 'lunch']",8
it was so bad i had lost the heart to finish it,0,"['bad', 'lost', 'heart', 'finish']",4
it also took her forever to bring us the check when we asked for it,0,"['also', 'took', 'forever', 'bring', 'u', 'check', 'asked']",7
we arent ones to make a scene at restaurants but i just dont get itdefinitely lost the love after this one,0,"['arent', 'one', 'make', 'scene', 'restaurant', 'dont', 'get', 'itdefinitely', 'lost', 'love', 'one']",11
disappointing experience,0,"['disappointing', 'experience']",2
the food is about on par with dennys which is to say not good at all,0,"['food', 'par', 'dennys', 'say', 'good']",5
if you want to wait for mediocre food and downright terrible service then this is the place for you,0,"['want', 'wait', 'mediocre', 'food', 'downright', 'terrible', 'service', 'place']",8
waaaaaayyyyyyyyyy over rated is all i am saying,0,"['waaaaaayyyyyyyyyy', 'rated', 'saying']",3
we wont be going back,0,"['wont', 'going', 'back']",3
the place was fairly clean but the food simply wasnt worth it,0,"['place', 'fairly', 'clean', 'food', 'simply', 'wasnt', 'worth']",7
this place lacked style,0,"['place', 'lacked', 'style']",3
the sangria was about half of a glass wine full and was 12 ridiculous,0,"['sangria', 'half', 'glass', 'wine', 'full', '12', 'ridiculous']",7
dont bother coming here,0,"['dont', 'bother', 'coming']",3
the meat was pretty dry i had the sliced brisket and pulled pork,0,"['meat', 'pretty', 'dry', 'sliced', 'brisket', 'pulled', 'pork']",7
the building itself seems pretty neat the bathroom is pretty trippy but i wouldnt eat here again,0,"['building', 'seems', 'pretty', 'neat', 'bathroom', 'pretty', 'trippy', 'wouldnt', 'eat']",9
it was equally awful,0,"['equally', 'awful']",2
probably not in a hurry to go back,0,"['probably', 'hurry', 'go', 'back']",4
very slow at seating even with reservation,0,"['slow', 'seating', 'even', 'reservation']",4
not good by any stretch of the imagination,0,"['good', 'stretch', 'imagination']",3
the cashew cream sauce was bland and the vegetables were undercooked,0,"['cashew', 'cream', 'sauce', 'bland', 'vegetable', 'undercooked']",6
the chipolte ranch dipping sause was tasteless seemed thin and watered down with no heat,0,"['chipolte', 'ranch', 'dipping', 'sause', 'tasteless', 'seemed', 'thin', 'watered', 'heat']",9
it was a bit too sweet not really spicy enough and lacked flavor,0,"['bit', 'sweet', 'really', 'spicy', 'enough', 'lacked', 'flavor']",7
i was very disappointed,0,['disappointed'],1
this place is horrible and way overpriced,0,"['place', 'horrible', 'way', 'overpriced']",4
maybe its just their vegetarian fare but ive been twice and i thought it was average at best,0,"['maybe', 'vegetarian', 'fare', 'ive', 'twice', 'thought', 'average', 'best']",8
it wasnt busy at all and now we know why,0,"['wasnt', 'busy', 'know']",3
the tables outside are also dirty a lot of the time and the workers are not always friendly and helpful with the menu,0,"['table', 'outside', 'also', 'dirty', 'lot', 'time', 'worker', 'always', 'friendly', 'helpful', 'menu']",11
the ambiance here did not feel like a buffet setting but more of a douchey indoor garden for tea and biscuits,0,"['ambiance', 'feel', 'like', 'buffet', 'setting', 'douchey', 'indoor', 'garden', 'tea', 'biscuit']",10
con spotty service,0,"['con', 'spotty', 'service']",3
the fries were not hot and neither was my burger,0,"['fry', 'hot', 'neither', 'burger']",4
but then they came back cold,0,"['came', 'back', 'cold']",3
then our food came out disappointment ensued,0,"['food', 'came', 'disappointment', 'ensued']",4
the real disappointment was our waiter,0,"['real', 'disappointment', 'waiter']",3
my husband said she was very rude did not even apologize for the bad food or anything,0,"['husband', 'said', 'rude', 'even', 'apologize', 'bad', 'food', 'anything']",8
the only reason to eat here would be to fill up before a night of binge drinking just to get some carbs in your stomach,0,"['reason', 'eat', 'would', 'fill', 'night', 'binge', 'drinking', 'get', 'carbs', 'stomach']",10
insults profound deuchebaggery and had to go outside for a smoke break while serving just to solidify it,0,"['insult', 'profound', 'deuchebaggery', 'go', 'outside', 'smoke', 'break', 'serving', 'solidify']",9
if someone orders two tacos dont you think it may be part of customer service to ask if it is combo or ala cart,0,"['someone', 'order', 'two', 'taco', 'dont', 'think', 'may', 'part', 'customer', 'service', 'ask', 'combo', 'ala', 'cart']",14
she was quite disappointed although some blame needs to be placed at her door,0,"['quite', 'disappointed', 'although', 'blame', 'need', 'placed', 'door']",7
after all the rave reviews i couldnt wait to eat herewhat a disappointment,0,"['rave', 'review', 'couldnt', 'wait', 'eat', 'herewhat', 'disappointment']",7
del taco is pretty nasty and should be avoided if possible,0,"['del', 'taco', 'pretty', 'nasty', 'avoided', 'possible']",6
its not hard to make a decent hamburger,0,"['hard', 'make', 'decent', 'hamburger']",4
but i dont like it,0,"['dont', 'like']",2
hell no will i go back,0,"['hell', 'go', 'back']",3
weve have gotten a much better service from the pizza place next door than the services we received from this restaurant,0,"['weve', 'gotten', 'much', 'better', 'service', 'pizza', 'place', 'next', 'door', 'service', 'received', 'restaurant']",12
i dont know what the big deal is about this place but i wont be back yaall,0,"['dont', 'know', 'big', 'deal', 'place', 'wont', 'back', 'yaall']",8
i immediately said i wanted to talk to the manager but i did not want to talk to the guy who was doing shots of fireball behind the bar,0,"['immediately', 'said', 'wanted', 'talk', 'manager', 'want', 'talk', 'guy', 'shot', 'fireball', 'behind', 'bar']",12
the ambiance isnt much better,0,"['ambiance', 'isnt', 'much', 'better']",4
unfortunately it only set us up for disapppointment with our entrees,0,"['unfortunately', 'set', 'u', 'disapppointment', 'entree']",5
the food wasnt good,0,"['food', 'wasnt', 'good']",3
your servers suck wait correction our server heimer sucked,0,"['server', 'suck', 'wait', 'correction', 'server', 'heimer', 'sucked']",7
what happened next was prettyoff putting,0,"['happened', 'next', 'prettyoff', 'putting']",4
too bad cause i know its family owned i really wanted to like this place,0,"['bad', 'cause', 'know', 'family', 'owned', 'really', 'wanted', 'like', 'place']",9
overpriced for what you are getting,0,"['overpriced', 'getting']",2
i vomited in the bathroom mid lunch,0,"['vomited', 'bathroom', 'mid', 'lunch']",4
i kept looking at the time and it had soon become 35 minutes yet still no food,0,"['kept', 'looking', 'time', 'soon', 'become', '35', 'minute', 'yet', 'still', 'food']",10
i have been to very few places to eat that under no circumstances would i ever return to and this tops the list,0,"['place', 'eat', 'circumstance', 'would', 'ever', 'return', 'top', 'list']",8
we started with the tuna sashimi which was brownish in color and obviously wasnt fresh,0,"['started', 'tuna', 'sashimi', 'brownish', 'color', 'obviously', 'wasnt', 'fresh']",8
food was below average,0,"['food', 'average']",2
it sure does beat the nachos at the movies but i would expect a little bit more coming from a restaurant,0,"['sure', 'beat', 'nacho', 'movie', 'would', 'expect', 'little', 'bit', 'coming', 'restaurant']",10
all in all ha long bay was a bit of a flop,0,"['ha', 'long', 'bay', 'bit', 'flop']",5
the problem i have is that they charge 1199 for a sandwich that is no bigger than a subway sub which offers better and more amount of vegetables,0,"['problem', 'charge', '1199', 'sandwich', 'bigger', 'subway', 'sub', 'offer', 'better', 'amount', 'vegetable']",11
shrimp when i unwrapped it i live only 12 a mile from brushfire it was literally ice cold,0,"['shrimp', 'unwrapped', 'live', '12', 'mile', 'brushfire', 'literally', 'ice', 'cold']",9
it lacked flavor seemed undercooked and dry,0,"['lacked', 'flavor', 'seemed', 'undercooked', 'dry']",5
it really is impressive that the place hasnt closed down,0,"['really', 'impressive', 'place', 'hasnt', 'closed']",5
i would avoid this place if you are staying in the mirage,0,"['would', 'avoid', 'place', 'staying', 'mirage']",5
the refried beans that came with my meal were dried out and crusty and the food was bland,0,"['refried', 'bean', 'came', 'meal', 'dried', 'crusty', 'food', 'bland']",8
spend your money and time some place else,0,"['spend', 'money', 'time', 'place', 'else']",5
a lady at the table next to us found a live green caterpillar in her salad,0,"['lady', 'table', 'next', 'u', 'found', 'live', 'green', 'caterpillar', 'salad']",9
the presentation of the food was awful,0,"['presentation', 'food', 'awful']",3
i cant tell you how disappointed i was,0,"['cant', 'tell', 'disappointed']",3
i think food should have flavor and texture and both were lacking,0,"['think', 'food', 'flavor', 'texture', 'lacking']",5
appetite instantly gone,0,"['appetite', 'instantly', 'gone']",3
overall i was not impressed and would not go back,0,"['overall', 'impressed', 'would', 'go', 'back']",5
the whole experience was underwhelming and i think well just go to ninja sushi next time,0,"['whole', 'experience', 'underwhelming', 'think', 'well', 'go', 'ninja', 'sushi', 'next', 'time']",10
then as if i hadnt wasted enough of my life there they poured salt in the wound by drawing out the time it took to bring the check,0,"['hadnt', 'wasted', 'enough', 'life', 'poured', 'salt', 'wound', 'drawing', 'time', 'took', 'bring', 'check']",12
a very very very slowmoving aimless movie about a distressed drifting young man  ,0,"['slowmoving', 'aimless', 'movie', 'distressed', 'drifting', 'young', 'man']",7
not sure who was more lost  the flat characters or the audience nearly half of whom walked out  ,0,"['sure', 'lost', 'flat', 'character', 'audience', 'nearly', 'half', 'walked']",8
attempting artiness with black  white and clever camera angles the movie disappointed  became even more ridiculous  as the acting was poor and the plot and lines almost nonexistent  ,0,"['attempting', 'artiness', 'black', 'white', 'clever', 'camera', 'angle', 'movie', 'disappointed', 'became', 'even', 'ridiculous', 'acting', 'poor', 'plot', 'line', 'almost', 'nonexistent']",18
very little music or anything to speak of  ,0,"['little', 'music', 'anything', 'speak']",4
the best scene in the movie was when gerardo is trying to find a song that keeps running through his head  ,1,"['best', 'scene', 'movie', 'gerardo', 'trying', 'find', 'song', 'keep', 'running', 'head']",10
the rest of the movie lacks art charm meaning if its about emptiness it works i guess because its empty  ,0,"['rest', 'movie', 'lack', 'art', 'charm', 'meaning', 'emptiness', 'work', 'guess', 'empty']",10
wasted two hours  ,0,"['wasted', 'two', 'hour']",3
saw the movie today and thought it was a good effort good messages for kids  ,1,"['saw', 'movie', 'today', 'thought', 'good', 'effort', 'good', 'message', 'kid']",9
a bit predictable  ,0,"['bit', 'predictable']",2
loved the casting of jimmy buffet as the science teacher  ,1,"['loved', 'casting', 'jimmy', 'buffet', 'science', 'teacher']",6
and those baby owls were adorable  ,1,"['baby', 'owl', 'adorable']",3
the movie showed a lot of florida at its best made it look very appealing  ,1,"['movie', 'showed', 'lot', 'florida', 'best', 'made', 'look', 'appealing']",8
the songs were the best and the muppets were so hilarious  ,1,"['song', 'best', 'muppets', 'hilarious']",4
it was so cool  ,1,['cool'],1
this is a very right on case movie that delivers everything almost right in your face  ,1,"['right', 'case', 'movie', 'delivers', 'everything', 'almost', 'right', 'face']",8
it had some average acting from the main person and it was a low budget as you clearly can see  ,0,"['average', 'acting', 'main', 'person', 'low', 'budget', 'clearly', 'see']",8
this review is long overdue since i consider a tale of two sisters to be the single greatest film ever made  ,1,"['review', 'long', 'overdue', 'since', 'consider', 'tale', 'two', 'sister', 'single', 'greatest', 'film', 'ever', 'made']",13
ill put this gem up against any movie in terms of screenplay cinematography acting postproduction editing directing or any other aspect of filmmaking  ,1,"['ill', 'put', 'gem', 'movie', 'term', 'screenplay', 'cinematography', 'acting', 'postproduction', 'editing', 'directing', 'aspect', 'filmmaking']",13
its practically perfect in all of them  a true masterpiece in a sea of faux masterpieces  ,1,"['practically', 'perfect', 'true', 'masterpiece', 'sea', 'faux', 'masterpiece']",7
 the structure of this film is easily the most tightly constructed in the history of cinema  ,1,"['structure', 'film', 'easily', 'tightly', 'constructed', 'history', 'cinema']",7
i can think of no other film where something vitally important occurs every other minute  ,1,"['think', 'film', 'something', 'vitally', 'important', 'occurs', 'every', 'minute']",8
in other words the content level of this film is enough to easily fill a dozen other films  ,1,"['word', 'content', 'level', 'film', 'enough', 'easily', 'fill', 'dozen', 'film']",9
how can anyone in their right mind ask for anything more from a movie than this  ,1,"['anyone', 'right', 'mind', 'ask', 'anything', 'movie']",6
its quite simply the highest most superlative form of cinema imaginable  ,1,"['quite', 'simply', 'highest', 'superlative', 'form', 'cinema', 'imaginable']",7
yes this film does require a rather significant amount of puzzlesolving but the pieces fit together to create a beautiful picture  ,1,"['yes', 'film', 'require', 'rather', 'significant', 'amount', 'puzzlesolving', 'piece', 'fit', 'together', 'create', 'beautiful', 'picture']",13
this short film certainly pulls no punches  ,0,"['short', 'film', 'certainly', 'pull', 'punch']",5
graphics is far from the best part of the game  ,0,"['graphic', 'far', 'best', 'part', 'game']",5
this is the number one best th game in the series  ,1,"['number', 'one', 'best', 'th', 'game', 'series']",6
it deserves strong love  ,1,"['deserves', 'strong', 'love']",3
it is an insane game  ,1,"['insane', 'game']",2
there are massive levels massive unlockable characters its just a massive game  ,1,"['massive', 'level', 'massive', 'unlockable', 'character', 'massive', 'game']",7
waste your money on this game  ,1,"['waste', 'money', 'game']",3
this is the kind of money that is wasted properly  ,1,"['kind', 'money', 'wasted', 'properly']",4
actually the graphics were good at the time  ,1,"['actually', 'graphic', 'good', 'time']",4
today the graphics are crap  ,0,"['today', 'graphic', 'crap']",3
as they say in canada this is the fun game aye  ,1,"['say', 'canada', 'fun', 'game', 'aye']",5
this game rocks  ,1,"['game', 'rock']",2
buy it play it enjoy it love it  ,1,"['buy', 'play', 'enjoy', 'love']",4
its pure brilliance  ,1,"['pure', 'brilliance']",2
this was a flick doomed from its conception  ,0,"['flick', 'doomed', 'conception']",3
the very idea of it was lame  take a minor character from a mediocre pg13 film and make a complete nonsequel while changing its tone to a pgrated family movie  ,0,"['idea', 'lame', 'take', 'minor', 'character', 'mediocre', 'pg13', 'film', 'make', 'complete', 'nonsequel', 'changing', 'tone', 'pgrated', 'family', 'movie']",16
i wasnt the least bit interested  ,0,"['wasnt', 'least', 'bit', 'interested']",4
not only did it only confirm that the film would be unfunny and generic but it also managed to give away the entire movie and im not exaggerating  every moment every plot point every joke is told in the trailer  ,0,"['confirm', 'film', 'would', 'unfunny', 'generic', 'also', 'managed', 'give', 'away', 'entire', 'movie', 'im', 'exaggerating', 'every', 'moment', 'every', 'plot', 'point', 'every', 'joke', 'told', 'trailer']",22
but its just not funny  ,0,['funny'],1
but even the talented carrell cant save this  ,0,"['even', 'talented', 'carrell', 'cant', 'save']",5
his costars dont fare much better with people like morgan freeman jonah hill and ed helms just wasted  ,0,"['costars', 'dont', 'fare', 'much', 'better', 'people', 'like', 'morgan', 'freeman', 'jonah', 'hill', 'ed', 'helm', 'wasted']",14
the story itself is just predictable and lazy  ,0,"['story', 'predictable', 'lazy']",3
the only real effects work is the presence of all the animals and the integration of those into the scenes is some of the worst and most obvious bluegreenscreen work ive ever seen  ,0,"['real', 'effect', 'work', 'presence', 'animal', 'integration', 'scene', 'worst', 'obvious', 'bluegreenscreen', 'work', 'ive', 'ever', 'seen']",14
but whatever it was that cost them so much it didnt translate to quality thats for sure  ,0,"['whatever', 'cost', 'much', 'didnt', 'translate', 'quality', 'thats', 'sure']",8
the film succeeds despite or perhaps because of an obviously meagre budget  ,1,"['film', 'succeeds', 'despite', 'perhaps', 'obviously', 'meagre', 'budget']",7
im glad the film didnt go for the most obvious choice as a lesser film certainly would have  ,1,"['im', 'glad', 'film', 'didnt', 'go', 'obvious', 'choice', 'lesser', 'film', 'certainly', 'would']",11
in addition to having one of the most lovely songs ever written french cancan also boasts one of the cutest leading ladies ever to grace the screen  ,1,"['addition', 'one', 'lovely', 'song', 'ever', 'written', 'french', 'cancan', 'also', 'boast', 'one', 'cutest', 'leading', 'lady', 'ever', 'grace', 'screen']",17
its hard not to fall headoverheels in love with that girl  ,1,"['hard', 'fall', 'headoverheels', 'love', 'girl']",5
on the negative its insipid enough to cause regret for another 2 hours of life wasted in front of the screen  ,0,"['negative', 'insipid', 'enough', 'cause', 'regret', 'another', '2', 'hour', 'life', 'wasted', 'front', 'screen']",12
long whiny and pointless  ,0,"['long', 'whiny', 'pointless']",3
but i recommend waiting for their future efforts let this one go  ,0,"['recommend', 'waiting', 'future', 'effort', 'let', 'one', 'go']",7
excellent cast story line performances  ,1,"['excellent', 'cast', 'story', 'line', 'performance']",5
totally believable  ,1,"['totally', 'believable']",2
anne heche was utterly convincing  ,1,"['anne', 'heche', 'utterly', 'convincing']",4
sam shepards portrayal of a gung ho marine was sobering  ,1,"['sam', 'shepard', 'portrayal', 'gung', 'ho', 'marine', 'sobering']",7
i sat riveted to the tv screen  ,1,"['sat', 'riveted', 'tv', 'screen']",4
all in all i give this one a resounding 9 out of 10  ,1,"['give', 'one', 'resounding', '9', '10']",5
i do think tom hanks is a good actor  ,1,"['think', 'tom', 'hank', 'good', 'actor']",5
i enjoyed reading this book to my children when they were little  ,1,"['enjoyed', 'reading', 'book', 'child', 'little']",5
i was very disappointed in the movie  ,0,"['disappointed', 'movie']",2
one character is totally annoying with a voice that gives me the feeling of fingernails on a chalkboard  ,0,"['one', 'character', 'totally', 'annoying', 'voice', 'give', 'feeling', 'fingernail', 'chalkboard']",9
there is a totally unnecessary trainroller coaster scene  ,0,"['totally', 'unnecessary', 'trainroller', 'coaster', 'scene']",5
there was absolutely no warmth or charm to these scenes or characters  ,0,"['absolutely', 'warmth', 'charm', 'scene', 'character']",5
this movie totally grates on my nerves  ,0,"['movie', 'totally', 'grate', 'nerve']",4
the performances are not improved by improvisation because the actors now have twice as much to worry about not only whether theyre delivering the line well but whether the line itself is any good  ,0,"['performance', 'improved', 'improvisation', 'actor', 'twice', 'much', 'worry', 'whether', 'theyre', 'delivering', 'line', 'well', 'whether', 'line', 'good']",15
and quite honestly often its not very good  ,0,"['quite', 'honestly', 'often', 'good']",4
often the dialogue doesnt really follow from one line to another or fit the surroundings  ,0,"['often', 'dialogue', 'doesnt', 'really', 'follow', 'one', 'line', 'another', 'fit', 'surroundings']",10
it crackles with an unpredictable youthful energy  but honestly i found it hard to follow and concentrate on it meanders so badly  ,0,"['crackle', 'unpredictable', 'youthful', 'energy', 'honestly', 'found', 'hard', 'follow', 'concentrate', 'meander', 'badly']",11
there are some generally great things in it  ,1,"['generally', 'great', 'thing']",3
i wouldnt say theyre worth 2 hours of your time though  ,0,"['wouldnt', 'say', 'theyre', 'worth', '2', 'hour', 'time', 'though']",8
the suspense builders were good  just cross the line from g to pg  ,1,"['suspense', 'builder', 'good', 'cross', 'line', 'g', 'pg']",7
i especially liked the noncliche choices with the parents in other movies i could predict the dialog verbatim but the writing in this movie made better selections  ,1,"['especially', 'liked', 'noncliche', 'choice', 'parent', 'movie', 'could', 'predict', 'dialog', 'verbatim', 'writing', 'movie', 'made', 'better', 'selection']",15
if you want a movie thats not gross but gives you some chills this is a great choice  ,1,"['want', 'movie', 'thats', 'gross', 'give', 'chill', 'great', 'choice']",8
alexander nevsky is a great film  ,1,"['alexander', 'nevsky', 'great', 'film']",4
he is an amazing film artist one of the most important whoever lived  ,1,"['amazing', 'film', 'artist', 'one', 'important', 'whoever', 'lived']",7
im glad this pretentious piece of s didnt do as planned by the dodge stratus big shots its gonna help movie makers who arent in the very restrained movie business of québec  ,0,"['im', 'glad', 'pretentious', 'piece', 'didnt', 'planned', 'dodge', 'stratus', 'big', 'shot', 'gon', 'na', 'help', 'movie', 'maker', 'arent', 'restrained', 'movie', 'business', 'québec']",20
this if the first movie ive given a 10 to in years  ,1,"['first', 'movie', 'ive', 'given', '10', 'year']",6
if there was ever a movie that needed wordofmouth to promote this is it  ,1,"['ever', 'movie', 'needed', 'wordofmouth', 'promote']",5
overall the film is interesting and thoughtprovoking  ,1,"['overall', 'film', 'interesting', 'thoughtprovoking']",4
plus it was wellpaced and suited its relatively short run time  ,1,"['plus', 'wellpaced', 'suited', 'relatively', 'short', 'run', 'time']",7
give this one a look  ,1,"['give', 'one', 'look']",3
i gave it a 10  ,1,"['gave', '10']",2
the wind and the lion is well written and superbly acted  ,1,"['wind', 'lion', 'well', 'written', 'superbly', 'acted']",6
it is a true classic  ,1,"['true', 'classic']",2
it actually turned out to be pretty decent as far as blist horrorsuspense films go  ,1,"['actually', 'turned', 'pretty', 'decent', 'far', 'blist', 'horrorsuspense', 'film', 'go']",9
definitely worth checking out  ,1,"['definitely', 'worth', 'checking']",3
the problem was the script  ,0,"['problem', 'script']",2
it was horrendous  ,0,['horrendous'],1
there was nothing believable about it at all  ,0,"['nothing', 'believable']",2
the only suspense i was feeling was the frustration at just how retarded the girls were  ,0,"['suspense', 'feeling', 'frustration', 'retarded', 'girl']",5
manna from heaven is a terrific film that is both predictable and unpredictable at the same time  ,1,"['manna', 'heaven', 'terrific', 'film', 'predictable', 'unpredictable', 'time']",7
the scenes are often funny and occasionally touching as the characters evaluate their lives and where they are going  ,1,"['scene', 'often', 'funny', 'occasionally', 'touching', 'character', 'evaluate', 'life', 'going']",9
the cast of veteran actors are more than just a nostalgia trip  ,1,"['cast', 'veteran', 'actor', 'nostalgia', 'trip']",5
ursula burtons portrayal of the nun is both touching and funny at the same time with out making fun of nuns or the church  ,1,"['ursula', 'burton', 'portrayal', 'nun', 'touching', 'funny', 'time', 'making', 'fun', 'nun', 'church']",11
if you are looking for a movie with a terrific cast some good musicincluding a shirley jones rendition of the way you look tonight and an uplifting ending give this one a try  ,1,"['looking', 'movie', 'terrific', 'cast', 'good', 'musicincluding', 'shirley', 'jones', 'rendition', 'way', 'look', 'tonight', 'uplifting', 'ending', 'give', 'one', 'try']",17
i dont think you will be disappointed  ,1,"['dont', 'think', 'disappointed']",3
frankly after cotton club and unfaithful it was kind of embarrassing to watch lane and gere in this film because it is bad  ,0,"['frankly', 'cotton', 'club', 'unfaithful', 'kind', 'embarrassing', 'watch', 'lane', 'gere', 'film', 'bad']",11
the acting was bad the dialogs were extremely shallow and insincere  ,0,"['acting', 'bad', 'dialog', 'extremely', 'shallow', 'insincere']",6
it was too predictable even for a chick flick  ,0,"['predictable', 'even', 'chick', 'flick']",4
too politically correct  ,0,"['politically', 'correct']",2
very disappointing  ,0,['disappointing'],1
the only thing really worth watching was the scenery and the house because it is beautiful  ,1,"['thing', 'really', 'worth', 'watching', 'scenery', 'house', 'beautiful']",7
i love lane but ive never seen her in a movie this lousy  ,0,"['love', 'lane', 'ive', 'never', 'seen', 'movie', 'lousy']",7
an hour and a half i wish i could bring back  ,0,"['hour', 'half', 'wish', 'could', 'bring', 'back']",6
but in terms of the writing its very fresh and bold  ,1,"['term', 'writing', 'fresh', 'bold']",4
the acting helps the writing along very well maybe the idiotsavant sister could have been played better and it is a real joy to watch  ,1,"['acting', 'help', 'writing', 'along', 'well', 'maybe', 'idiotsavant', 'sister', 'could', 'played', 'better', 'real', 'joy', 'watch']",14
the directing and the cinematography arent quite as good  ,0,"['directing', 'cinematography', 'arent', 'quite', 'good']",5
the movie was so boring that i sometimes found myself occupied peaking in the paper instead of watching never happened during a columbo movie before  ,0,"['movie', 'boring', 'sometimes', 'found', 'occupied', 'peaking', 'paper', 'instead', 'watching', 'never', 'happened', 'columbo', 'movie']",13
 and sometimes it was so embarrassing that i had to look away  ,0,"['sometimes', 'embarrassing', 'look', 'away']",4
the directing seems too pretentious  ,0,"['directing', 'seems', 'pretentious']",3
the scenes with the ohsomature neighbourgirl are a misplace  ,0,"['scene', 'ohsomature', 'neighbourgirl', 'misplace']",4
and generally the lines and plot is weaker than the average episode  ,0,"['generally', 'line', 'plot', 'weaker', 'average', 'episode']",6
then scene where they debated whether or not to sack the trumpeter who falsely was accused for the murder is pure horror really stupid  ,0,"['scene', 'debated', 'whether', 'sack', 'trumpeter', 'falsely', 'accused', 'murder', 'pure', 'horror', 'really', 'stupid']",12
some applause should be given to the prelude however  ,1,"['applause', 'given', 'prelude', 'however']",4
i really liked that  ,1,"['really', 'liked']",2
a great film by a great director  ,1,"['great', 'film', 'great', 'director']",4
the movie had you on the edge of your seat and made you somewhat afraid to go to your car at the end of the night  ,1,"['movie', 'edge', 'seat', 'made', 'somewhat', 'afraid', 'go', 'car', 'end', 'night']",10
the music in the film is really nice too  ,1,"['music', 'film', 'really', 'nice']",4
id advise anyone to go and see it  ,1,"['id', 'advise', 'anyone', 'go', 'see']",5
brilliant  ,1,['brilliant'],1
1010  ,1,['1010'],1
i liked this movie way too much  ,1,"['liked', 'movie', 'way', 'much']",4
my only problem is i thought the actor playing the villain was a low rent michael ironside  ,0,"['problem', 'thought', 'actor', 'playing', 'villain', 'low', 'rent', 'michael', 'ironside']",9
it rocked my world and is certainly a must see for anyone with no social or physical outlets  ,1,"['rocked', 'world', 'certainly', 'must', 'see', 'anyone', 'social', 'physical', 'outlet']",9
however this didnt make up for the fact that overall this was a tremendously boring movie  ,0,"['however', 'didnt', 'make', 'fact', 'overall', 'tremendously', 'boring', 'movie']",8
there was no chemistry between ben affleck and sandra bullock in this film and i couldnt understand why he would consider even leaving his wifetobe for this chick that he supposedly was knocked out by  ,0,"['chemistry', 'ben', 'affleck', 'sandra', 'bullock', 'film', 'couldnt', 'understand', 'would', 'consider', 'even', 'leaving', 'wifetobe', 'chick', 'supposedly', 'knocked']",16
there were several moments in the movie that just didnt need to be there and were excruciatingly slow moving  ,0,"['several', 'moment', 'movie', 'didnt', 'need', 'excruciatingly', 'slow', 'moving']",8
this was a poor remake of my best friends wedding  ,0,"['poor', 'remake', 'best', 'friend', 'wedding']",5
all in all a great disappointment  ,0,"['great', 'disappointment']",2
i cannot believe that the actors agreed to do this film  ,0,"['believe', 'actor', 'agreed', 'film']",4
i could not stand to even watch it for very long for fear of losing iq  ,0,"['could', 'stand', 'even', 'watch', 'long', 'fear', 'losing', 'iq']",8
i guess that nobody at the network that aired this dribble watched it before putting it on  ,0,"['guess', 'nobody', 'network', 'aired', 'dribble', 'watched', 'putting']",7
imdb ratings only go as low 1 for awful its time to get some negative numbers in there for cases such as these  ,0,"['imdb', 'rating', 'go', 'low', '1', 'awful', 'time', 'get', 'negative', 'number', 'case']",11
i saw mirrormask last night and it was an unsatisfactory experience  ,0,"['saw', 'mirrormask', 'last', 'night', 'unsatisfactory', 'experience']",6
unfortunately inexperience of direction meant that scene after scene passed with little in the way of dramatic tension or conflict  ,0,"['unfortunately', 'inexperience', 'direction', 'meant', 'scene', 'scene', 'passed', 'little', 'way', 'dramatic', 'tension', 'conflict']",12
these are the central themes of the film and they are handled ineptly stereotypically and with no depth of imagination  ,0,"['central', 'theme', 'film', 'handled', 'ineptly', 'stereotypically', 'depth', 'imagination']",8
all the pretty pictures in the world cannot make up for a piece of work that is flawed at the core  ,0,"['pretty', 'picture', 'world', 'make', 'piece', 'work', 'flawed', 'core']",8
it is an hour and half waste of time following a bunch of very pretty high schoolers whine and cry about life  ,0,"['hour', 'half', 'waste', 'time', 'following', 'bunch', 'pretty', 'high', 'schoolers', 'whine', 'cry', 'life']",12
you cant relate with them hell you barely can understand them  ,0,"['cant', 'relate', 'hell', 'barely', 'understand']",5
this is definitely a cult classic well worth viewing and sharing with others  ,1,"['definitely', 'cult', 'classic', 'well', 'worth', 'viewing', 'sharing', 'others']",8
this movie is a pure disaster the story is stupid and the editing is the worst i have seen it confuses you incredibly  ,0,"['movie', 'pure', 'disaster', 'story', 'stupid', 'editing', 'worst', 'seen', 'confuses', 'incredibly']",10
the fish is badly made and some of its underwater shots are repeated a thousand times in the film  ,0,"['fish', 'badly', 'made', 'underwater', 'shot', 'repeated', 'thousand', 'time', 'film']",9
a truly truly bad film  ,0,"['truly', 'truly', 'bad', 'film']",4
the acting is terrible and the writing is worse  ,0,"['acting', 'terrible', 'writing', 'worse']",4
the only possible way this movie could be redeemed would be as mst3k fodder  ,0,"['possible', 'way', 'movie', 'could', 'redeemed', 'would', 'mst3k', 'fodder']",8
i paid too much  ,0,"['paid', 'much']",2
also its a real treat to see anthony quinn playing crazy horse  ,1,"['also', 'real', 'treat', 'see', 'anthony', 'quinn', 'playing', 'crazy', 'horse']",9
it was so boring  ,0,['boring'],1
no plot whatsoever  ,0,"['plot', 'whatsoever']",2
again no plot at all  ,0,['plot'],1
horrible  ,0,['horrible'],1
worst hour and a half of my lifeoh my gosh  ,0,"['worst', 'hour', 'half', 'lifeoh', 'gosh']",5
i had to walk out of the theatre for a few minutes just to get some relief  ,0,"['walk', 'theatre', 'minute', 'get', 'relief']",5
i hate movies like that  ,0,"['hate', 'movie', 'like']",3
yeah the movie pretty much sucked  ,0,"['yeah', 'movie', 'pretty', 'much', 'sucked']",5
there is no plot or storyline  ,0,"['plot', 'storyline']",2
if you do go see this movie bring a pillow or a girlfriendboyfriend to keep you occupied through out  ,0,"['go', 'see', 'movie', 'bring', 'pillow', 'girlfriendboyfriend', 'keep', 'occupied']",8
awful  ,0,['awful'],1
i dont think ive ever gone to a movie and disliked it as much  ,0,"['dont', 'think', 'ive', 'ever', 'gone', 'movie', 'disliked', 'much']",8
it was a good thing that the tickets only cost five dollars because i would be mad if id have paid 750 to see this crap  ,0,"['good', 'thing', 'ticket', 'cost', 'five', 'dollar', 'would', 'mad', 'id', 'paid', '750', 'see', 'crap']",13
nobody identifies with these characters because theyre all cardboard cutouts and stereotypes or predictably reversestereotypes  ,0,"['nobody', 'identifies', 'character', 'theyre', 'cardboard', 'cutout', 'stereotype', 'predictably', 'reversestereotypes']",9
this is a bad film with bad writing and good actorsan ugly cartoon crafted by paul haggis for people who cant handle anything but the bold strokes in storytellinga picture painted with crayons  ,0,"['bad', 'film', 'bad', 'writing', 'good', 'actorsan', 'ugly', 'cartoon', 'crafted', 'paul', 'haggis', 'people', 'cant', 'handle', 'anything', 'bold', 'stroke', 'storytellinga', 'picture', 'painted', 'crayon']",21
crash is a depressing little nothing that provokes emotion but teaches you nothing if you already know racism and prejudice are bad things  ,0,"['crash', 'depressing', 'little', 'nothing', 'provokes', 'emotion', 'teach', 'nothing', 'already', 'know', 'racism', 'prejudice', 'bad', 'thing']",14
still i do like this movie for its empowerment of women theres not enough movies out there like this one  ,1,"['still', 'like', 'movie', 'empowerment', 'woman', 'there', 'enough', 'movie', 'like', 'one']",10
your brain will attempt to shutdown as part of a primal impulse of selfpreservation  ,0,"['brain', 'attempt', 'shutdown', 'part', 'primal', 'impulse', 'selfpreservation']",7
i was left shattered from the experience of watching this film and i took a good two hours to fully recover  ,0,"['left', 'shattered', 'experience', 'watching', 'film', 'took', 'good', 'two', 'hour', 'fully', 'recover']",11
this movie now joins revenge of the boogeyman and zombiez as part of the hellish trinity of horror films  ,0,"['movie', 'join', 'revenge', 'boogeyman', 'zombiez', 'part', 'hellish', 'trinity', 'horror', 'film']",10
i certainly do not mean this distinction in a good way  ,0,"['certainly', 'mean', 'distinction', 'good', 'way']",5
i mean this in a terrible way  ,0,"['mean', 'terrible', 'way']",3
this film has no redeeming features  ,0,"['film', 'redeeming', 'feature']",3
everything is appalling  ,0,"['everything', 'appalling']",2
artless camerawork endlessly presents us with the ugliest setting imaginable ie  ,0,"['artless', 'camerawork', 'endlessly', 'present', 'u', 'ugliest', 'setting', 'imaginable', 'ie']",9
the story is beyond stupid  ,0,"['story', 'beyond', 'stupid']",3
the script iswas there a script  ,0,"['script', 'script']",2
the kids are annoying  ,0,"['kid', 'annoying']",2
the lead man is charismafree  ,0,"['lead', 'man', 'charismafree']",3
utterly without merit on any level this is akin to torture  ,0,"['utterly', 'without', 'merit', 'level', 'akin', 'torture']",6
ill even say it again  this is torture  ,0,"['ill', 'even', 'say', 'torture']",4
maybe there would be a reasonable explanation for this atrocity  ,0,"['maybe', 'would', 'reasonable', 'explanation', 'atrocity']",5
not a pleasant voyage of selfdiscovery  ,0,"['pleasant', 'voyage', 'selfdiscovery']",3
highly unrecommended  ,0,"['highly', 'unrecommended']",2
if this premise sound stupid thats because it is  ,0,"['premise', 'sound', 'stupid', 'thats']",4
yes its that bad  ,0,"['yes', 'bad']",2
nothing at all to recommend  ,0,"['nothing', 'recommend']",2
an excellent performance from ms  ,1,"['excellent', 'performance', 'm']",3
garbo who showed right off the bat that her talents could carry over from the silent era i wanted to see some of her silent work but netflix doesnt seem to be stocking them  ,1,"['garbo', 'showed', 'right', 'bat', 'talent', 'could', 'carry', 'silent', 'era', 'wanted', 'see', 'silent', 'work', 'netflix', 'doesnt', 'seem', 'stocking']",17
its also great to see that renowned silent screenwriter frances marion hasnt missed a step going from silent to sound  ,1,"['also', 'great', 'see', 'renowned', 'silent', 'screenwriter', 'france', 'marion', 'hasnt', 'missed', 'step', 'going', 'silent', 'sound']",14
this movie suffered because of the writing it needed more suspense  ,0,"['movie', 'suffered', 'writing', 'needed', 'suspense']",5
there were too many close ups  ,0,"['many', 'close', 'ups']",3
but other than that the movie seemed to drag and the heroes didnt really work for their freedom  ,0,"['movie', 'seemed', 'drag', 'hero', 'didnt', 'really', 'work', 'freedom']",8
but this movie is definitely a below average rent  ,0,"['movie', 'definitely', 'average', 'rent']",4
youll love it  ,1,"['youll', 'love']",2
this movie is bad  ,0,"['movie', 'bad']",2
so bad  ,0,['bad'],1
the film is way too long  ,0,"['film', 'way', 'long']",3
this is definitely one of the bad ones  ,0,"['definitely', 'one', 'bad', 'one']",4
the movie i received was a great quality film for its age  ,1,"['movie', 'received', 'great', 'quality', 'film', 'age']",6
john wayne did an incredible job for being so young in the movie industry  ,1,"['john', 'wayne', 'incredible', 'job', 'young', 'movie', 'industry']",7
his on screen presence shined thought even though there were other senior actors on the screen with him  ,1,"['screen', 'presence', 'shined', 'thought', 'even', 'though', 'senior', 'actor', 'screen']",9
i think that it is a must see older john wayne film  ,1,"['think', 'must', 'see', 'older', 'john', 'wayne', 'film']",7
i really dont see how anyone could enjoy this movie  ,0,"['really', 'dont', 'see', 'anyone', 'could', 'enjoy', 'movie']",7
i dont think ive ever seen a movie half as boring as this selfindulgent piece of junk  ,0,"['dont', 'think', 'ive', 'ever', 'seen', 'movie', 'half', 'boring', 'selfindulgent', 'piece', 'junk']",11
it probably would have been better if the director hadnt spent most of the movie showcasing his own art work which really isnt that noteworthy  ,0,"['probably', 'would', 'better', 'director', 'hadnt', 'spent', 'movie', 'showcasing', 'art', 'work', 'really', 'isnt', 'noteworthy']",13
another thing i didnt really like is when a character got punched in the face a gallon of blood would spew forth soon after  ,0,"['another', 'thing', 'didnt', 'really', 'like', 'character', 'got', 'punched', 'face', 'gallon', 'blood', 'would', 'spew', 'forth', 'soon']",15
jamie foxx absolutely is ray charles  ,1,"['jamie', 'foxx', 'absolutely', 'ray', 'charles']",5
his performance is simply genius  ,1,"['performance', 'simply', 'genius']",3
he owns the film just as spacek owned coal miners daughter and quaid owned great balls of fire  ,1,"['owns', 'film', 'spacek', 'owned', 'coal', 'miner', 'daughter', 'quaid', 'owned', 'great', 'ball', 'fire']",12
 in fact its hard to remember that the part of ray charles is being acted and not played by the man himself  ,1,"['fact', 'hard', 'remember', 'part', 'ray', 'charles', 'acted', 'played', 'man']",9
ray charles is legendary  ,1,"['ray', 'charles', 'legendary']",3
ray charles life provided excellent biographical material for the film which goes well beyond being just another movie about a musician  ,1,"['ray', 'charles', 'life', 'provided', 'excellent', 'biographical', 'material', 'film', 'go', 'well', 'beyond', 'another', 'movie', 'musician']",14
hitchcock is a great director  ,1,"['hitchcock', 'great', 'director']",3
ironically i mostly find his films a total waste of time to watch  ,0,"['ironically', 'mostly', 'find', 'film', 'total', 'waste', 'time', 'watch']",8
secondly hitchcock pretty much perfected the thriller and chase movie  ,1,"['secondly', 'hitchcock', 'pretty', 'much', 'perfected', 'thriller', 'chase', 'movie']",8
its this pandering to the audience that sabotages most of his films  ,0,"['pandering', 'audience', 'sabotage', 'film']",4
hence the whole story lacks a certain energy  ,0,"['hence', 'whole', 'story', 'lack', 'certain', 'energy']",6
the plot simply rumbles on like a machine desperately depending on the addition of new scenes  ,0,"['plot', 'simply', 'rumble', 'like', 'machine', 'desperately', 'depending', 'addition', 'new', 'scene']",10
there are the usual hitchcock logic flaws  ,0,"['usual', 'hitchcock', 'logic', 'flaw']",4
mishima is extremely uninteresting  ,0,"['mishima', 'extremely', 'uninteresting']",3
this is a chilly unremarkable movie about an author livingworking in a chilly abstruse culture  ,0,"['chilly', 'unremarkable', 'movie', 'author', 'livingworking', 'chilly', 'abstruse', 'culture']",8
the flat reenactments dont hold your attention because they are emotionally adrift and stagy  ,0,"['flat', 'reenactment', 'dont', 'hold', 'attention', 'emotionally', 'adrift', 'stagy']",8
and the rest of it just sits there being awful with soldiers singing songs about the masculinity they pledge themselves to hairsplitting about purity the admiration of swords etc  ,0,"['rest', 'sits', 'awful', 'soldier', 'singing', 'song', 'masculinity', 'pledge', 'hairsplitting', 'purity', 'admiration', 'sword', 'etc']",13
he can bore you to pieces and kill the momentum of a movie quicker than anyone else  ,0,"['bore', 'piece', 'kill', 'momentum', 'movie', 'quicker', 'anyone', 'else']",8
schrader has made a resume full of lousy amateurish films  ,0,"['schrader', 'made', 'resume', 'full', 'lousy', 'amateurish', 'film']",7
when i first watched this movie in the 80s i loved it  ,1,"['first', 'watched', 'movie', '80', 'loved']",5
i was totally fascinated by the music the dancing everything  ,1,"['totally', 'fascinated', 'music', 'dancing', 'everything']",5
however i recently watched the whole thing again on dvd and i was completely struck by how extremely stupid the storyline was  how it contained holes inconsistencies and  frankly  a whole lot of crap  and how horrid the dancing was  ,0,"['however', 'recently', 'watched', 'whole', 'thing', 'dvd', 'completely', 'struck', 'extremely', 'stupid', 'storyline', 'contained', 'hole', 'inconsistency', 'frankly', 'whole', 'lot', 'crap', 'horrid', 'dancing']",20
i mean in a realistic world she would never have gotten into that ballet repertory the whole thing was quite pathetic  ,0,"['mean', 'realistic', 'world', 'would', 'never', 'gotten', 'ballet', 'repertory', 'whole', 'thing', 'quite', 'pathetic']",12
the character developments also lacked in depth  ,0,"['character', 'development', 'also', 'lacked', 'depth']",5
woa talk about awful  ,0,"['woa', 'talk', 'awful']",3
do not waste your time  ,0,"['waste', 'time']",2
it was just too horrible  ,0,['horrible'],1
the worst sappiest dialogue i could go on and on  ,0,"['worst', 'sappiest', 'dialogue', 'could', 'go']",5
but what really made it unwatchable was the direction  ,0,"['really', 'made', 'unwatchable', 'direction']",4
the poor actors  ,0,"['poor', 'actor']",2
you cant even tell if they have any talent because they not only have pathetic lines to speak but the director gave them no action  ,0,"['cant', 'even', 'tell', 'talent', 'pathetic', 'line', 'speak', 'director', 'gave', 'action']",10
if you check the directors filmography on this site you will see why this film didnt have a chance  ,0,"['check', 'director', 'filmography', 'site', 'see', 'film', 'didnt', 'chance']",8
this would not even be good as a made for tv flick  ,0,"['would', 'even', 'good', 'made', 'tv', 'flick']",6
if good intentions made a film great then this film might be one of the greatest films ever made  ,1,"['good', 'intention', 'made', 'film', 'great', 'film', 'might', 'one', 'greatest', 'film', 'ever', 'made']",12
the film has great actors a master director a significant themeat least a wouldbe significant theme undertone of fifties existential worldweariness aerial scenes that ought to have thrilled both senses and imagination and characters about which one might deeply care  ,1,"['film', 'great', 'actor', 'master', 'director', 'significant', 'themeat', 'least', 'wouldbe', 'significant', 'theme', 'undertone', 'fifty', 'existential', 'worldweariness', 'aerial', 'scene', 'ought', 'thrilled', 'sens', 'imagination', 'character', 'one', 'might', 'deeply', 'care']",26
regrettably the film fails  ,0,"['regrettably', 'film', 'fails']",3
the movie lacks visual interest drama expression of feeling and celebration of the very patriotism that underlines the narrative  ,0,"['movie', 'lack', 'visual', 'interest', 'drama', 'expression', 'feeling', 'celebration', 'patriotism', 'underline', 'narrative']",11
no actress has been worse used that june allison in this movie  ,0,"['actress', 'worse', 'used', 'june', 'allison', 'movie']",6
yet i enjoy watching it  ,1,"['yet', 'enjoy', 'watching']",3
unfortunately this is a bad movie that is just plain bad  ,0,"['unfortunately', 'bad', 'movie', 'plain', 'bad']",5
bad script bad direction and horrible acting make this one plain bad  ,0,"['bad', 'script', 'bad', 'direction', 'horrible', 'acting', 'make', 'one', 'plain', 'bad']",10
the dialogue sucked  ,0,"['dialogue', 'sucked']",2
the cinematographyif it can be called thatsucked  ,0,"['cinematographyif', 'called', 'thatsucked']",3
the soundtrack sucked  ,0,"['soundtrack', 'sucked']",2
the acting sucked  ,0,"['acting', 'sucked']",2
the concert sequences just sucked  ,0,"['concert', 'sequence', 'sucked']",3
that was nice  ,1,['nice'],1
that was funny  ,1,['funny'],1
it was so funny  ,1,['funny'],1
overall this movie was cheap trash  ,0,"['overall', 'movie', 'cheap', 'trash']",4
but this movie is not funny considering the ridiculousness of it  ,0,"['movie', 'funny', 'considering', 'ridiculousness']",4
i came out of it feeling angry  ,0,"['came', 'feeling', 'angry']",3
spoilers whatever else can or cant be said about it surface is superbly crafted  ,1,"['spoiler', 'whatever', 'else', 'cant', 'said', 'surface', 'superbly', 'crafted']",8
the cinematography is simply stunning to say the least and the fx are nothing if not stateoftheart  ,1,"['cinematography', 'simply', 'stunning', 'say', 'least', 'fx', 'nothing', 'stateoftheart']",8
conceptually the show offers a little bit of everything and for just about everybody parents kids fantasy andor fx fans  ,1,"['conceptually', 'show', 'offer', 'little', 'bit', 'everything', 'everybody', 'parent', 'kid', 'fantasy', 'andor', 'fx', 'fan']",13
and there wasnt a single sour note struck actingwise either some surprisingly solid casting here  ,1,"['wasnt', 'single', 'sour', 'note', 'struck', 'actingwise', 'either', 'surprisingly', 'solid', 'casting']",10
all things considered a job very well done  ,1,"['thing', 'considered', 'job', 'well', 'done']",5
thanks good a movie like this was done and released  ,1,"['thanks', 'good', 'movie', 'like', 'done', 'released']",6
one of the best mexican movies ever and one of the less understood even by mexican themselves no matter how identified the should have felt with it  ,1,"['one', 'best', 'mexican', 'movie', 'ever', 'one', 'less', 'understood', 'even', 'mexican', 'matter', 'identified', 'felt']",13
it ranks highly as a great noircrimedrama incredible performances by belmondo and lino ventura  ,1,"['rank', 'highly', 'great', 'noircrimedrama', 'incredible', 'performance', 'belmondo', 'lino', 'ventura']",9
the attention given to every character and complex psychological portrayals detailing loyalty treachery love and hope are tremendous  ,1,"['attention', 'given', 'every', 'character', 'complex', 'psychological', 'portrayal', 'detailing', 'loyalty', 'treachery', 'love', 'hope', 'tremendous']",13
it is an excellent drama an excellent thriller and an excellent film  ,1,"['excellent', 'drama', 'excellent', 'thriller', 'excellent', 'film']",6
up there with the best of melville  ,1,"['best', 'melville']",2
everything about this film is simply incredible  ,1,"['everything', 'film', 'simply', 'incredible']",4
you truly take this journey through the eyes and soul of a child  ,1,"['truly', 'take', 'journey', 'eye', 'soul', 'child']",6
black water is a thriller that manages to completely transcend its limitations its an indie flick by continually subverting expectations to emerge as an intense experience  ,1,"['black', 'water', 'thriller', 'manages', 'completely', 'transcend', 'limitation', 'indie', 'flick', 'continually', 'subverting', 'expectation', 'emerge', 'intense', 'experience']",15
the performances are real and gripping the crocdodile is extremely well done indeed if the black water website is to be believed thats because they used real crocs and the swamp location is fabulous  ,1,"['performance', 'real', 'gripping', 'crocdodile', 'extremely', 'well', 'done', 'indeed', 'black', 'water', 'website', 'believed', 'thats', 'used', 'real', 'crocs', 'swamp', 'location', 'fabulous']",19
i thoroughly enjoyed it when christopher eccleston took control of the tardis and the continuation of the series  ,1,"['thoroughly', 'enjoyed', 'christopher', 'eccleston', 'took', 'control', 'tardis', 'continuation', 'series']",9
im not sure what he was trying to do with this film  ,0,"['im', 'sure', 'trying', 'film']",4
if it was to turn my good day feeling into a night of disturbing memories than i guess he succeeded  ,0,"['turn', 'good', 'day', 'feeling', 'night', 'disturbing', 'memory', 'guess', 'succeeded']",9
there is a lot of beautiful places  ,1,"['lot', 'beautiful', 'place']",3
it was forced like everything in this movie  ,0,"['forced', 'like', 'everything', 'movie']",4
again lame  ,0,['lame'],1
heres where the movie really pied me off  ,0,"['here', 'movie', 'really', 'pied']",4
and dont even get me started on the jerky camerawork  ,0,"['dont', 'even', 'get', 'started', 'jerky', 'camerawork']",6
when i saw it in the theater i thought i was going to be sick  ,0,"['saw', 'theater', 'thought', 'going', 'sick']",5
summary the witticisms werent witty  ,0,"['summary', 'witticism', 'werent', 'witty']",4
the plot  well i said id let that one go  ,0,"['plot', 'well', 'said', 'id', 'let', 'one', 'go']",7
the acting was bad  ,0,"['acting', 'bad']",2
really bad  ,0,"['really', 'bad']",2
even billy bob couldnt rise above the script which was worse  ,0,"['even', 'billy', 'bob', 'couldnt', 'rise', 'script', 'worse']",7
camerawork  again bad  ,0,"['camerawork', 'bad']",2
rating 1 out of 10  ,0,"['rating', '1', '10']",3
an amazing finale to possibly the best trilogy of all time  ,1,"['amazing', 'finale', 'possibly', 'best', 'trilogy', 'time']",6
kieslowski never ceases to amaze me  ,1,"['kieslowski', 'never', 'cease', 'amaze']",4
he is one of my favourite directors and one of the most talented directors in the history of cinema  ,1,"['one', 'favourite', 'director', 'one', 'talented', 'director', 'history', 'cinema']",8
his use of the colours of the french flag in the three films was nothing short of incredible every shot every scene was like a work of art  ,1,"['use', 'colour', 'french', 'flag', 'three', 'film', 'nothing', 'short', 'incredible', 'every', 'shot', 'every', 'scene', 'like', 'work', 'art']",16
three of the most visually appealing movies ive ever seen  ,1,"['three', 'visually', 'appealing', 'movie', 'ive', 'ever', 'seen']",7
and his subtle connections between the three films are awesome  ,1,"['subtle', 'connection', 'three', 'film', 'awesome']",5
i have to mention this and it is a huge spoiler i loved the ending how all the characters of the three films were the remaining survivors of the ferry disaster with valentine and the young judge together and the old man watching it on her tv solidifying his happiness over the suffering which he dealt with for those many years  ,1,"['mention', 'huge', 'spoiler', 'loved', 'ending', 'character', 'three', 'film', 'remaining', 'survivor', 'ferry', 'disaster', 'valentine', 'young', 'judge', 'together', 'old', 'man', 'watching', 'tv', 'solidifying', 'happiness', 'suffering', 'dealt', 'many', 'year']",26
i couldnt think of a better way to end the film but a smile on my face great way to wrap up an amazing film and trilogy  ,1,"['couldnt', 'think', 'better', 'way', 'end', 'film', 'smile', 'face', 'great', 'way', 'wrap', 'amazing', 'film', 'trilogy']",14
i recommend this for everyone who loves film movies anythinga work of art  ,1,"['recommend', 'everyone', 'love', 'film', 'movie', 'anythinga', 'work', 'art']",8
10 out of 10 for both the movie and trilogy  ,1,"['10', '10', 'movie', 'trilogy']",4
i literally vomited while watching this film  ,0,"['literally', 'vomited', 'watching', 'film']",4
i think i was one of the people who found this another one of roths pearls  ,1,"['think', 'one', 'people', 'found', 'another', 'one', 'roth', 'pearl']",8
his performance as awarded was stunning  ,1,"['performance', 'awarded', 'stunning']",3
the story which was told so eloquently by francis ford coppola 25 years earlier really unfolds gradually and leaves room for the characters to develop  ,1,"['story', 'told', 'eloquently', 'francis', 'ford', 'coppola', '25', 'year', 'earlier', 'really', 'unfolds', 'gradually', 'leaf', 'room', 'character', 'develop']",16
in a most wonderful location lies a story of contrast  ,1,"['wonderful', 'location', 'lie', 'story', 'contrast']",5
all in all a beautiful directed film from nicolas roeg wih a sublime cast  ,1,"['beautiful', 'directed', 'film', 'nicolas', 'roeg', 'wih', 'sublime', 'cast']",8
im translating movies for a living and this is the first movie in my 5year working experience that i found offensive to my intelligence  ,0,"['im', 'translating', 'movie', 'living', 'first', 'movie', '5year', 'working', 'experience', 'found', 'offensive', 'intelligence']",12
but when someone strives for greatness and poetry but delivers a muddled and often ridiculous story a bunch of disparate scenes pretentious dialogue then you get the worst kind of a movie that some other reviewer very accurately defined as pretentious crap  ,0,"['someone', 'strives', 'greatness', 'poetry', 'delivers', 'muddled', 'often', 'ridiculous', 'story', 'bunch', 'disparate', 'scene', 'pretentious', 'dialogue', 'get', 'worst', 'kind', 'movie', 'reviewer', 'accurately', 'defined', 'pretentious', 'crap']",23
to those who find this movie intelligent or even masterful i can only say  its your intelligence and your imagination you obviously used to try and make some sense of this pitiful attempt its in our human nature to try and make sense of things   ,0,"['find', 'movie', 'intelligent', 'even', 'masterful', 'say', 'intelligence', 'imagination', 'obviously', 'used', 'try', 'make', 'sense', 'pitiful', 'attempt', 'human', 'nature', 'try', 'make', 'sense', 'thing']",21
one more thing i can tolerate political incorrectness very well im all for artistic freedom and suspension of disbelief but the slavic female character was just too much  ,0,"['one', 'thing', 'tolerate', 'political', 'incorrectness', 'well', 'im', 'artistic', 'freedom', 'suspension', 'disbelief', 'slavic', 'female', 'character', 'much']",15
this is such a fun and funny movie  ,1,"['fun', 'funny', 'movie']",3
highly entertaining at all angles  ,1,"['highly', 'entertaining', 'angle']",3
it features an outlandish array of memorable psychotic but lovable nuts  ,1,"['feature', 'outlandish', 'array', 'memorable', 'psychotic', 'lovable', 'nut']",7
so for our enjoyment we get to see them run around play games and be dangerous  ,1,"['enjoyment', 'get', 'see', 'run', 'around', 'play', 'game', 'dangerous']",8
it even has its sweet moments  ,1,"['even', 'sweet', 'moment']",3
the telephone repair man was really funny and his reactions to the nuts and bitchy boss were truly genuine  ,1,"['telephone', 'repair', 'man', 'really', 'funny', 'reaction', 'nut', 'bitchy', 'bos', 'truly', 'genuine']",11
all the characters in this film are tremendously well played  ,1,"['character', 'film', 'tremendously', 'well', 'played']",5
and i really did find them funny  ,1,"['really', 'find', 'funny']",3
this is actually a very smart movie  ,1,"['actually', 'smart', 'movie']",3
there is a brilliant twist ending  ,1,"['brilliant', 'twist', 'ending']",3
 i love it  ,1,['love'],1
the ending is so so perfect youll shed a tear  ,1,"['ending', 'perfect', 'youll', 'shed', 'tear']",5
i am so thrilled after seeing a movie like this  ,1,"['thrilled', 'seeing', 'movie', 'like']",4
i will never forget it now  ,1,"['never', 'forget']",2
it is not just a cult it is a cult classic  ,1,"['cult', 'cult', 'classic']",3
which has more depth and character than the man underneath it  ,0,"['depth', 'character', 'man', 'underneath']",4
the malta settings are as dry and as barren as the dialogue  ,0,"['malta', 'setting', 'dry', 'barren', 'dialogue']",5
this movie is terrible  ,0,"['movie', 'terrible']",2
the hockey scenes are terrible defensemen playing like theyre 5 years old goalies diving at shots that are 10 feet wide of the net etc  ,0,"['hockey', 'scene', 'terrible', 'defensemen', 'playing', 'like', 'theyre', '5', 'year', 'old', 'goalie', 'diving', 'shot', '10', 'foot', 'wide', 'net', 'etc']",18
for those that havent seen it dont waste your time  ,0,"['havent', 'seen', 'dont', 'waste', 'time']",5
to call this movie a drama is ridiculous  ,0,"['call', 'movie', 'drama', 'ridiculous']",4
started watching this but didnt believe in any of the characters  ,0,"['started', 'watching', 'didnt', 'believe', 'character']",5
in particular the relationship between the bakery assistant and the waitress just didnt work for me at all  ,0,"['particular', 'relationship', 'bakery', 'assistant', 'waitress', 'didnt', 'work']",7
it was a very superficial movie and it gave me the feeling that i was watching play rather than a film  ,0,"['superficial', 'movie', 'gave', 'feeling', 'watching', 'play', 'rather', 'film']",8
the characters were very stagey and the storyline was a lot like a stage farce  ,0,"['character', 'stagey', 'storyline', 'lot', 'like', 'stage', 'farce']",7
by the time the pyromaniac waylaid the assistant i was bored and didnt care what happened next and so i switched off  ,0,"['time', 'pyromaniac', 'waylaid', 'assistant', 'bored', 'didnt', 'care', 'happened', 'next', 'switched']",10
glad i didnt pay to see it  ,0,"['glad', 'didnt', 'pay', 'see']",4
didnt laugh or even smile once  ,0,"['didnt', 'laugh', 'even', 'smile']",4
but it wasnt anything at all just one big yawn  ,0,"['wasnt', 'anything', 'one', 'big', 'yawn']",5
it is a really good show to watch  ,1,"['really', 'good', 'show', 'watch']",4
it is very educational for children 1 to 8 years old  ,1,"['educational', 'child', '1', '8', 'year', 'old']",6
barney is definitely super de duper  ,1,"['barney', 'definitely', 'super', 'de', 'duper']",5
is pretty funny  ,1,"['pretty', 'funny']",2
babie bop is very cute  ,1,"['babie', 'bop', 'cute']",3
the kids are very cool too  ,1,"['kid', 'cool']",2
 but storm trooper is not even bad enough to make it to the list of wonderfully terrible movies  ,0,"['storm', 'trooper', 'even', 'bad', 'enough', 'make', 'list', 'wonderfully', 'terrible', 'movie']",10
its just lame  ,0,['lame'],1
the guy who said hes had better dialogue with his potted plants has it right  ,0,"['guy', 'said', 'he', 'better', 'dialogue', 'potted', 'plant', 'right']",8
everything about this movie is stupid  ,0,"['everything', 'movie', 'stupid']",3
even if you love bad movies do not watch this movie  ,0,"['even', 'love', 'bad', 'movie', 'watch', 'movie']",6
it is shameful  ,0,['shameful'],1
i would give this television series a 10 plus if i could  ,1,"['would', 'give', 'television', 'series', '10', 'plus', 'could']",7
the writers were smack on and i think the best actors and actresses were a bonus to the showthese characters were so real  ,1,"['writer', 'smack', 'think', 'best', 'actor', 'actress', 'bonus', 'showthese', 'character', 'real']",10
i must say i have taped most of the episodes and i find myself watching them over and over again  ,1,"['must', 'say', 'taped', 'episode', 'find', 'watching']",6
now you know why i gave it a 10  ,1,"['know', 'gave', '10']",3
i dont know exactly what it is about this movie but we latched on to this endearing movie and it has become a special part of our familys memories  ,1,"['dont', 'know', 'exactly', 'movie', 'latched', 'endearing', 'movie', 'become', 'special', 'part', 'family', 'memory']",12
i totally and absolutely recommend this movie to anyone who likes good wholesome family movies because that is exactly what this is  ,1,"['totally', 'absolutely', 'recommend', 'movie', 'anyone', 'like', 'good', 'wholesome', 'family', 'movie', 'exactly']",11
the things that the four kids get themselves into is absolutely hilarious to watch  ,1,"['thing', 'four', 'kid', 'get', 'absolutely', 'hilarious', 'watch']",7
this is one of the best movies out there that shows such strong sibling bond for each other  ,1,"['one', 'best', 'movie', 'show', 'strong', 'sibling', 'bond']",7
much more interesting more action more suspense and less of the unneeded controversy  ,1,"['much', 'interesting', 'action', 'suspense', 'less', 'unneeded', 'controversy']",7
everything from acting to cinematography was solid  ,1,"['everything', 'acting', 'cinematography', 'solid']",4
definitely worth checking out  ,1,"['definitely', 'worth', 'checking']",3
damian is so talented and versatile in so many ways of writing and portraying different characters on screen  ,1,"['damian', 'talented', 'versatile', 'many', 'way', 'writing', 'portraying', 'different', 'character', 'screen']",10
this movie has a cutting edge to it  ,1,"['movie', 'cutting', 'edge']",3
i am so pleased to know such a modern day genius is out there  letting is passion for art drive him and taking us as an audience with him  ,1,"['pleased', 'know', 'modern', 'day', 'genius', 'letting', 'passion', 'art', 'drive', 'taking', 'u', 'audience']",12
the new characters werent all that memorable and i found myself forgetting who was who  ,0,"['new', 'character', 'werent', 'memorable', 'found', 'forgetting']",6
i felt as though her going to ireland did absolutely nothing whatsoever  ,0,"['felt', 'though', 'going', 'ireland', 'absolutely', 'nothing', 'whatsoever']",7
it didnt make me scared horrified or make me sympathetic towards the characters it was simply annoying  ,0,"['didnt', 'make', 'scared', 'horrified', 'make', 'sympathetic', 'towards', 'character', 'simply', 'annoying']",10
the jerky camera movements were also annoying  ,0,"['jerky', 'camera', 'movement', 'also', 'annoying']",5
the plot was the same as pretty much every other cheap horror  ,0,"['plot', 'pretty', 'much', 'every', 'cheap', 'horror']",6
there was a few pathetic attempts to give the characters some depth but it didnt really work into the rest of the plot  ,0,"['pathetic', 'attempt', 'give', 'character', 'depth', 'didnt', 'really', 'work', 'rest', 'plot']",10
i guess it was supposed to be clever twist then shed some light on the situation but it was just stupid  ,0,"['guess', 'supposed', 'clever', 'twist', 'shed', 'light', 'situation', 'stupid']",8
if you see it you should probably just leave it on the shelf  ,0,"['see', 'probably', 'leave', 'shelf']",4
elias koteasjack palance play good roles angelina is hot and gets nakedbilly drago appears in this and is cool as usual  a cameo by sven ole thorsen helps make this a very enjoyable movie with good acting and a decent budget  ,1,"['elia', 'koteasjack', 'palance', 'play', 'good', 'role', 'angelina', 'hot', 'get', 'nakedbilly', 'drago', 'appears', 'cool', 'usual', 'cameo', 'sven', 'ole', 'thorsen', 'help', 'make', 'enjoyable', 'movie', 'good', 'acting', 'decent', 'budget']",26
this was such an awesome movie that i bought it off of ebay  ,1,"['awesome', 'movie', 'bought', 'ebay']",4
i really loved the story line and the poler bear was kinda cutebut if anyone has a question about fort steele just ask away  ,1,"['really', 'loved', 'story', 'line', 'poler', 'bear', 'kinda', 'cutebut', 'anyone', 'question', 'fort', 'steele', 'ask', 'away']",14
this totally unfunny movie is so over the top and pathetic and unrealistic that throughout the whole 90 minutes of utter torture i probably looked at my watch about 70000 times  ,0,"['totally', 'unfunny', 'movie', 'top', 'pathetic', 'unrealistic', 'throughout', 'whole', '90', 'minute', 'utter', 'torture', 'probably', 'looked', 'watch', '70000', 'time']",17
lucy bell is so much higher than this crap and for her to sink this low is quite depressing  ,0,"['lucy', 'bell', 'much', 'higher', 'crap', 'sink', 'low', 'quite', 'depressing']",9
all this movie does is make you sick watching all these slackers make excuses for their stupid actions for 90 minutes  ,0,"['movie', 'make', 'sick', 'watching', 'slacker', 'make', 'excuse', 'stupid', 'action', '90', 'minute']",11
god and i can never get that 90 minutes back  ,0,"['god', 'never', 'get', '90', 'minute', 'back']",6
i think the most wonderful parts literally full of wonder are the excerpts from his works  ,1,"['think', 'wonderful', 'part', 'literally', 'full', 'wonder', 'excerpt', 'work']",8
the sets especially designed to work with the camera are amazingstylized beautiful and effective  ,1,"['set', 'especially', 'designed', 'work', 'camera', 'amazingstylized', 'beautiful', 'effective']",8
they could be used as exemplars for any set designer  ,1,"['could', 'used', 'exemplar', 'set', 'designer']",5
the stories were powerful explorations of the nature of man and of art  ,1,"['story', 'powerful', 'exploration', 'nature', 'man', 'art']",6
after watching this film i wanted to learn more about the works of this artist  ,1,"['watching', 'film', 'wanted', 'learn', 'work', 'artist']",6
i highly recommend this movie for anyone interested in art poetry theater politics or japanese history  ,1,"['highly', 'recommend', 'movie', 'anyone', 'interested', 'art', 'poetry', 'theater', 'politics', 'japanese', 'history']",11
here in the wind and the lion we see a wonderful rendering of americas own imperial age  ,1,"['wind', 'lion', 'see', 'wonderful', 'rendering', 'america', 'imperial', 'age']",8
 what makes this story different are the terrific production values  faultless photography composition and editing  the terrific casting  the underappreciated brian keith playing a bully teddy  and vivid history  ,1,"['make', 'story', 'different', 'terrific', 'production', 'value', 'faultless', 'photography', 'composition', 'editing', 'terrific', 'casting', 'underappreciated', 'brian', 'keith', 'playing', 'bully', 'teddy', 'vivid', 'history']",20
though the wind and the lion is told largely through the eyes of the son every member of the family can identify with one of the characters whether it be sean connerys noble brigand candace bergens feisty heroine john hustons wily john hay or steve kanalys spiffy radiant ruthless cando lieutenant roosevelts big stick  ,1,"['though', 'wind', 'lion', 'told', 'largely', 'eye', 'son', 'every', 'member', 'family', 'identify', 'one', 'character', 'whether', 'sean', 'connerys', 'noble', 'brigand', 'candace', 'bergen', 'feisty', 'heroine', 'john', 'huston', 'wily', 'john', 'hay', 'steve', 'kanalys', 'spiffy', 'radiant', 'ruthless', 'cando', 'lieutenant', 'roosevelt', 'big', 'stick']",37
this is high adventure at its best  ,1,"['high', 'adventure', 'best']",3
i think it was robert ryans best film because he portrayed someone like my father and he was a schizophrenic in real lifemy father although he never murdered anyone but was affected more so during the second world war which made him worse  ,1,"['think', 'robert', 'ryans', 'best', 'film', 'portrayed', 'someone', 'like', 'father', 'schizophrenic', 'real', 'lifemy', 'father', 'although', 'never', 'murdered', 'anyone', 'affected', 'second', 'world', 'war', 'made', 'worse']",23
having to humour him just to get by and get through the day was so apt  ,1,"['humour', 'get', 'get', 'day', 'apt']",5
my mother and brother had to do thiswhen i saw robert ryan portraying this type of man it was a very good imitation of this type of individual and i was impressed  ,1,"['mother', 'brother', 'thiswhen', 'saw', 'robert', 'ryan', 'portraying', 'type', 'man', 'good', 'imitation', 'type', 'individual', 'impressed']",14
almost all of the songs in cover girl are oldfashioned and not very tuneful  ,0,"['almost', 'song', 'cover', 'girl', 'oldfashioned', 'tuneful']",6
the most annoying thing about cover girl is the way in which rita hayworth is put up on a pedestal  ,0,"['annoying', 'thing', 'cover', 'girl', 'way', 'rita', 'hayworth', 'put', 'pedestal']",9
unfortunately cover girl is an example of how hollywood used to exploit women for financial gain  ,0,"['unfortunately', 'cover', 'girl', 'example', 'hollywood', 'used', 'exploit', 'woman', 'financial', 'gain']",10
nonlinear narration thus many flashbacks and every part are articulated quite well  ,1,"['nonlinear', 'narration', 'thus', 'many', 'flashback', 'every', 'part', 'articulated', 'quite', 'well']",10
the good cinematography also makes her and monica bellucci look very beautiful  ,1,"['good', 'cinematography', 'also', 'make', 'monica', 'bellucci', 'look', 'beautiful']",8
a good commentary of todays love and undoubtedly a film worth seeing  ,1,"['good', 'commentary', 'today', 'love', 'undoubtedly', 'film', 'worth', 'seeing']",8
for people who are first timers in film making i think they did an excellent job  ,1,"['people', 'first', 'timer', 'film', 'making', 'think', 'excellent', 'job']",8
it was very popular when i was in the cinema a good house and very good reactions and plenty of laughs  ,1,"['popular', 'cinema', 'good', 'house', 'good', 'reaction', 'plenty', 'laugh']",8
its a feelgood film and thats how i felt when i came out of the cinema  ,1,"['feelgood', 'film', 'thats', 'felt', 'came', 'cinema']",6
it has northern humour and positive about the community it represents  ,1,"['northern', 'humour', 'positive', 'community', 'represents']",5
i rather enjoyed it  ,1,"['rather', 'enjoyed']",2
i liked it  ,1,['liked'],1
i couldnt take them seriously  ,0,"['couldnt', 'take', 'seriously']",3
it really created a unique feeling though  ,1,"['really', 'created', 'unique', 'feeling', 'though']",5
vivian schilling did an excellent job with the script  ,1,"['vivian', 'schilling', 'excellent', 'job', 'script']",5
a world better than 95 of the garbage in the theatres today  ,1,"['world', 'better', '95', 'garbage', 'theatre', 'today']",6
her role was played well  ,1,"['role', 'played', 'well']",3
not too screamy not to masculine but just right  ,1,"['screamy', 'masculine', 'right']",3
the camera really likes her in this movie  ,1,"['camera', 'really', 'like', 'movie']",4
i would have casted her in that role after ready the script  ,1,"['would', 'casted', 'role', 'ready', 'script']",5
as a european the movie is a nice throwback to my time as a student in the 1980s and the experiences i had living abroad and interacting with other nationalities although the circumstances were slightly different  ,1,"['european', 'movie', 'nice', 'throwback', 'time', 'student', '1980s', 'experience', 'living', 'abroad', 'interacting', 'nationality', 'although', 'circumstance', 'slightly', 'different']",16
i am a fan of his  this movie sucked really bad  ,0,"['fan', 'movie', 'sucked', 'really', 'bad']",5
even worse than ticker  ,0,"['even', 'worse', 'ticker']",3
 that movie was bad  ,0,"['movie', 'bad']",2
only like 3 or 4 buildings used a couple of locations maybe  poor hummh  ,0,"['like', '3', '4', 'building', 'used', 'couple', 'location', 'maybe', 'poor', 'hummh']",10
it just blew  ,0,['blew'],1
this movie is excellentangel is beautiful and scamp is adorablehis little yelps when hes scaredand the funniest parts are whenscamp is caught under the curtain and when angel and scamp are singing ive never had this feeling beforei totally recommend this movieits coming out on special edition on june 20the cover has scamp on a garbage can and angel underneath the lid  ,1,"['movie', 'excellentangel', 'beautiful', 'scamp', 'adorablehis', 'little', 'yelp', 'he', 'scaredand', 'funniest', 'part', 'whenscamp', 'caught', 'curtain', 'angel', 'scamp', 'singing', 'ive', 'never', 'feeling', 'beforei', 'totally', 'recommend', 'movieits', 'coming', 'special', 'edition', 'june', '20the', 'cover', 'scamp', 'garbage', 'angel', 'underneath', 'lid']",35
i just cant explain this movie more than romanticcharminghilariousand adorablethe junkyard scenes are funnyall the junkyard dogs have something specialtoo funny i laughedkids will love itbuy it when it comes outit has new features  ,1,"['cant', 'explain', 'movie', 'romanticcharminghilariousand', 'adorablethe', 'junkyard', 'scene', 'funnyall', 'junkyard', 'dog', 'something', 'specialtoo', 'funny', 'laughedkids', 'love', 'itbuy', 'come', 'outit', 'new', 'feature']",20
now we were chosen to be tortured with this disgusting piece of blatant american propaganda  ,0,"['chosen', 'tortured', 'disgusting', 'piece', 'blatant', 'american', 'propaganda']",7
this show is made for americans  it is too stupid and full with hatred and clichés to be admitted elsewhere  ,0,"['show', 'made', 'american', 'stupid', 'full', 'hatred', 'clichés', 'admitted', 'elsewhere']",9
almost everyone involved must be return to school acting is utterly predictable and bad script is pile of garbage all round  ,0,"['almost', 'everyone', 'involved', 'must', 'return', 'school', 'acting', 'utterly', 'predictable', 'bad', 'script', 'pile', 'garbage', 'round']",14
i wish i could enter negative values admins  ,0,"['wish', 'could', 'enter', 'negative', 'value', 'admins']",6
the sets are so bad they wouldnt look out of place on a thunderbirds episode  ,0,"['set', 'bad', 'wouldnt', 'look', 'place', 'thunderbird', 'episode']",7
the use of slowmotion needlessly repeats itself throughout the movie but is well backed up by bad acting and bad is a kind word here no continuity scenes that are thrown in for no reason whatsoever vehicles that looked like they were made from a corn flakes box and a directorial style that bordered on stupidity  ,0,"['use', 'slowmotion', 'needlessly', 'repeat', 'throughout', 'movie', 'well', 'backed', 'bad', 'acting', 'bad', 'kind', 'word', 'continuity', 'scene', 'thrown', 'reason', 'whatsoever', 'vehicle', 'looked', 'like', 'made', 'corn', 'flake', 'box', 'directorial', 'style', 'bordered', 'stupidity']",29
oh yeah and the storyline was pathetic too  ,0,"['oh', 'yeah', 'storyline', 'pathetic']",4
i hate writing bad reviews about films  especially those in which i really like the star  but this film is so bad i dont believe for one second that anyone could have been proud of it  ,0,"['hate', 'writing', 'bad', 'review', 'film', 'especially', 'really', 'like', 'star', 'film', 'bad', 'dont', 'believe', 'one', 'second', 'anyone', 'could', 'proud']",18
i am not a filmmaker nor am i a director but i would hide my head in the sand if id spent whatever amount of money and time on this movie  ,0,"['filmmaker', 'director', 'would', 'hide', 'head', 'sand', 'id', 'spent', 'whatever', 'amount', 'money', 'time', 'movie']",13
in short  this was a monumental waste of time and energy and i would not recommend anyone to ever see this film  ,0,"['short', 'monumental', 'waste', 'time', 'energy', 'would', 'recommend', 'anyone', 'ever', 'see', 'film']",11
it came free with a dvd player i bought but i still turned the thing off halfway through because i was embarrassed for howell  ,0,"['came', 'free', 'dvd', 'player', 'bought', 'still', 'turned', 'thing', 'halfway', 'embarrassed', 'howell']",11
110  and only because there is no setting for 010  ,0,"['110', 'setting', '010']",3
an interesting premise and billy drago is always good as a dangerous nutbag side note id love to see drago stephen mchattie and lance hendrikson in a flick together talk about raging cheekbones  ,1,"['interesting', 'premise', 'billy', 'drago', 'always', 'good', 'dangerous', 'nutbag', 'side', 'note', 'id', 'love', 'see', 'drago', 'stephen', 'mchattie', 'lance', 'hendrikson', 'flick', 'together', 'talk', 'raging', 'cheekbone']",23
the soundtrack wasnt terrible either  ,1,"['soundtrack', 'wasnt', 'terrible', 'either']",4
but the actingeven that of such professionals as drago and debbie rochonwas terrible the directing worse perhaps contributory to the former the dialog chimplike and the camera work barely tolerable  ,0,"['actingeven', 'professional', 'drago', 'debbie', 'rochonwas', 'terrible', 'directing', 'worse', 'perhaps', 'contributory', 'former', 'dialog', 'chimplike', 'camera', 'work', 'barely', 'tolerable']",17
still it was the sets that got a big 10 on my oyvey scale  ,1,"['still', 'set', 'got', 'big', '10', 'oyvey', 'scale']",7
yes i am simplifying things here for the sake of brevity for this really is at the core of the problems with this film  it has too much going on without any real fulfilling explanation  ,0,"['yes', 'simplifying', 'thing', 'sake', 'brevity', 'really', 'core', 'problem', 'film', 'much', 'going', 'without', 'real', 'fulfilling', 'explanation']",15
both do good jobs and are quite amusing  ,1,"['good', 'job', 'quite', 'amusing']",4
but the convoluted plot just didnt convince me and much of the film was watched with a weird questioning glance  ,0,"['convoluted', 'plot', 'didnt', 'convince', 'much', 'film', 'watched', 'weird', 'questioning', 'glance']",10
i let my girlfriend talk me into seeing this  bad idea we both hated it  ,0,"['let', 'girlfriend', 'talk', 'seeing', 'bad', 'idea', 'hated']",7
the last 15 minutes of movie are also not bad as well  ,1,"['last', '15', 'minute', 'movie', 'also', 'bad', 'well']",7
bela lugosi was totally extraneous intoning odd lines  ,0,"['bela', 'lugosi', 'totally', 'extraneous', 'intoning', 'odd', 'line']",7
the acting was decidely wooden though no worse than a period universal b movie  ,0,"['acting', 'decidely', 'wooden', 'though', 'worse', 'period', 'universal', 'b', 'movie']",9
i like armand assante  my cable companys summary sounded interesting so i watched it twice already and probably will again  ,1,"['like', 'armand', 'assante', 'cable', 'company', 'summary', 'sounded', 'interesting', 'watched', 'twice', 'already', 'probably']",12
i believe the screenwriter did a good job of tying up the loose ends  ,1,"['believe', 'screenwriter', 'good', 'job', 'tying', 'loose', 'end']",7
my 810 score is mostly for the plot  ,1,"['810', 'score', 'mostly', 'plot']",4
i wont say any more  i dont like spoilers so i dont want to be one but i believe this film is worth your time  ,1,"['wont', 'say', 'dont', 'like', 'spoiler', 'dont', 'want', 'one', 'believe', 'film', 'worth', 'time']",12
wow what a bad film  ,0,"['wow', 'bad', 'film']",3
not frightening in the least and barely comprehensible  ,0,"['frightening', 'least', 'barely', 'comprehensible']",4
the plot doesnt hang together at all and the acting is absolutely appalling  ,0,"['plot', 'doesnt', 'hang', 'together', 'acting', 'absolutely', 'appalling']",7
not even good for camp value  ,0,"['even', 'good', 'camp', 'value']",4
i wasnt expecting oscar material but this  ,0,"['wasnt', 'expecting', 'oscar', 'material']",4
youd have to have the iq of particularly stupid mollusk not to see that one coming  ,0,"['youd', 'iq', 'particularly', 'stupid', 'mollusk', 'see', 'one', 'coming']",8
this film and i use that word loosely is an insult to the moviegoing public  ,0,"['film', 'use', 'word', 'loosely', 'insult', 'moviegoing', 'public']",7
if only someone involved with it knew how to string together narrative  ,0,"['someone', 'involved', 'knew', 'string', 'together', 'narrative']",6
this gets a 1 out of 10 simply because theres nothing lower  ,0,"['get', '1', '10', 'simply', 'there', 'nothing', 'lower']",7
this is one i did not have but i watched it recently on fox movie channel and was very disappointed  ,0,"['one', 'watched', 'recently', 'fox', 'movie', 'channel', 'disappointed']",7
i know he was a contract player with little control over his scripts but the acting was as bad as the script  ,0,"['know', 'contract', 'player', 'little', 'control', 'script', 'acting', 'bad', 'script']",9
victor mclaglen was even bad and brian donlevy was almost unrecognizable  ,0,"['victor', 'mclaglen', 'even', 'bad', 'brian', 'donlevy', 'almost', 'unrecognizable']",8
considering the relations off screen between taylor and stanwyck it was surprising how little chemistry there was on screen between the two of them  ,0,"['considering', 'relation', 'screen', 'taylor', 'stanwyck', 'surprising', 'little', 'chemistry', 'screen', 'two']",10
but the premise of the film was so ridiculous that the president of the us  ,0,"['premise', 'film', 'ridiculous', 'president', 'u']",5
the death row scenes were entirely unmoving  ,0,"['death', 'row', 'scene', 'entirely', 'unmoving']",5
the only thing worse than taylors acting was stanwycks singing  ,0,"['thing', 'worse', 'taylor', 'acting', 'stanwycks', 'singing']",6
whatever the producer was going for he missed entirely  ,0,"['whatever', 'producer', 'going', 'missed', 'entirely']",5
i was deeply impressed with the character he played  ,1,"['deeply', 'impressed', 'character', 'played']",4
i knew when i saw the film that more great things were to come from this gifted actor  ,1,"['knew', 'saw', 'film', 'great', 'thing', 'come', 'gifted', 'actor']",8
a cheap and cheerless heist movie with poor characterisation lots of underbite style stoic emoting think chow yun fat in a better tomorrow and some cheesy clichés thrown into an abandoned factory ready for a few poorly executed flying judo rolls a la john woo  ,0,"['cheap', 'cheerless', 'heist', 'movie', 'poor', 'characterisation', 'lot', 'underbite', 'style', 'stoic', 'emoting', 'think', 'chow', 'yun', 'fat', 'better', 'tomorrow', 'cheesy', 'clichés', 'thrown', 'abandoned', 'factory', 'ready', 'poorly', 'executed', 'flying', 'judo', 'roll', 'la', 'john', 'woo']",31
even the squibs look awful  ,0,"['even', 'squib', 'look', 'awful']",4
at no point in the proceedings does it look remotely like america  ,0,"['point', 'proceeding', 'look', 'remotely', 'like', 'america']",6
the plot such as it is is so derivative and predictable that the ending is like a mercy killing  ,0,"['plot', 'derivative', 'predictable', 'ending', 'like', 'mercy', 'killing']",7
the awful dialogue and hopeless overacting by everyone who gets shot top off a real waste of space and time  ,0,"['awful', 'dialogue', 'hopeless', 'overacting', 'everyone', 'get', 'shot', 'top', 'real', 'waste', 'space', 'time']",12
i was very uneasy with how bad this movie was but not scared at all  ,0,"['uneasy', 'bad', 'movie', 'scared']",4
the dialogue is composed of things that make little sense  ,0,"['dialogue', 'composed', 'thing', 'make', 'little', 'sense']",6
about 30 minutes of footage is wasted to show mediocre elderly actors awkwardly babbling overwrought pseudosatanic gibberish corny enough to make a teen goth blush almost always in olde english and sometimes in latin that may or may not be made up words  ,0,"['30', 'minute', 'footage', 'wasted', 'show', 'mediocre', 'elderly', 'actor', 'awkwardly', 'babbling', 'overwrought', 'pseudosatanic', 'gibberish', 'corny', 'enough', 'make', 'teen', 'goth', 'blush', 'almost', 'always', 'olde', 'english', 'sometimes', 'latin', 'may', 'may', 'made', 'word']",29
the directing is sloppy at best  ,0,"['directing', 'sloppy', 'best']",3
hackneyed writing certainly but made even worse by the bad directing  ,0,"['hackneyed', 'writing', 'certainly', 'made', 'even', 'worse', 'bad', 'directing']",8
of course the acting is blah  ,0,"['course', 'acting', 'blah']",3
the acting by the whole cast could be put on a scale and balanced perfectly between overacting and underacting  ,0,"['acting', 'whole', 'cast', 'could', 'put', 'scale', 'balanced', 'perfectly', 'overacting', 'underacting']",10
and finally after all that we get to an ending that wouldve been great had it been handled by competent people and not jerry falwell  ,0,"['finally', 'get', 'ending', 'wouldve', 'great', 'handled', 'competent', 'people', 'jerry', 'falwell']",10
i loved this movie it was a great portrayal of a family who had its share of ups and down but in the end they knew that special love they had for each other  ,1,"['loved', 'movie', 'great', 'portrayal', 'family', 'share', 'ups', 'end', 'knew', 'special', 'love']",11
i have seen many movies starring jaclyn smith but my god this was one of her best though it came out 12 years ago  ,1,"['seen', 'many', 'movie', 'starring', 'jaclyn', 'smith', 'god', 'one', 'best', 'though', 'came', '12', 'year', 'ago']",14
this movie contained an allstar cast and what i loved the most was that it opened my eyes to see other actors who i havent seen before  ,1,"['movie', 'contained', 'allstar', 'cast', 'loved', 'opened', 'eye', 'see', 'actor', 'havent', 'seen']",11
this movie was kind of long in length but i enjoyed every minute of it  ,1,"['movie', 'kind', 'long', 'length', 'enjoyed', 'every', 'minute']",7
overall i rate this movie a 10 out of a 110 scale  ,1,"['overall', 'rate', 'movie', '10', '110', 'scale']",6
lifetime does not air it enough so if anyone knows what store sells it let me know because this is a musthave  ,1,"['lifetime', 'air', 'enough', 'anyone', 'know', 'store', 'sell', 'let', 'know', 'musthave']",10
i particularly remember my senses being assaulted by strident cords of music that would blare out with very little warning and even less meaning  ,0,"['particularly', 'remember', 'sens', 'assaulted', 'strident', 'cord', 'music', 'would', 'blare', 'little', 'warning', 'even', 'less', 'meaning']",14
it is just the sort of pap that is screened in the afternoon to punish the unemployed for not having jobs  ,0,"['sort', 'pap', 'screened', 'afternoon', 'punish', 'unemployed', 'job']",7
totally different with loads of understatement and black comedy this is a film few get to see but those who do will remember it  ,1,"['totally', 'different', 'load', 'understatement', 'black', 'comedy', 'film', 'get', 'see', 'remember']",10
this movie creates its own universe and is fascinating in every way  ,1,"['movie', 'creates', 'universe', 'fascinating', 'every', 'way']",6
but this movie really got to me  ,1,"['movie', 'really', 'got']",3
see it  ,1,['see'],1
i really hope the team behind this movie makes more movies and that they will continue to do so in their own some kinda weird style  ,1,"['really', 'hope', 'team', 'behind', 'movie', 'make', 'movie', 'continue', 'kinda', 'weird', 'style']",11
and i forgot the casting here i superb with trond fausa aurvåg being perfect in the role as the bothersome man who doesnt understand where he is what he is doing and why  ,1,"['forgot', 'casting', 'superb', 'trond', 'fausa', 'aurvåg', 'perfect', 'role', 'bothersome', 'man', 'doesnt', 'understand']",12
this movie is a good and humorous comment on life in 2006  ,1,"['movie', 'good', 'humorous', 'comment', 'life', '2006']",6
i found this move beautiful enjoyable and uplifting  ,1,"['found', 'move', 'beautiful', 'enjoyable', 'uplifting']",5
initially the local sites in the film which was filmed here in buffalo intrigued me  ,1,"['initially', 'local', 'site', 'film', 'filmed', 'buffalo', 'intrigued']",7
later i found myself lost in the power of the film  ,1,"['later', 'found', 'lost', 'power', 'film']",5
the entire audience applauded at the conclusion of the film  ,1,"['entire', 'audience', 'applauded', 'conclusion', 'film']",5
i left the theater with a lilt in my step joy in my heart and hope for the human race  ,1,"['left', 'theater', 'lilt', 'step', 'joy', 'heart', 'hope', 'human', 'race']",9
duris has a wholesome appearance and gives a fine performance  ,1,"['duris', 'wholesome', 'appearance', 'give', 'fine', 'performance']",6
the rest of the cast also play well  ,1,"['rest', 'cast', 'also', 'play', 'well']",5
cinematography noteworthy including fine views of barcelona and its famed gaudi towers  ,1,"['cinematography', 'noteworthy', 'including', 'fine', 'view', 'barcelona', 'famed', 'gaudi', 'tower']",9
about ten minutes into this film i started having second thoughts  ,0,"['ten', 'minute', 'film', 'started', 'second', 'thought']",6
about half way through this film i started to dislike it  ,0,"['half', 'way', 'film', 'started', 'dislike']",5
by the time the film ended i not only disliked it i despised it  ,0,"['time', 'film', 'ended', 'disliked', 'despised']",5
what this film lacks is a convincing script  ,0,"['film', 'lack', 'convincing', 'script']",4
the script looks as if only a rough draft was written and shooting began before a finished script was completed  ,0,"['script', 'look', 'rough', 'draft', 'written', 'shooting', 'began', 'finished', 'script', 'completed']",10
things happen characters personalities change plot twists occur for no real reason other than that script calls for it  ,0,"['thing', 'happen', 'character', 'personality', 'change', 'plot', 'twist', 'occur', 'real', 'reason', 'script', 'call']",12
the cast is good  ,1,"['cast', 'good']",2
for that its worth checking out  ,1,"['worth', 'checking']",2
this is probably the most irritating show i have ever seen in my entire life  ,0,"['probably', 'irritating', 'show', 'ever', 'seen', 'entire', 'life']",7
it is indescribably the most annoying and idiotic show i have ever seen  ,0,"['indescribably', 'annoying', 'idiotic', 'show', 'ever', 'seen']",6
everything about it is just bad  ,0,"['everything', 'bad']",2
i could not understand what kind of idiot would produce this mess in the first place not to mention several season  ,0,"['could', 'understand', 'kind', 'idiot', 'would', 'produce', 'mess', 'first', 'place', 'mention', 'several', 'season']",12
the script is bad very bad  it contains both cheesiness and unethical joke that you normally see in rated r or nc17 movie  ,0,"['script', 'bad', 'bad', 'contains', 'cheesiness', 'unethical', 'joke', 'normally', 'see', 'rated', 'r', 'nc17', 'movie']",13
the casting is also horrible cause all you see is a really really bad actors period  ,0,"['casting', 'also', 'horrible', 'cause', 'see', 'really', 'really', 'bad', 'actor', 'period']",10
final word this show is a real torture  ,0,"['final', 'word', 'show', 'real', 'torture']",5
it is zillion times away from reality  ,0,"['zillion', 'time', 'away', 'reality']",4
watching washing machine twirling around wouldnt hurt your eyes as much as this show  ,0,"['watching', 'washing', 'machine', 'twirling', 'around', 'wouldnt', 'hurt', 'eye', 'much', 'show']",10
rating 010 grade z note the show is so bad that even mother of the cast pull her daughter out of the show  ,0,"['rating', '010', 'grade', 'z', 'note', 'show', 'bad', 'even', 'mother', 'cast', 'pull', 'daughter', 'show']",13
20th century foxs road house 1948 is not only quite a silly noir but is an implausible unmitigated bore of a movie  ,0,"['20th', 'century', 'fox', 'road', 'house', '1948', 'quite', 'silly', 'noir', 'implausible', 'unmitigated', 'bore', 'movie']",13
full of unconvincing cardboard characters it is blandly written by edward chodorov who also produced and is surprisingly directed by jean negulesco from whom one would expect a great deal more  ,0,"['full', 'unconvincing', 'cardboard', 'character', 'blandly', 'written', 'edward', 'chodorov', 'also', 'produced', 'surprisingly', 'directed', 'jean', 'negulesco', 'one', 'would', 'expect', 'great', 'deal']",19
from here on the widmark character turns unintentionally comical  ,0,"['widmark', 'character', 'turn', 'unintentionally', 'comical']",5
his losing his marbles so early in the proceedings is totally implausible and unconvincing  ,0,"['losing', 'marble', 'early', 'proceeding', 'totally', 'implausible', 'unconvincing']",7
and if that isnt enough of a mess of a movie for you  the picture is also marred with a constant use of studio sets and indoor exteriors  ,0,"['isnt', 'enough', 'mess', 'movie', 'picture', 'also', 'marred', 'constant', 'use', 'studio', 'set', 'indoor', 'exterior']",13
whatever prompted such a documentary is beyond me  ,0,"['whatever', 'prompted', 'documentary', 'beyond']",4
very serious spoilers this movie was a huge disappointment  ,0,"['serious', 'spoiler', 'movie', 'huge', 'disappointment']",5
there are so many problems i dont know where to start  ,0,"['many', 'problem', 'dont', 'know', 'start']",5
the cast was great  ,1,"['cast', 'great']",2
steve martin delivers a really funny performance of a middleaged upper class uptight white guy  ,1,"['steve', 'martin', 'delivers', 'really', 'funny', 'performance', 'middleaged', 'upper', 'class', 'uptight', 'white', 'guy']",12
add betty white and jean smart and you have a great cast  everyone played their parts really well  ,1,"['add', 'betty', 'white', 'jean', 'smart', 'great', 'cast', 'everyone', 'played', 'part', 'really', 'well']",12
but the movie makes a lot of serious mistakes  ,0,"['movie', 'make', 'lot', 'serious', 'mistake']",5
first of all there are enough racial stereotypes and racial jokes to offend everyone  ,0,"['first', 'enough', 'racial', 'stereotype', 'racial', 'joke', 'offend', 'everyone']",8
the movie is littered with overt racial slurs towards the black cast members and in return the whites are depicted as morons and boobs  ,0,"['movie', 'littered', 'overt', 'racial', 'slur', 'towards', 'black', 'cast', 'member', 'return', 'white', 'depicted', 'moron', 'boob']",14
putting the race card aside lets look at the major flaw in the film they destroy latifas character  ,0,"['putting', 'race', 'card', 'aside', 'let', 'look', 'major', 'flaw', 'film', 'destroy', 'latifas', 'character']",12
there is no real plot  ,0,"['real', 'plot']",2
i wouldnt see this movie again for free  ,0,"['wouldnt', 'see', 'movie', 'free']",4
steamboat willie is an amazingly important film to our cinema history  ,1,"['steamboat', 'willie', 'amazingly', 'important', 'film', 'cinema', 'history']",7
this second appearance of mickey mouse following the silent plane crazy earlier that year is probably his most famous filmmostly because it was so groundbreaking  ,1,"['second', 'appearance', 'mickey', 'mouse', 'following', 'silent', 'plane', 'crazy', 'earlier', 'year', 'probably', 'famous', 'filmmostly', 'groundbreaking']",14
while you dont yet hear mickey speak there are tons of sound effects and music throughout the filmsomething we take for granted now but which was a huge crowd pleaser in 1928  ,1,"['dont', 'yet', 'hear', 'mickey', 'speak', 'ton', 'sound', 'effect', 'music', 'throughout', 'filmsomething', 'take', 'granted', 'huge', 'crowd', 'pleaser', '1928']",17
however after seeing the short again after about 25 years i was amazed at how timeless the film actually is  ,1,"['however', 'seeing', 'short', '25', 'year', 'amazed', 'timeless', 'film', 'actually']",9
its just adorable seeing mickey playing turkey in the straw in a highly imaginative if occasionally cruel way  ,1,"['adorable', 'seeing', 'mickey', 'playing', 'turkey', 'straw', 'highly', 'imaginative', 'occasionally', 'cruel', 'way']",11
clever and a real crowdpleaserthis film still ranks among mickeys best films even after 80 wonderful years  ,1,"['clever', 'real', 'crowdpleaserthis', 'film', 'still', 'rank', 'among', 'mickey', 'best', 'film', 'even', '80', 'wonderful', 'year']",14
the bipolarity of the ruthless thug one minute a ruthless killer the next minute a luvs diaper commercial is completely unconvincing  ,0,"['bipolarity', 'ruthless', 'thug', 'one', 'minute', 'ruthless', 'killer', 'next', 'minute', 'luvs', 'diaper', 'commercial', 'completely', 'unconvincing']",14
im terribly disappointed that this film would receive so many awards and accolades especially when there are far more deserving works of film out there  ,0,"['im', 'terribly', 'disappointed', 'film', 'would', 'receive', 'many', 'award', 'accolade', 'especially', 'far', 'deserving', 'work', 'film']",14
the original body and soul 1947 is a masterpiece  ,1,"['original', 'body', 'soul', '1947', 'masterpiece']",5
john garfield ann revere lilli plmer william conrad canada leeand filmed by one of the greatest cinematographers to ever grace the screenjames wong howe  ,1,"['john', 'garfield', 'ann', 'revere', 'lilli', 'plmer', 'william', 'conrad', 'canada', 'leeand', 'filmed', 'one', 'greatest', 'cinematographer', 'ever', 'grace', 'screenjames', 'wong', 'howe']",19
i dont think there are any redeeming qualities in this remake  ,0,"['dont', 'think', 'redeeming', 'quality', 'remake']",5
this may be the only bad film he ever made  ,0,"['may', 'bad', 'film', 'ever', 'made']",5
so badwellits just bad  ,0,"['badwellits', 'bad']",2
this movie is a solid example of a bad plot and a very very bad idea all the way  ,0,"['movie', 'solid', 'example', 'bad', 'plot', 'bad', 'idea', 'way']",8
its a shame to see good actors like thomerson and james make a living in a mess like this  ,0,"['shame', 'see', 'good', 'actor', 'like', 'thomerson', 'james', 'make', 'living', 'mess', 'like']",11
i thought it was bad  ,0,"['thought', 'bad']",2
both films are terrible but to the credit of the 1986 version it was watchable  ,0,"['film', 'terrible', 'credit', '1986', 'version', 'watchable']",6
lets start with all the problemsthe acting especially from the lead professor was very very bad  ,0,"['let', 'start', 'problemsthe', 'acting', 'especially', 'lead', 'professor', 'bad']",8
the script is a big flawed mess  ,0,"['script', 'big', 'flawed', 'mess']",4
the best example of how dumb the writing is when its established that you can turn the zombiestudents back into humans by removing a necklace containing a piece of the meteorite  ,0,"['best', 'example', 'dumb', 'writing', 'established', 'turn', 'zombiestudents', 'back', 'human', 'removing', 'necklace', 'containing', 'piece', 'meteorite']",14
director paul matthews who also wrotedirected the weak 1995 monster movie grim clearly doesnt know how to pace his films  ,0,"['director', 'paul', 'matthew', 'also', 'wrotedirected', 'weak', '1995', 'monster', 'movie', 'grim', 'clearly', 'doesnt', 'know', 'pace', 'film']",15
the movie is terribly boring in places  ,0,"['movie', 'terribly', 'boring', 'place']",4
the lighting is awful  ,0,"['lighting', 'awful']",2
the film looks cheap and bland  ,0,"['film', 'look', 'cheap', 'bland']",4
one of the most disappointing aspects is the lack of notable gore  ,0,"['one', 'disappointing', 'aspect', 'lack', 'notable', 'gore']",6
this convention never worked well in the past and certainly doesnt work here  ,0,"['convention', 'never', 'worked', 'well', 'past', 'certainly', 'doesnt', 'work']",8
the visual effects were awful  ,0,"['visual', 'effect', 'awful']",3
the cg opening sequence in space looked like it could have been created on microsoft slideshow for gods sake  ,0,"['cg', 'opening', 'sequence', 'space', 'looked', 'like', 'could', 'created', 'microsoft', 'slideshow', 'god', 'sake']",12
the explosion of the gas tanks at the end was just as awful  ,0,"['explosion', 'gas', 'tank', 'end', 'awful']",5
okay i like to consider myself a fair critic so ill give credit where credits duethe creature effects were actually pretty cool  ,1,"['okay', 'like', 'consider', 'fair', 'critic', 'ill', 'give', 'credit', 'credit', 'duethe', 'creature', 'effect', 'actually', 'pretty', 'cool']",15
gotta love those closeups of slimy drooling teeth  ,1,"['got', 'ta', 'love', 'closeup', 'slimy', 'drooling', 'teeth']",7
to sum the film up breeders is a terrible cheaply made horror movie that should be avoided like the ebola virus  ,0,"['sum', 'film', 'breeder', 'terrible', 'cheaply', 'made', 'horror', 'movie', 'avoided', 'like', 'ebola', 'virus']",12
not recommended  ,0,['recommended'],1
he is almost unbearable to watch on screen he has little to no charisma and terrible comedic timing  ,0,"['almost', 'unbearable', 'watch', 'screen', 'little', 'charisma', 'terrible', 'comedic', 'timing']",9
aside from its terrible lead this film has loads of other debits  ,0,"['aside', 'terrible', 'lead', 'film', 'load', 'debit']",6
i understand that its supposed to be a cheap popcorn comedy but that doesnt mean that it has to completely insult our intelligence and have writing so incredibly hackneyed that it borders on offensive  ,0,"['understand', 'supposed', 'cheap', 'popcorn', 'comedy', 'doesnt', 'mean', 'completely', 'insult', 'intelligence', 'writing', 'incredibly', 'hackneyed', 'border', 'offensive']",15
lewis blacks considerable talent is wasted here too as he is at his most incendiary when he is unrestrained which the pg13 rating certainly wont allow  ,0,"['lewis', 'black', 'considerable', 'talent', 'wasted', 'incendiary', 'unrestrained', 'pg13', 'rating', 'certainly', 'wont', 'allow']",12
the films sole bright spot was jonah hill who will look almost unrecognizable to fans of the recent superbad due to the amount of weight he lost in the interim  ,1,"['film', 'sole', 'bright', 'spot', 'jonah', 'hill', 'look', 'almost', 'unrecognizable', 'fan', 'recent', 'superbad', 'due', 'amount', 'weight', 'lost', 'interim']",17
with the originality and freshness of the first movie now spent this remake had little else to offer  ,0,"['originality', 'freshness', 'first', 'movie', 'spent', 'remake', 'little', 'else', 'offer']",9
the budget was evidently very limited  ,0,"['budget', 'evidently', 'limited']",3
this was reflected not only in the cast but also in the belowpar script which borrowed much from the earlier classic  ,0,"['reflected', 'cast', 'also', 'belowpar', 'script', 'borrowed', 'much', 'earlier', 'classic']",9
however here there was no decent acting action or location work to balance things up  ,0,"['however', 'decent', 'acting', 'action', 'location', 'work', 'balance', 'thing']",8
filmiing was less expansive  ,0,"['filmiing', 'less', 'expansive']",3
it failed to convey the broad sweep of landscapes that were a great part of the original  ,0,"['failed', 'convey', 'broad', 'sweep', 'landscape', 'great', 'part', 'original']",8
generally it just lacked imagination  ,0,"['generally', 'lacked', 'imagination']",3
not recommended  ,0,['recommended'],1
is it possible for a movie to get any worse than this  ,0,"['possible', 'movie', 'get', 'worse']",4
there is no plot here to keep you going in the first place  ,0,"['plot', 'keep', 'going', 'first', 'place']",5
even when the women finally show up there is no sign of improvement the most expected things happen and by the time the film is over you might be far asleep  ,0,"['even', 'woman', 'finally', 'show', 'sign', 'improvement', 'expected', 'thing', 'happen', 'time', 'film', 'might', 'far', 'asleep']",14
beware this is not a trashy cult movie this is trash period  ,0,"['beware', 'trashy', 'cult', 'movie', 'trash', 'period']",6
i cant believe theres even a sequel to this  ,0,"['cant', 'believe', 'there', 'even', 'sequel']",5
which is precisely why i am giving it such a bad review  ,0,"['precisely', 'giving', 'bad', 'review']",4
being a 90s child i truly enjoyed this show and i can proudly say that i enjoyed it big time and even more than the classical wb cartoons  ,1,"['90', 'child', 'truly', 'enjoyed', 'show', 'proudly', 'say', 'enjoyed', 'big', 'time', 'even', 'classical', 'wb', 'cartoon']",14
but tiny toons kept the 90s vibe and delivered one of the most popular funny and underrated cartoons ever created  ,1,"['tiny', 'toon', 'kept', '90', 'vibe', 'delivered', 'one', 'popular', 'funny', 'underrated', 'cartoon', 'ever', 'created']",13
the memories are murky but i can only say that i enjoyed every single episode and product related to the show  ,1,"['memory', 'murky', 'say', 'enjoyed', 'every', 'single', 'episode', 'product', 'related', 'show']",10
easily none other cartoon made me laugh in a tender way before getting into dark sitcoms oriented for teenagers  ,1,"['easily', 'none', 'cartoon', 'made', 'laugh', 'tender', 'way', 'getting', 'dark', 'sitcom', 'oriented', 'teenager']",12
the characters were all funny and had the peculiarity of not having a true lead character  ,1,"['character', 'funny', 'peculiarity', 'true', 'lead', 'character']",6
every single character was hilarious and deserved to be called a lead  ,1,"['every', 'single', 'character', 'hilarious', 'deserved', 'called', 'lead']",7
every element of this story was so over the top excessively phony and contrived that it was painful to sit through  ,0,"['every', 'element', 'story', 'top', 'excessively', 'phony', 'contrived', 'painful', 'sit']",9
her lines seem to have been written by a fifteen year old though they are trying oh so so hard to sound like how a fifteen year old would really um you know well talk  ,0,"['line', 'seem', 'written', 'fifteen', 'year', 'old', 'though', 'trying', 'oh', 'hard', 'sound', 'like', 'fifteen', 'year', 'old', 'would', 'really', 'um', 'know', 'well', 'talk']",21
perabo has a nice energy level and is obviously very comfortable in front of a camera  ,1,"['perabo', 'nice', 'energy', 'level', 'obviously', 'comfortable', 'front', 'camera']",8
there is simply no excuse for something this poorly done  ,0,"['simply', 'excuse', 'something', 'poorly', 'done']",5
i saw this movie and i thought this is a stupid movie  ,0,"['saw', 'movie', 'thought', 'stupid', 'movie']",5
what is even more stupid is that who had thought an idea that there should be a volcano in los angeles  ,0,"['even', 'stupid', 'thought', 'idea', 'volcano', 'los', 'angeles']",7
to be honest with you this is unbelievable nonsense and very foolish  ,0,"['honest', 'unbelievable', 'nonsense', 'foolish']",4
in conclusion i will not bother with this movie because a volcano in los angeles is nothing but nonsense  ,0,"['conclusion', 'bother', 'movie', 'volcano', 'los', 'angeles', 'nothing', 'nonsense']",8
the story line is just awful  ,0,"['story', 'line', 'awful']",3
its just painful  ,0,['painful'],1
and the accents are absolutely abysmal  ,0,"['accent', 'absolutely', 'abysmal']",3
theres also enough hypocrisy in this film to make me vomit  ,0,"['there', 'also', 'enough', 'hypocrisy', 'film', 'make', 'vomit']",7
dont waste your time watching this rubbish nonresearched film  ,0,"['dont', 'waste', 'time', 'watching', 'rubbish', 'nonresearched', 'film']",7
i believe that pitch black was done well  ,1,"['believe', 'pitch', 'black', 'done', 'well']",5
the characters are interesting and you want to find out more about them the longer the movie goes on and i think people will be surprised by who does and doesnt make it  ,1,"['character', 'interesting', 'want', 'find', 'longer', 'movie', 'go', 'think', 'people', 'surprised', 'doesnt', 'make']",12
go watch it  ,1,"['go', 'watch']",2
omit watching this  ,0,"['omit', 'watching']",2
very funny  ,1,['funny'],1
my rating just 3 out of 10  ,0,"['rating', '3', '10']",3
the characters are interesting and you really care for them  ,1,"['character', 'interesting', 'really', 'care']",4
an instant classic with a great soundtrack and a catchy song during the ending credits  ,1,"['instant', 'classic', 'great', 'soundtrack', 'catchy', 'song', 'ending', 'credit']",8
dont miss it  ,1,"['dont', 'miss']",2
this is a masterful piece of filmmaking with many themes simmering and occasionally boiling over in this warts and all study of the poets bohemian selfindulgent wartime years that span the aerial bombardments of london and the outward tranquillity of a welsh coastal retreat  the borderlines between friendship lust and love dedication to art and experience versus practical concerns jealousy rivalry cowardice and egotism versus heroism and selfsacrifice and more  ,1,"['masterful', 'piece', 'filmmaking', 'many', 'theme', 'simmering', 'occasionally', 'boiling', 'wart', 'study', 'poet', 'bohemian', 'selfindulgent', 'wartime', 'year', 'span', 'aerial', 'bombardment', 'london', 'outward', 'tranquillity', 'welsh', 'coastal', 'retreat', 'borderline', 'friendship', 'lust', 'love', 'dedication', 'art', 'experience', 'versus', 'practical', 'concern', 'jealousy', 'rivalry', 'cowardice', 'egotism', 'versus', 'heroism', 'selfsacrifice']",41
a mature subtle script that suggests and occasionally brings into dramatic focus the underlying tensions is well served by perfect performances apart from the odd inappropriate smiling that keira knightley is prone to though perhaps under direction this time as the other characters themselves often mention it  ,1,"['mature', 'subtle', 'script', 'suggests', 'occasionally', 'brings', 'dramatic', 'focus', 'underlying', 'tension', 'well', 'served', 'perfect', 'performance', 'apart', 'odd', 'inappropriate', 'smiling', 'keira', 'knightley', 'prone', 'though', 'perhaps', 'direction', 'time', 'character', 'often', 'mention']",28
but above all the exquisite visual composition of each moment with inventive and elegant use of closeup camera angle and lighting including pointillistic faux home movie footage is a wonder and joy to behold  ,1,"['exquisite', 'visual', 'composition', 'moment', 'inventive', 'elegant', 'use', 'closeup', 'camera', 'angle', 'lighting', 'including', 'pointillistic', 'faux', 'home', 'movie', 'footage', 'wonder', 'joy', 'behold']",20
its as continuously beautiful to look at as a bertolucci but the relationships here are more convincing and the narrative more engaging than some of that masters work  ,1,"['continuously', 'beautiful', 'look', 'bertolucci', 'relationship', 'convincing', 'narrative', 'engaging', 'master', 'work']",10
the basic premise is wasted since it is sidelined by the inexplicable focus on the documentary crew  ,0,"['basic', 'premise', 'wasted', 'since', 'sidelined', 'inexplicable', 'focus', 'documentary', 'crew']",9
regardless the film fails on most levels  ,0,"['regardless', 'film', 'fails', 'level']",4
avoid at all costs  ,0,"['avoid', 'cost']",2
i saw this film over christmas and what a great film it was  ,1,"['saw', 'film', 'christmas', 'great', 'film']",5
i thought errol flynn was brilliant as custer and has since become my favourite actor  ,1,"['thought', 'errol', 'flynn', 'brilliant', 'custer', 'since', 'become', 'favourite', 'actor']",9
his acting alongside olivia de havilland was brilliant and the ending was fantastic  ,1,"['acting', 'alongside', 'olivia', 'de', 'havilland', 'brilliant', 'ending', 'fantastic']",8
i had always known that errol flynn was a brilliant actor as he was my dads favourite actor and i grew up watching his films as a child  ,1,"['always', 'known', 'errol', 'flynn', 'brilliant', 'actor', 'dad', 'favourite', 'actor', 'grew', 'watching', 'film', 'child']",13
but it wasnt until i watched this film that i realised how great he actually was  ,1,"['wasnt', 'watched', 'film', 'realised', 'great', 'actually']",6
ill give this film 10 out of 10  ,1,"['ill', 'give', 'film', '10', '10']",5
i know that jim oconnor was very energetic and that nobody could be as much as him but george was well dull  ,0,"['know', 'jim', 'oconnor', 'energetic', 'nobody', 'could', 'much', 'george', 'well', 'dull']",10
he really didnt seem to want to be hosting his voiceovers were monotonous didnt get involved with the guests  ,0,"['really', 'didnt', 'seem', 'want', 'hosting', 'voiceovers', 'monotonous', 'didnt', 'get', 'involved', 'guest']",11
lovely little thriller from hitchcock with lots of nice shenanigans surrounding a murdered spy a kidnapped child a nasty church a foreign plot and some random taxidermists  ,1,"['lovely', 'little', 'thriller', 'hitchcock', 'lot', 'nice', 'shenanigan', 'surrounding', 'murdered', 'spy', 'kidnapped', 'child', 'nasty', 'church', 'foreign', 'plot', 'random', 'taxidermist']",18
jimmy stewart is as ever a great hero for hitchcock the story rips along to its cool climax at an embassy function but it lacks the brooding menace of hitchcocks black and white lowbudget original  ,1,"['jimmy', 'stewart', 'ever', 'great', 'hero', 'hitchcock', 'story', 'rip', 'along', 'cool', 'climax', 'embassy', 'function', 'lack', 'brooding', 'menace', 'hitchcock', 'black', 'white', 'lowbudget', 'original']",21
nevertheless yet another wonderful film from the great masters stable  ,1,"['nevertheless', 'yet', 'another', 'wonderful', 'film', 'great', 'master', 'stable']",8
i have to say that this film was excellently produced and tops the ratings as a typical sci fi film  ,1,"['say', 'film', 'excellently', 'produced', 'top', 'rating', 'typical', 'sci', 'fi', 'film']",10
excellently produced by one of scifis best producers scot vandiver   ,1,"['excellently', 'produced', 'one', 'scifis', 'best', 'producer', 'scot', 'vandiver']",8
but it is entertaining nonetheless  ,1,"['entertaining', 'nonetheless']",2
its a campy sort of film thats a joy to watch  ,1,"['campy', 'sort', 'film', 'thats', 'joy', 'watch']",6
theres barely a boring moment in the film and there are plenty of humorous parts  ,1,"['there', 'barely', 'boring', 'moment', 'film', 'plenty', 'humorous', 'part']",8
the cast is always entertaining as usual  ,1,"['cast', 'always', 'entertaining', 'usual']",4
overall a delight  ,1,"['overall', 'delight']",2
this movie is so mindbendingly awful it couldnt have even been created  ,0,"['movie', 'mindbendingly', 'awful', 'couldnt', 'even', 'created']",6
the film lacks any real scares or tension  some of the medical terminology used throughout is a bit iffy to say the least  i say that as an insulin dependant diabetic myself  ,0,"['film', 'lack', 'real', 'scare', 'tension', 'medical', 'terminology', 'used', 'throughout', 'bit', 'iffy', 'say', 'least', 'say', 'insulin', 'dependant', 'diabetic']",17
the least said about the acting the better  ,0,"['least', 'said', 'acting', 'better']",4
this movie does an excellent job of revealing the complexity of the task and the incredible challenges facing south africa  ,1,"['movie', 'excellent', 'job', 'revealing', 'complexity', 'task', 'incredible', 'challenge', 'facing', 'south', 'africa']",11
i believe every one should see this movie as i think few people outside of south africa understand its past and what is being attempted in the truth and reconciliation process  ,1,"['believe', 'every', 'one', 'see', 'movie', 'think', 'people', 'outside', 'south', 'africa', 'understand', 'past', 'attempted', 'truth', 'reconciliation', 'process']",16
nothing short of magnificent photographycinematography in this film  ,1,"['nothing', 'short', 'magnificent', 'photographycinematography', 'film']",5
the acting is fantastic the stories are seamlessly woven together and the dogs are splendid a must rent view or see  ,1,"['acting', 'fantastic', 'story', 'seamlessly', 'woven', 'together', 'dog', 'splendid', 'must', 'rent', 'view', 'see']",12
dont be afraid of subtitles its worth a little aversion therapy 1010  ,1,"['dont', 'afraid', 'subtitle', 'worth', 'little', 'aversion', 'therapy', '1010']",8
excellent performance  ,1,"['excellent', 'performance']",2
there still are good actors around  ,1,"['still', 'good', 'actor', 'around']",4
also great directing and photography  ,1,"['also', 'great', 'directing', 'photography']",4
very true to shakespear and a must for all shakespear fans  ,1,"['true', 'shakespear', 'must', 'shakespear', 'fan']",5
macbeth jason connery moved me to tears with his final monolog out brief candle outhe gave the sphere of moral decay and dark forces a human face which makes it the more interesting  ,1,"['macbeth', 'jason', 'connery', 'moved', 'tear', 'final', 'monolog', 'brief', 'candle', 'outhe', 'gave', 'sphere', 'moral', 'decay', 'dark', 'force', 'human', 'face', 'make', 'interesting']",20
helen baxendale is a very credible lady macbeth who can be very cheerfull at times and sometimes she just looks like a naughty girl but deadly in her taste for blood and evil  ,1,"['helen', 'baxendale', 'credible', 'lady', 'macbeth', 'cheerfull', 'time', 'sometimes', 'look', 'like', 'naughty', 'girl', 'deadly', 'taste', 'blood', 'evil']",16
if you love death and decay and shakespears lyrics this is the one  ,1,"['love', 'death', 'decay', 'shakespears', 'lyric', 'one']",6
this is a witty and delightful adaptation of the dr seuss book brilliantly animated by upas finest and thoroughly deserving of its academy award  ,1,"['witty', 'delightful', 'adaptation', 'dr', 'seuss', 'book', 'brilliantly', 'animated', 'upas', 'finest', 'thoroughly', 'deserving', 'academy', 'award']",14
special mention should be made of the superb music score and sound effects which are an integral element in helping to make this such a memorable and enjoyable cartoon  ,1,"['special', 'mention', 'made', 'superb', 'music', 'score', 'sound', 'effect', 'integral', 'element', 'helping', 'make', 'memorable', 'enjoyable', 'cartoon']",15
however paul schrader has indeed made a film about mishima that is both superb  complex  ,1,"['however', 'paul', 'schrader', 'indeed', 'made', 'film', 'mishima', 'superb', 'complex']",9
also notable is john baileys fine crisp beautifully colored cinematography and the great production design  costumes by eiko ishioka who went on to do the memorable costumes for coppolas dracula for which she received a well deserved oscar  ,1,"['also', 'notable', 'john', 'bailey', 'fine', 'crisp', 'beautifully', 'colored', 'cinematography', 'great', 'production', 'design', 'costume', 'eiko', 'ishioka', 'went', 'memorable', 'costume', 'coppola', 'dracula', 'received', 'well', 'deserved', 'oscar']",24
even allowing for poor production values for the time 1971 and the format some kind of miniseries this is baaaaaad  ,0,"['even', 'allowing', 'poor', 'production', 'value', 'time', '1971', 'format', 'kind', 'miniseries', 'baaaaaad']",11
unless youre just out to visually collect all extant films of austens work you can skip this one  ,0,"['unless', 'youre', 'visually', 'collect', 'extant', 'film', 'austen', 'work', 'skip', 'one']",10
if you do watch it however there are small consolations the actresses playing annes sisters each do a wonderful job with their roles  ,1,"['watch', 'however', 'small', 'consolation', 'actress', 'playing', 'anne', 'sister', 'wonderful', 'job', 'role']",11
it is not good  ,0,['good'],1
speaking of the music it is unbearably predictably and kitchy  ,0,"['speaking', 'music', 'unbearably', 'predictably', 'kitchy']",5
then the film just dropped the ball  ,0,"['film', 'dropped', 'ball']",3
this is a stunning movie  ,1,"['stunning', 'movie']",2
raw and sublimely moving  ,1,"['raw', 'sublimely', 'moving']",3
it felt like a very gripping intelligent stage play but without the overly theatrical feeling one actually gets from watching people on a stage which plays on everyones terror of a white lie escalating to monstrous consequences  ,1,"['felt', 'like', 'gripping', 'intelligent', 'stage', 'play', 'without', 'overly', 'theatrical', 'feeling', 'one', 'actually', 'get', 'watching', 'people', 'stage', 'play', 'everyones', 'terror', 'white', 'lie', 'escalating', 'monstrous', 'consequence']",24
all of the main players are mesmerising  ,1,"['main', 'player', 'mesmerising']",3
tom wilkinson broke my heart at the end and everyone elses judging by the amount of fumbling for hankies and hands going up to faces among males and females alike  ,1,"['tom', 'wilkinson', 'broke', 'heart', 'end', 'everyone', 'elses', 'judging', 'amount', 'fumbling', 'hanky', 'hand', 'going', 'face', 'among', 'male', 'female', 'alike']",18
julian fellowes has triumphed again  ,1,"['julian', 'fellowes', 'triumphed']",3
hes a national treasure  ,1,"['he', 'national', 'treasure']",3
go and see it  ,1,"['go', 'see']",2
this is an excellent film  ,1,"['excellent', 'film']",2
the aerial scenes were welldone  ,1,"['aerial', 'scene', 'welldone']",3
it was also the right balance of war and love  ,1,"['also', 'right', 'balance', 'war', 'love']",5
the film gives meaning to the phrase never in the history of human conflict has so much been owed by so many to so few  ,1,"['film', 'give', 'meaning', 'phrase', 'never', 'history', 'human', 'conflict', 'much', 'owed', 'many']",11
kris kristoffersen is good in this movie and really makes a difference  ,1,"['kris', 'kristoffersen', 'good', 'movie', 'really', 'make', 'difference']",7
a good film by a great director  ,1,"['good', 'film', 'great', 'director']",4
this is definitely one of the better documentaries i have seen looking at family relationships and marriage  ,1,"['definitely', 'one', 'better', 'documentary', 'seen', 'looking', 'family', 'relationship', 'marriage']",9
there are many continuity errors one other user commented on different cars in the garage joes glassesthe one that got to me the most was the fact joes facial hair configuration seemed to change from scene to scene  ,0,"['many', 'continuity', 'error', 'one', 'user', 'commented', 'different', 'car', 'garage', 'joes', 'glassesthe', 'one', 'got', 'fact', 'joes', 'facial', 'hair', 'configuration', 'seemed', 'change', 'scene', 'scene']",22
this is just a great movie  ,1,"['great', 'movie']",2
10 out of 10 stars  ,1,"['10', '10', 'star']",3
i cant see how this movie can be an inspiration to anyone to come out or overcome fear and rejection  ,0,"['cant', 'see', 'movie', 'inspiration', 'anyone', 'come', 'overcome', 'fear', 'rejection']",9
its so bad its actually worth seeing just for that reason  ,0,"['bad', 'actually', 'worth', 'seeing', 'reason']",5
punishment park is a brilliant piece of cinema  ,1,"['punishment', 'park', 'brilliant', 'piece', 'cinema']",5
shot in the southern california desert using his patent faux documentary style watkins creates a film like no other  ,1,"['shot', 'southern', 'california', 'desert', 'using', 'patent', 'faux', 'documentary', 'style', 'watkins', 'creates', 'film', 'like']",13
this is one of peter watkins most accessible films  ,1,"['one', 'peter', 'watkins', 'accessible', 'film']",5
i advise you to look out for it  ,1,"['advise', 'look']",2
you wont regret it  ,1,"['wont', 'regret']",2
highly recommended a  ,1,"['highly', 'recommended']",2
well just if you keep thinking how bad it is  ,0,"['well', 'keep', 'thinking', 'bad']",4
its a mediocre miserable hollow laughable and predictable piece of garbage  ,0,"['mediocre', 'miserable', 'hollow', 'laughable', 'predictable', 'piece', 'garbage']",7
its a case of so bad it is laughable  ,0,"['case', 'bad', 'laughable']",3
 very bad performance plays angela bennett a computer expert who is at home all the time  ,0,"['bad', 'performance', 'play', 'angela', 'bennett', 'computer', 'expert', 'home', 'time']",9
it is a film about nothing just a pretext to show ridiculous action scenes  ,0,"['film', 'nothing', 'pretext', 'show', 'ridiculous', 'action', 'scene']",7
how awful she is  ,0,['awful'],1
but she is still a bad actress repeating her robotic face moves in each of her pictures  ,0,"['still', 'bad', 'actress', 'repeating', 'robotic', 'face', 'move', 'picture']",8
the results well are a shame  ,0,"['result', 'well', 'shame']",3
delete this film from your mind  ,0,"['delete', 'film', 'mind']",3
one of the worst shows of all time  ,0,"['one', 'worst', 'show', 'time']",4
the show would begin with smart ass ed comments to each other that would be totally off the wall and uncalled for  ,0,"['show', 'would', 'begin', 'smart', 'as', 'ed', 'comment', 'would', 'totally', 'wall', 'uncalled']",11
the fat computer geek was unbelievable the bible thumper the badass girl who are these actors  ,0,"['fat', 'computer', 'geek', 'unbelievable', 'bible', 'thumper', 'badass', 'girl', 'actor']",9
never heard of any of them except cole who was totally unbelievable in the part  ,0,"['never', 'heard', 'except', 'cole', 'totally', 'unbelievable', 'part']",7
every time he opened his mouth you expect to hear you see kids pulling the plug was a mercy killing for this horrible show  ,0,"['every', 'time', 'opened', 'mouth', 'expect', 'hear', 'see', 'kid', 'pulling', 'plug', 'mercy', 'killing', 'horrible', 'show']",14
the stories were as unbelievable as the actors  ,0,"['story', 'unbelievable', 'actor']",3
lame would be the best way to describe it  ,0,"['lame', 'would', 'best', 'way', 'describe']",5
stanwyck and morgan are perfectly cast in what is in many ways a modern equivalent of dickens christmas carol in its sensibility  ,1,"['stanwyck', 'morgan', 'perfectly', 'cast', 'many', 'way', 'modern', 'equivalent', 'dickens', 'christmas', 'carol', 'sensibility']",12
the success of the film depends on the casting of sydney greenstreet as the alexander yardley character  ,1,"['success', 'film', 'depends', 'casting', 'sydney', 'greenstreet', 'alexander', 'yardley', 'character']",9
the attractive set used throughout most of the film is an eyepleasing gem  ,1,"['attractive', 'set', 'used', 'throughout', 'film', 'eyepleasing', 'gem']",7
im big fan of rpg games too but this movie its a disgrace to any selfrespecting rpger there is  ,0,"['im', 'big', 'fan', 'rpg', 'game', 'movie', 'disgrace', 'selfrespecting', 'rpger']",9
the lines the cuts the audio everything is wrong  ,0,"['line', 'cut', 'audio', 'everything', 'wrong']",5
you can find better movies at youtube  ,0,"['find', 'better', 'movie', 'youtube']",4
top line dont waste your time and money on this one its as bad as it comes  ,0,"['top', 'line', 'dont', 'waste', 'time', 'money', 'one', 'bad', 'come']",9
a lassie movie which should have been put to sleep forever  ,0,"['lassie', 'movie', 'put', 'sleep', 'forever']",5
thats how id describe this painfully dreary timewaster of a film  ,0,"['thats', 'id', 'describe', 'painfully', 'dreary', 'timewaster', 'film']",7
so mediocre in every aspect that it just becomes a dull uninteresting mess this is one of the most forgettable movies ive seen  ,0,"['mediocre', 'every', 'aspect', 'becomes', 'dull', 'uninteresting', 'mess', 'one', 'forgettable', 'movie', 'ive', 'seen']",12
it isnt even an achievement as a sobaditsgood or sobaditsmemorable movie  ,0,"['isnt', 'even', 'achievement', 'sobaditsgood', 'sobaditsmemorable', 'movie']",6
its an empty hollow shell of a movie  ,0,"['empty', 'hollow', 'shell', 'movie']",4
seriously its not worth wasting your or your kids time on  ,0,"['seriously', 'worth', 'wasting', 'kid', 'time']",5
avoid avoid avoid  ,0,"['avoid', 'avoid', 'avoid']",3
it will drive you barking mad  ,0,"['drive', 'barking', 'mad']",3
the transfers are very good  ,1,"['transfer', 'good']",2
very nice and relaxing late night viewing  ,1,"['nice', 'relaxing', 'late', 'night', 'viewing']",5
the movie is full of wonderful dancing hence the title  ,1,"['movie', 'full', 'wonderful', 'dancing', 'hence', 'title']",6
 some great music and terrific scenery  ,1,"['great', 'music', 'terrific', 'scenery']",4
it handles some tough issues with dignity and grace and of course has shocking spoiler here  ,1,"['handle', 'tough', 'issue', 'dignity', 'grace', 'course', 'shocking', 'spoiler']",8
 a happy wonderful feel good ending  ,1,"['happy', 'wonderful', 'feel', 'good', 'ending']",5
the point is the journey a journey that touches every member of the family  ,1,"['point', 'journey', 'journey', 'touch', 'every', 'member', 'family']",7
its one of the movies i need to see whenever it comes on tvnever mind the fact that i already have it memorized  ,1,"['one', 'movie', 'need', 'see', 'whenever', 'come', 'tvnever', 'mind', 'fact', 'already', 'memorized']",11
nothing new there  ,0,"['nothing', 'new']",2
that was done in the second movie  ,0,"['done', 'second', 'movie']",3
the movie has almost no action scenes in it and very little comedy  ,0,"['movie', 'almost', 'action', 'scene', 'little', 'comedy']",6
the plot has more holes than a pair of fishnet stockings and the direction and editing is astonishingly ham fisted  ,0,"['plot', 'hole', 'pair', 'fishnet', 'stocking', 'direction', 'editing', 'astonishingly', 'ham', 'fisted']",10
what on earth is irons doing in this film  ,0,"['earth', 'iron', 'film']",3
i just saw this film and i recommend it  ,1,"['saw', 'film', 'recommend']",3
it has a very good plot it holds your complete attention the acting is superb tom wilkinson was fantastic and emily watson was also very good  ,1,"['good', 'plot', 'hold', 'complete', 'attention', 'acting', 'superb', 'tom', 'wilkinson', 'fantastic', 'emily', 'watson', 'also', 'good']",14
a very good film indeed about great and unconditional love  ,1,"['good', 'film', 'indeed', 'great', 'unconditional', 'love']",6
tom wilkinsons character is a man who is not prepared for the ordeal that is about to begin but he takes the matter in hand as the story progresses and this great actor gives a performance that makes you feel the characters anguish and suffering  ,1,"['tom', 'wilkinson', 'character', 'man', 'prepared', 'ordeal', 'begin', 'take', 'matter', 'hand', 'story', 'progress', 'great', 'actor', 'give', 'performance', 'make', 'feel', 'character', 'anguish', 'suffering']",21
emily watsons character is very strong and she has only to give a quick glance and you understand everything  ,1,"['emily', 'watson', 'character', 'strong', 'give', 'quick', 'glance', 'understand', 'everything']",9
despite the pans of reviewers i liked this movie  ,1,"['despite', 'pan', 'reviewer', 'liked', 'movie']",5
in fact i liked it better than interview with a vampire and i liked this lestat stuart townsend better than cruises attempt  ,1,"['fact', 'liked', 'better', 'interview', 'vampire', 'liked', 'lestat', 'stuart', 'townsend', 'better', 'cruise', 'attempt']",12
aailiyah was pretty good as akasha in places compelling her first entrance and mini dance scene  ,1,"['aailiyah', 'pretty', 'good', 'akasha', 'place', 'compelling', 'first', 'entrance', 'mini', 'dance', 'scene']",11
im a big fan of this series mostly due to anne rices style sensitivities and treatments  ,1,"['im', 'big', 'fan', 'series', 'mostly', 'due', 'anne', 'rice', 'style', 'sensitivity', 'treatment']",11
i guess i liked the details of his dysfunctionhe was believable  ,1,"['guess', 'liked', 'detail', 'dysfunctionhe', 'believable']",5
the football scenes at the end were perplexing  ,0,"['football', 'scene', 'end', 'perplexing']",4
but i thought his acting was skilled  ,1,"['thought', 'acting', 'skilled']",3
meredith m was better than all right  ,1,"['meredith', 'better', 'right']",3
a very charming film with wonderful sentiment and heart  ,1,"['charming', 'film', 'wonderful', 'sentiment', 'heart']",5
it is rare when a filmmaker takes the time to tell a worthy moral tale with care and love that doesnt fall into the trap of being overly syrupy or over indulgent  ,1,"['rare', 'filmmaker', 'take', 'time', 'tell', 'worthy', 'moral', 'tale', 'care', 'love', 'doesnt', 'fall', 'trap', 'overly', 'syrupy', 'indulgent']",16
nine out of ten for a truly lovely film  ,1,"['nine', 'ten', 'truly', 'lovely', 'film']",5
this early film from future goremeister lucio fulci is a very good addition to the giallo subgenre  ,1,"['early', 'film', 'future', 'goremeister', 'lucio', 'fulci', 'good', 'addition', 'giallo', 'subgenre']",10
this is one of the best italian thrillers of the early 70s  ,1,"['one', 'best', 'italian', 'thriller', 'early', '70']",6
a standout scene  ,1,"['standout', 'scene']",2
this scene is very strong and unpleasant  ,0,"['scene', 'strong', 'unpleasant']",3
technically the film is well made with impressive camerawork solid acting and effective music from riz ortolani  particularly good is a recurring unaccompanied female vocal that sounds like its coming from a distant hill  ,1,"['technically', 'film', 'well', 'made', 'impressive', 'camerawork', 'solid', 'acting', 'effective', 'music', 'riz', 'ortolani', 'particularly', 'good', 'recurring', 'unaccompanied', 'female', 'vocal', 'sound', 'like', 'coming', 'distant', 'hill']",23
its still wild stuff though and is highly recommended to fans of giallo cinema  ,1,"['still', 'wild', 'stuff', 'though', 'highly', 'recommended', 'fan', 'giallo', 'cinema']",9
the movie was very interesting from beginning to the end  ,1,"['movie', 'interesting', 'beginning', 'end']",4
i liked the way dustin hoffmans character was ready to do just about everything to stay with his son  ,1,"['liked', 'way', 'dustin', 'hoffman', 'character', 'ready', 'everything', 'stay', 'son']",9
this movie is also revealing  ,1,"['movie', 'also', 'revealing']",3
personally i think it shows that people should learn to find a compromise them self without involving other people into issue  ,1,"['personally', 'think', 'show', 'people', 'learn', 'find', 'compromise', 'self', 'without', 'involving', 'people', 'issue']",12
and it was boring  ,0,['boring'],1
i am so tired of clichés that is just lazy writing and here they come in thick and fast  ,0,"['tired', 'clichés', 'lazy', 'writing', 'come', 'thick', 'fast']",7
ps the only scene in the movie that was cool is when the central character finds her room blown up  ,1,"['p', 'scene', 'movie', 'cool', 'central', 'character', 'find', 'room', 'blown']",9
its a fresh subtle and rather sublime effect  ,1,"['fresh', 'subtle', 'rather', 'sublime', 'effect']",5
an italian reviewer called this a small great film and thats right  ,1,"['italian', 'reviewer', 'called', 'small', 'great', 'film', 'thats', 'right']",8
all the actors give a wonderful performance especially jennifer rubin as jamie harris who changes from the nervous starlet in the beginning through the strange events she is part of to the cool star  ,1,"['actor', 'give', 'wonderful', 'performance', 'especially', 'jennifer', 'rubin', 'jamie', 'harris', 'change', 'nervous', 'starlet', 'beginning', 'strange', 'event', 'part', 'cool', 'star']",18
you learn a lot about the real inside emotions of people in this movie and a lot about the movie business itself  ,1,"['learn', 'lot', 'real', 'inside', 'emotion', 'people', 'movie', 'lot', 'movie', 'business']",10
the movie in movie situations in the beginning and through the game that is played with her by the acting coach are fascinating  ,1,"['movie', 'movie', 'situation', 'beginning', 'game', 'played', 'acting', 'coach', 'fascinating']",9
also the music by mark snow is possibly the best score ive ever heard  ,1,"['also', 'music', 'mark', 'snow', 'possibly', 'best', 'score', 'ive', 'ever', 'heard']",10
you wont forget this movie  ,1,"['wont', 'forget', 'movie']",3
why was this film made  ,0,"['film', 'made']",2
the film has an ultracheap look to it  ,0,"['film', 'ultracheap', 'look']",3
the result is a film that just dont look right  ,0,"['result', 'film', 'dont', 'look', 'right']",5
none of them are engaging or exciting  ,0,"['none', 'engaging', 'exciting']",3
the plot is nonsense that doesnt interest in the slightest way or have any uniqueness to it  ,0,"['plot', 'nonsense', 'doesnt', 'interest', 'slightest', 'way', 'uniqueness']",7
the foreigner is not worth one second of your time  ,0,"['foreigner', 'worth', 'one', 'second', 'time']",5
i saw it as a child on tv back in 1973 when it was the stranger and i loved it  ,1,"['saw', 'child', 'tv', 'back', '1973', 'stranger', 'loved']",7
but the duet between the astronaut and his doctor at the beginning of the movie is a perfect exchange if one considers that this movie was made well into the cold war and the astronauts biggest fear is that he has crashed in the ussr  ,1,"['duet', 'astronaut', 'doctor', 'beginning', 'movie', 'perfect', 'exchange', 'one', 'considers', 'movie', 'made', 'well', 'cold', 'war', 'astronaut', 'biggest', 'fear', 'crashed', 'ussr']",19
this movie is so awesome  ,1,"['movie', 'awesome']",2
i loved it it was really scary  ,1,"['loved', 'really', 'scary']",3
i love the scream movies and all horror movies and this one ranks way up there  ,1,"['love', 'scream', 'movie', 'horror', 'movie', 'one', 'rank', 'way']",8
if you want a real scare rent this one  ,1,"['want', 'real', 'scare', 'rent', 'one']",5
1010  ,1,['1010'],1
this is an extraordinary film  ,1,"['extraordinary', 'film']",2
as a courtroom drama its compelling as an indictment on the american justice system its frightening  ,1,"['courtroom', 'drama', 'compelling', 'indictment', 'american', 'justice', 'system', 'frightening']",8
this film highlights the fundamental flaws of the legal process that its not about discovering guilt or innocence but rather is about who presents better in court  ,1,"['film', 'highlight', 'fundamental', 'flaw', 'legal', 'process', 'discovering', 'guilt', 'innocence', 'rather', 'present', 'better', 'court']",13
the film is well paced understated and one of the best courtroom documentaries ive seen  ,1,"['film', 'well', 'paced', 'understated', 'one', 'best', 'courtroom', 'documentary', 'ive', 'seen']",10
this mostly routine factbased tv drama gets a boost from the fine performance by cole  ,1,"['mostly', 'routine', 'factbased', 'tv', 'drama', 'get', 'boost', 'fine', 'performance', 'cole']",10
predictable but not a bad watch  ,1,"['predictable', 'bad', 'watch']",3
it was clear that she had the range and ability to pull off this part  ,1,"['clear', 'range', 'ability', 'pull', 'part']",5
she carries the movie well  ,1,"['carry', 'movie', 'well']",3
constantine gives everything the right intensity and seems to have a good understanding of the underlying psychological motivations  ,1,"['constantine', 'give', 'everything', 'right', 'intensity', 'seems', 'good', 'understanding', 'underlying', 'psychological', 'motivation']",11
it is wonderful and inspiring to watch and i hope that it gets released again on to video or dvd  ,1,"['wonderful', 'inspiring', 'watch', 'hope', 'get', 'released', 'video', 'dvd']",8
how this piece of trash was ever released is beyond me the acting the story the characters the supposedly special effects etcits all wrong  ,0,"['piece', 'trash', 'ever', 'released', 'beyond', 'acting', 'story', 'character', 'supposedly', 'special', 'effect', 'etcits', 'wrong']",13
in fact this stinker smells like a directtovideo release  ,0,"['fact', 'stinker', 'smell', 'like', 'directtovideo', 'release']",6
avoid at all costs  ,0,"['avoid', 'cost']",2
star trek v the final frontier is the worst in the series  ,0,"['star', 'trek', 'v', 'final', 'frontier', 'worst', 'series']",7
the acting from all involved and that includes those like shatner and nimoy is bad and washed out and making them seem as old as they look in real life the special effects are tacky like when spock has to rescue kirk on a jet pack when he falls down from a mountain  ,0,"['acting', 'involved', 'includes', 'like', 'shatner', 'nimoy', 'bad', 'washed', 'making', 'seem', 'old', 'look', 'real', 'life', 'special', 'effect', 'tacky', 'like', 'spock', 'rescue', 'kirk', 'jet', 'pack', 'fall', 'mountain']",25
the attempts at humor were pitiful and story is so awful it dosent bear thinking about which basically involves a vulcan stealing the enterprise to find god seriously i just didnt care about any of this film and oh not to mention uhura does a belly dance to distract male guards  ,0,"['attempt', 'humor', 'pitiful', 'story', 'awful', 'dosent', 'bear', 'thinking', 'basically', 'involves', 'vulcan', 'stealing', 'enterprise', 'find', 'god', 'seriously', 'didnt', 'care', 'film', 'oh', 'mention', 'uhura', 'belly', 'dance', 'distract', 'male', 'guard']",27
the only place good for this film is in the garbage  ,0,"['place', 'good', 'film', 'garbage']",4
the worst one of the series  ,0,"['worst', 'one', 'series']",3
editing the editing of this film was phenomenal in my opinion  ,1,"['editing', 'editing', 'film', 'phenomenal', 'opinion']",5
when a song could explain the emotions of the subjects better such as when jay adams unfortunate life was a subject of talk the song old man by neil young was played which evokes many emotions  ,1,"['song', 'could', 'explain', 'emotion', 'subject', 'better', 'jay', 'adam', 'unfortunate', 'life', 'subject', 'talk', 'song', 'old', 'man', 'neil', 'young', 'played', 'evokes', 'many', 'emotion']",21
cinematography the film was shot in an interesting way  ,1,"['cinematography', 'film', 'shot', 'interesting', 'way']",5
of course the footage from the 70s was grainy but that only enhanced the film  ,1,"['course', 'footage', '70', 'grainy', 'enhanced', 'film']",6
this film offers many delights and surprises  ,1,"['film', 'offer', 'many', 'delight', 'surprise']",5
when achille and philippa beautifully sing a duet from don giovanni that perfectly describes their situation in the movie you appreciate the subtle layers of this excellent film  ,1,"['achille', 'philippa', 'beautifully', 'sing', 'duet', 'giovanni', 'perfectly', 'describes', 'situation', 'movie', 'appreciate', 'subtle', 'layer', 'excellent', 'film']",15
the story unfolds in 18th century jutland and the use of period music played on period instruments is just one more fine touch  ,1,"['story', 'unfolds', '18th', 'century', 'jutland', 'use', 'period', 'music', 'played', 'period', 'instrument', 'one', 'fine', 'touch']",14
you share general loewenhielms exquisite joy in his partaking of the cailles en sarcophage even though you are just watching a movie  but you do wish for just a small sample to savor  ,1,"['share', 'general', 'loewenhielms', 'exquisite', 'joy', 'partaking', 'cailles', 'en', 'sarcophage', 'even', 'though', 'watching', 'movie', 'wish', 'small', 'sample', 'savor']",17
but this understated film leaves a lasting impression  ,1,"['understated', 'film', 'leaf', 'lasting', 'impression']",5
the warmth it generates is in contrast to its austere backdrop  ,1,"['warmth', 'generates', 'contrast', 'austere', 'backdrop']",5
you will leave the theater wanting to go out and dance under the stars  ,1,"['leave', 'theater', 'wanting', 'go', 'dance', 'star']",6
the acting as youd expect from this cast is top notch  ,1,"['acting', 'youd', 'expect', 'cast', 'top', 'notch']",6
the characters are fleshed out surprisingly well particularly grimes and blake and all the actors deliver their sharply scripted lines with just the right amount of deadpan tongue in cheek to make the dialogue both hilarious and realistic  ,1,"['character', 'fleshed', 'surprisingly', 'well', 'particularly', 'grime', 'blake', 'actor', 'deliver', 'sharply', 'scripted', 'line', 'right', 'amount', 'deadpan', 'tongue', 'cheek', 'make', 'dialogue', 'hilarious', 'realistic']",21
angus scrimm also turns in a good performance in a somewhat brief but memorable role as the gently menacing violinplaying anatomist doctor quinn  ,1,"['angus', 'scrimm', 'also', 'turn', 'good', 'performance', 'somewhat', 'brief', 'memorable', 'role', 'gently', 'menacing', 'violinplaying', 'anatomist', 'doctor', 'quinn']",16
conclusion  i loved it  ,1,"['conclusion', 'loved']",2
its a long time since i was so entertained by a movie  ,1,"['long', 'time', 'since', 'entertained', 'movie']",5
i struggle to find anything bad to say about it  ,1,"['struggle', 'find', 'anything', 'bad', 'say']",5
mark my words this is one of those cult films like evil dead 2 or phantasm that people will still be discovering and falling in love with 20 30 40 years down the line  ,1,"['mark', 'word', 'one', 'cult', 'film', 'like', 'evil', 'dead', '2', 'phantasm', 'people', 'still', 'discovering', 'falling', 'love', '20', '30', '40', 'year', 'line']",20
its pretty surprising that this wonderful film was made in 1949 as hollywood generally had its collective heads in the sand concerning black and white issues at that time  ,1,"['pretty', 'surprising', 'wonderful', 'film', 'made', '1949', 'hollywood', 'generally', 'collective', 'head', 'sand', 'concerning', 'black', 'white', 'issue', 'time']",16
the film deserves strong kudos for taking this stand for having exceptional acting from its mostly lesserknown cast and for the superintelligent script that doesnt insult the audience or take the easy way out when it comes to white racism  ,1,"['film', 'deserves', 'strong', 'kudos', 'taking', 'stand', 'exceptional', 'acting', 'mostly', 'lesserknown', 'cast', 'superintelligent', 'script', 'doesnt', 'insult', 'audience', 'take', 'easy', 'way', 'come', 'white', 'racism']",22
plus with the movies rather modest budget and fast running time it does an amazing job  ,1,"['plus', 'movie', 'rather', 'modest', 'budget', 'fast', 'running', 'time', 'amazing', 'job']",10
juano hernandez an exceptional actor who played supporting roles in many films of the era is a proud black man who is accused of murdering a white man in the south  ,1,"['juano', 'hernandez', 'exceptional', 'actor', 'played', 'supporting', 'role', 'many', 'film', 'era', 'proud', 'black', 'man', 'accused', 'murdering', 'white', 'man', 'south']",18
trumbull on i love lucy  ,1,"['trumbull', 'love', 'lucy']",3
see it with your kids if you have a chanceit will open up some amazing dialog about how far race relations have come in the last 50 years  ,1,"['see', 'kid', 'chanceit', 'open', 'amazing', 'dialog', 'far', 'race', 'relation', 'come', 'last', '50', 'year']",13
see both films if you can  ,1,"['see', 'film']",2
it was that year however that reminded us that huston was still at the top of his game as evinced by his faithful adaptation of james joyces acclaimed novella the dead  ,1,"['year', 'however', 'reminded', 'u', 'huston', 'still', 'top', 'game', 'evinced', 'faithful', 'adaptation', 'james', 'joyce', 'acclaimed', 'novella', 'dead']",16
feelings thoughtsgabriels discomfort during the danceall these intangibles leap to life and come within the viewers grasp in hustons portrayal  ,1,"['feeling', 'thoughtsgabriels', 'discomfort', 'danceall', 'intangible', 'leap', 'life', 'come', 'within', 'viewer', 'grasp', 'huston', 'portrayal']",13
very disappointed and wondered how it could be in the oscar shortlist  ,0,"['disappointed', 'wondered', 'could', 'oscar', 'shortlist']",5
its very slow  ,0,['slow'],1
lot of holes in the plot theres nothing about how he became the emperor nothing about where he spend 20 years between his childhood and mature age  ,0,"['lot', 'hole', 'plot', 'there', 'nothing', 'became', 'emperor', 'nothing', 'spend', '20', 'year', 'childhood', 'mature', 'age']",14
 dont waste your time  ,0,"['dont', 'waste', 'time']",3
end of days is one of the worst bigbudget action movies ive ever seen  ,0,"['end', 'day', 'one', 'worst', 'bigbudget', 'action', 'movie', 'ive', 'ever', 'seen']",10
he surely doesnt know how to make a coherent action movie from the screenwriter of air force one who was only obliged to write the script just for a big sum of money  ,0,"['surely', 'doesnt', 'know', 'make', 'coherent', 'action', 'movie', 'screenwriter', 'air', 'force', 'one', 'obliged', 'write', 'script', 'big', 'sum', 'money']",17
this was one of the worst films i have ever seen  ,0,"['one', 'worst', 'film', 'ever', 'seen']",5
im still trying to get over how bad it was  ,0,"['im', 'still', 'trying', 'get', 'bad']",5
this movie is possibly one of the most creative works of horror ever  ,1,"['movie', 'possibly', 'one', 'creative', 'work', 'horror', 'ever']",7
it has everything you could want suspense drama comedy confusing subplots native americans brain eating if youre looking for the beall endall of brainsucking movies look no further  ,1,"['everything', 'could', 'want', 'suspense', 'drama', 'comedy', 'confusing', 'subplots', 'native', 'american', 'brain', 'eating', 'youre', 'looking', 'beall', 'endall', 'brainsucking', 'movie', 'look']",19
 with great sound effects and impressive special effects i cant recommend this movie enough  ,1,"['great', 'sound', 'effect', 'impressive', 'special', 'effect', 'cant', 'recommend', 'movie', 'enough']",10
call me a nut but i think this is one of the best movies ever  ,1,"['call', 'nut', 'think', 'one', 'best', 'movie', 'ever']",7
great character actors telly savalas and peter boyle  ,1,"['great', 'character', 'actor', 'telly', 'savalas', 'peter', 'boyle']",7
1 hour 54 minutes of sheer tedium melodrama and horrible acting a mess of a script and a sinking feeling of good lord what were they thinking  ,0,"['1', 'hour', '54', 'minute', 'sheer', 'tedium', 'melodrama', 'horrible', 'acting', 'mess', 'script', 'sinking', 'feeling', 'good', 'lord', 'thinking']",16
lots of holes in the script  ,0,"['lot', 'hole', 'script']",3
its like a bad two hour tv movie  ,0,"['like', 'bad', 'two', 'hour', 'tv', 'movie']",6
now imagine that every single one of those decisions was made wrong  ,0,"['imagine', 'every', 'single', 'one', 'decision', 'made', 'wrong']",7
the dialogue is atrocious  ,0,"['dialogue', 'atrocious']",2
the acting is beyond abysmal  ,0,"['acting', 'beyond', 'abysmal']",3
everything stinks  ,0,"['everything', 'stink']",2
trouble is the writing and directing make it impossible to establish those things that make a movie watchable like character story theme and so on  ,0,"['trouble', 'writing', 'directing', 'make', 'impossible', 'establish', 'thing', 'make', 'movie', 'watchable', 'like', 'character', 'story', 'theme']",14
worse theres an incredibly weak subplot thrown in that follows a little band of latterday mansonites as they go after a reporter whos working on a story on the anniversary of the killings  ,0,"['worse', 'there', 'incredibly', 'weak', 'subplot', 'thrown', 'follows', 'little', 'band', 'latterday', 'mansonites', 'go', 'reporter', 'who', 'working', 'story', 'anniversary', 'killing']",18
its dumb and pointless and a complete waste of time  ,0,"['dumb', 'pointless', 'complete', 'waste', 'time']",5
in short dont bother with this movie  ,0,"['short', 'dont', 'bother', 'movie']",4
i wont spoil it but the ending in pretty amazing  ,1,"['wont', 'spoil', 'ending', 'pretty', 'amazing']",5
the best scene in the movie is at the end but i wont spoil it  ,1,"['best', 'scene', 'movie', 'end', 'wont', 'spoil']",6
if there was ever an indication of a writer and a directors ability to meld two highly volatile temperaments into a seamless union of creativity then this is it  ,1,"['ever', 'indication', 'writer', 'director', 'ability', 'meld', 'two', 'highly', 'volatile', 'temperament', 'seamless', 'union', 'creativity']",13
the result is a powerhouse achievement made more timely now perhaps because of our cultures disturbing fascination with celebrity and its distorted interpretations of fame  ,1,"['result', 'powerhouse', 'achievement', 'made', 'timely', 'perhaps', 'culture', 'disturbing', 'fascination', 'celebrity', 'distorted', 'interpretation', 'fame']",13
a film not easily forgotten  ,1,"['film', 'easily', 'forgotten']",3
but kevin spacey is an excellent verbal tsunami as buddy ackerman  and totally believable because he is a great actor  ,1,"['kevin', 'spacey', 'excellent', 'verbal', 'tsunami', 'buddy', 'ackerman', 'totally', 'believable', 'great', 'actor']",11
the scripting of the subtle comedy is unmatched by any movie in recent years  ,1,"['scripting', 'subtle', 'comedy', 'unmatched', 'movie', 'recent', 'year']",7
the characters are interesting even if a bit predictable  ,1,"['character', 'interesting', 'even', 'bit', 'predictable']",5
highly recommended for all ages although the younger set will probably not appreciate some of the more subtle references they will certainly appreciate one galley scene in particular  ,1,"['highly', 'recommended', 'age', 'although', 'younger', 'set', 'probably', 'appreciate', 'subtle', 'reference', 'certainly', 'appreciate', 'one', 'galley', 'scene', 'particular']",16
great movie  ,1,"['great', 'movie']",2
also the story and acting were weak  ,0,"['also', 'story', 'acting', 'weak']",4
at around 4 pm i bought it at around 8pm i started to watch at around 815pm i fast forwarded the remaining film to see if there was anything left watchable for a human being with a brain but there wasnt  ,0,"['around', '4', 'pm', 'bought', 'around', '8pm', 'started', 'watch', 'around', '815pm', 'fast', 'forwarded', 'remaining', 'film', 'see', 'anything', 'left', 'watchable', 'human', 'brain', 'wasnt']",21
either way it sucks  ,0,"['either', 'way', 'suck']",3
the script is horrendously stupid  ,0,"['script', 'horrendously', 'stupid']",3
the story starts too fast with absolutely no suspense or buildup in the slightest  ,0,"['story', 'start', 'fast', 'absolutely', 'suspense', 'buildup', 'slightest']",7
everything captain howdy says is either laughable or just plain stupid  ,0,"['everything', 'captain', 'howdy', 'say', 'either', 'laughable', 'plain', 'stupid']",8
what the hell kind of crap is that  ,0,"['hell', 'kind', 'crap']",3
then theres the plot holes  ,0,"['there', 'plot', 'hole']",3
you could drive a semi truck into these holes  ,0,"['could', 'drive', 'semi', 'truck', 'hole']",5
linda cardellini is the only thing good in this film  ,1,"['linda', 'cardellini', 'thing', 'good', 'film']",5
shes poised and amazing  ,1,"['shes', 'poised', 'amazing']",3
dee snider just plain sucks  ,0,"['dee', 'snider', 'plain', 'suck']",4
he cant act one of the least scary villains i have ever seen he cant write did he write this damn movie in his sleep  ,0,"['cant', 'act', 'one', 'least', 'scary', 'villain', 'ever', 'seen', 'cant', 'write', 'write', 'damn', 'movie', 'sleep']",14
i was bored throughout the whole damn thing  ,0,"['bored', 'throughout', 'whole', 'damn', 'thing']",5
the acting sucks the music sucks the script sucks the pacing sucks the special fx suck the directing sucks basically this movie sucks  ,0,"['acting', 'suck', 'music', 'suck', 'script', 'suck', 'pacing', 'suck', 'special', 'fx', 'suck', 'directing', 'suck', 'basically', 'movie', 'suck']",16
this film tries to be a serious and sophisticated thrillerhorror flick and it fails miserably  ,0,"['film', 'try', 'serious', 'sophisticated', 'thrillerhorror', 'flick', 'fails', 'miserably']",8
this is probably one of the least effective and utterly unoriginal films i have ever seen in my entire life  ,0,"['probably', 'one', 'least', 'effective', 'utterly', 'unoriginal', 'film', 'ever', 'seen', 'entire', 'life']",11
a piece of cinematic garbage captured on celluloid  ,0,"['piece', 'cinematic', 'garbage', 'captured', 'celluloid']",5
avoid at any and all costs  ,0,"['avoid', 'cost']",2
at any rate this film stinks its not funny and fulci should have stayed with giallo and supernatural zombie movies  ,0,"['rate', 'film', 'stink', 'funny', 'fulci', 'stayed', 'giallo', 'supernatural', 'zombie', 'movie']",10
avoid this film at all costs  ,0,"['avoid', 'film', 'cost']",3
i dont know what happened in season five what a mess  ,0,"['dont', 'know', 'happened', 'season', 'five', 'mess']",6
the only consistent thread holding the series together were the amazing performances of leni parker and anita laselva as the two taelons in quiet idealogical conflict  ,0,"['consistent', 'thread', 'holding', 'series', 'together', 'amazing', 'performance', 'leni', 'parker', 'anita', 'laselva', 'two', 'taelons', 'quiet', 'idealogical', 'conflict']",16
now this is a movie i really dislike  ,0,"['movie', 'really', 'dislike']",3
its one of the most boring horror movies from the 90s mainly because it starts slow and centers in a boring atmosphere  ,0,"['one', 'boring', 'horror', 'movie', '90', 'mainly', 'start', 'slow', 'center', 'boring', 'atmosphere']",11
the puppets look really cheesy  not in a good way like in the puppet master 80s flicks  ,0,"['puppet', 'look', 'really', 'cheesy', 'good', 'way', 'like', 'puppet', 'master', '80', 'flick']",11
the story is lame not interesting and never really explains the sinister origins of the puppets  ,0,"['story', 'lame', 'interesting', 'never', 'really', 'explains', 'sinister', 'origin', 'puppet']",9
there arent death scenes like in previous movies and the fx are terrible  ,0,"['arent', 'death', 'scene', 'like', 'previous', 'movie', 'fx', 'terrible']",8
i felt asleep the first time i watched it so i can recommend it for insomniacs  ,0,"['felt', 'asleep', 'first', 'time', 'watched', 'recommend', 'insomniac']",7
the fact is this film is a wonderful heartwarming tale about two people chasing their dreams  ,1,"['fact', 'film', 'wonderful', 'heartwarming', 'tale', 'two', 'people', 'chasing', 'dream']",9
the best part about nurse betty is its unpredictability  ,1,"['best', 'part', 'nurse', 'betty', 'unpredictability']",5
director neil labute uses brutal violence to seperate dreams from reality and along with the touching drama and hilarious comedy you can never tell what is going to happen next  ,1,"['director', 'neil', 'labute', 'us', 'brutal', 'violence', 'seperate', 'dream', 'reality', 'along', 'touching', 'drama', 'hilarious', 'comedy', 'never', 'tell', 'going', 'happen', 'next']",19
otherwise dont even waste your time on this  ,0,"['otherwise', 'dont', 'even', 'waste', 'time']",5
this one just fails to create any real suspense  ,0,"['one', 'fails', 'create', 'real', 'suspense']",5
as for the killer dont expect anything original or even remotely frightening  ,0,"['killer', 'dont', 'expect', 'anything', 'original', 'even', 'remotely', 'frightening']",8
there is however some pretty good acting at least for this type of film  ,1,"['however', 'pretty', 'good', 'acting', 'least', 'type', 'film']",7
im so sorry but i really cant recommend it to anyone  ,0,"['im', 'sorry', 'really', 'cant', 'recommend', 'anyone']",6
one of the most boringpointless movies i have ever seen  ,0,"['one', 'boringpointless', 'movie', 'ever', 'seen']",5
the secondary plot line is incomprehensible and its relation to the primary plot line is mystifying  ,0,"['secondary', 'plot', 'line', 'incomprehensible', 'relation', 'primary', 'plot', 'line', 'mystifying']",9
hated it  ,0,['hated'],1
this is one of the worst sandra bullock movie since speed 2 but not quite that bad  ,0,"['one', 'worst', 'sandra', 'bullock', 'movie', 'since', 'speed', '2', 'quite', 'bad']",10
i dont understand how this garbage got on the shelves of the movie store its not even a real movie  ,0,"['dont', 'understand', 'garbage', 'got', 'shelf', 'movie', 'store', 'even', 'real', 'movie']",10
i highly doubt that anyone could ever like this trash  ,0,"['highly', 'doubt', 'anyone', 'could', 'ever', 'like', 'trash']",7
this is not moviemaking  ,0,['moviemaking'],1
the acting is like watching wooden puppets moving around and reading from a book thats how bad it is  ,0,"['acting', 'like', 'watching', 'wooden', 'puppet', 'moving', 'around', 'reading', 'book', 'thats', 'bad']",11
so i am here to warn youdo not rent this movie it is the dumbest thing you have never seen  ,0,"['warn', 'youdo', 'rent', 'movie', 'dumbest', 'thing', 'never', 'seen']",8
i saw this short film on hbo the other day and absolutely loved it  ,1,"['saw', 'short', 'film', 'hbo', 'day', 'absolutely', 'loved']",7
i didnt realize how wonderful the short really is until the last two scenes  ,1,"['didnt', 'realize', 'wonderful', 'short', 'really', 'last', 'two', 'scene']",8
excellent short film  ,1,"['excellent', 'short', 'film']",3
hopefully the director james cox can turn the short into a feature length film with the same cast or win us over with a whole new film  ,1,"['hopefully', 'director', 'james', 'cox', 'turn', 'short', 'feature', 'length', 'film', 'cast', 'win', 'u', 'whole', 'new', 'film']",15
i agree with jessica this movie is pretty bad  ,0,"['agree', 'jessica', 'movie', 'pretty', 'bad']",5
characters are onedimensional even the good guys and especially the bad guys  ,0,"['character', 'onedimensional', 'even', 'good', 'guy', 'especially', 'bad', 'guy']",8
the story line is totally predictable  ,0,"['story', 'line', 'totally', 'predictable']",4
not much dialogue not much music the whole film was shot as elaborately and aesthetically like a sculpture  ,1,"['much', 'dialogue', 'much', 'music', 'whole', 'film', 'shot', 'elaborately', 'aesthetically', 'like', 'sculpture']",11
ive seen soap operas more intelligent than this movie  ,0,"['ive', 'seen', 'soap', 'opera', 'intelligent', 'movie']",6
bad characters bad story and bad acting  ,0,"['bad', 'character', 'bad', 'story', 'bad', 'acting']",6
really awful  ,0,"['really', 'awful']",2
not easy to watch  ,0,"['easy', 'watch']",2
funny clever hip  just like prays previous film hype  ,1,"['funny', 'clever', 'hip', 'like', 'prays', 'previous', 'film', 'hype']",8
it was a long time that i didnt see a so charismatic actor on screen  ,1,"['long', 'time', 'didnt', 'see', 'charismatic', 'actor', 'screen']",7
paolo sorrentino has written a wonderful story about loneliness and tony has built one of the most unforgettable characters seen in movies in recent years  ,1,"['paolo', 'sorrentino', 'written', 'wonderful', 'story', 'loneliness', 'tony', 'built', 'one', 'unforgettable', 'character', 'seen', 'movie', 'recent', 'year']",15
the movie is not completely perfect but titta di girolamo will stay with you for a long time after the vision of the movie  ,1,"['movie', 'completely', 'perfect', 'titta', 'di', 'girolamo', 'stay', 'long', 'time', 'vision', 'movie']",11
i rate this movie 910  ,1,"['rate', 'movie', '910']",3
i do not know if this was emilio estevezs directorial debut but the pacing the interplay and development of the characters as well as some clever camera work surrounding the character estevez plays all suggest a natural eye  ,1,"['know', 'emilio', 'estevezs', 'directorial', 'debut', 'pacing', 'interplay', 'development', 'character', 'well', 'clever', 'camera', 'work', 'surrounding', 'character', 'estevez', 'play', 'suggest', 'natural', 'eye']",20
the interplay between martin and emilio contains the same wonderful chemistry we saw in wall street with martin and charlie  ,1,"['interplay', 'martin', 'emilio', 'contains', 'wonderful', 'chemistry', 'saw', 'wall', 'street', 'martin', 'charlie']",11
kathy bates is wonderful in her characters subtle desperation and escapism a variation on her character in at play in the fields of the lord  ,1,"['kathy', 'bates', 'wonderful', 'character', 'subtle', 'desperation', 'escapism', 'variation', 'character', 'play', 'field', 'lord']",12
for readers who have already seen one of miyazakis films he is still in top form and made another worthwhile experience  ,1,"['reader', 'already', 'seen', 'one', 'miyazakis', 'film', 'still', 'top', 'form', 'made', 'another', 'worthwhile', 'experience']",13
it never condescends all the characters have good genuine hearts and believable problems  ,1,"['never', 'condescends', 'character', 'good', 'genuine', 'heart', 'believable', 'problem']",8
the two main characters may be two of the most believable children i ever saw put on screen  ,1,"['two', 'main', 'character', 'may', 'two', 'believable', 'child', 'ever', 'saw', 'put', 'screen']",11
they are so easy to love but even more easy to identify with  ,1,"['easy', 'love', 'even', 'easy', 'identify']",5
this movie is greatespecially if you enjoy visual arts  ,1,"['movie', 'greatespecially', 'enjoy', 'visual', 'art']",5
the scenery that the two daughters paint and photograph are beautiful  ,1,"['scenery', 'two', 'daughter', 'paint', 'photograph', 'beautiful']",6
the story is also both funny and poignant at times  ,1,"['story', 'also', 'funny', 'poignant', 'time']",5
people who like european films and art movies will like this movie  ,1,"['people', 'like', 'european', 'film', 'art', 'movie', 'like', 'movie']",8
this is truly an art movieit actually has a lot of art in it  ,1,"['truly', 'art', 'movieit', 'actually', 'lot', 'art']",6
go rent it  ,1,"['go', 'rent']",2
however after finally watching this film i realized that not only had i had a closed mind to the brilliance it depicts i also found myself watching it over and over again  ,1,"['however', 'finally', 'watching', 'film', 'realized', 'closed', 'mind', 'brilliance', 'depicts', 'also', 'found', 'watching']",12
its the one movie that never ceases to interest me simply because it keeps me alert as i try to attempt to decipher its meanings  ,1,"['one', 'movie', 'never', 'cease', 'interest', 'simply', 'keep', 'alert', 'try', 'attempt', 'decipher', 'meaning']",12
brilliance indeed  ,1,"['brilliance', 'indeed']",2
but if you liked movies like the matrix and better yet their sequels i think youll appreciate the thought provoking mindblowing experience this film will give you  ,1,"['liked', 'movie', 'like', 'matrix', 'better', 'yet', 'sequel', 'think', 'youll', 'appreciate', 'thought', 'provoking', 'mindblowing', 'experience', 'film', 'give']",16
think of the film being like a dream  ,1,"['think', 'film', 'like', 'dream']",4
simply beautiful  ,1,"['simply', 'beautiful']",2
both rickman and stowe play their roles to the hilt in this tale of a childrens book writer who maybe has written a subversive tract  ,1,"['rickman', 'stowe', 'play', 'role', 'hilt', 'tale', 'childrens', 'book', 'writer', 'maybe', 'written', 'subversive', 'tract']",13
its a gloriously fun fast paced and fairly accurate portrayal of the night of a raver  ,1,"['gloriously', 'fun', 'fast', 'paced', 'fairly', 'accurate', 'portrayal', 'night', 'raver']",9
it presents a idyllic yet serious portrayal of the ups and downs of the characters lives  ,1,"['present', 'idyllic', 'yet', 'serious', 'portrayal', 'ups', 'down', 'character', 'life']",9
just whatever you do avoid groove as its the antithesis of all that is good about human traffic  ,0,"['whatever', 'avoid', 'groove', 'antithesis', 'good', 'human', 'traffic']",7
its too bad that everyone else involved didnt share crowes level of dedication to quality for if they did wed have a far better film on our hands than this subpar mess  ,0,"['bad', 'everyone', 'else', 'involved', 'didnt', 'share', 'crowes', 'level', 'dedication', 'quality', 'wed', 'far', 'better', 'film', 'hand', 'subpar', 'mess']",17
the movie seemed a little slow at first  ,0,"['movie', 'seemed', 'little', 'slow', 'first']",5
but it picked up speed and got right to the point  ,1,"['picked', 'speed', 'got', 'right', 'point']",5
it showed exactly how the government and the scientist argued for humanity and the reasons of the gadget  ,1,"['showed', 'exactly', 'government', 'scientist', 'argued', 'humanity', 'reason', 'gadget']",8
i enjoyed it  ,1,['enjoyed'],1
i have recommended it to friends  ,1,"['recommended', 'friend']",2
i was particularly pleased with the acting ability of dwight schultz  ,1,"['particularly', 'pleased', 'acting', 'ability', 'dwight', 'schultz']",6
both actors truly understand and become their particular character delivering a convincing sincere performance  ,1,"['actor', 'truly', 'understand', 'become', 'particular', 'character', 'delivering', 'convincing', 'sincere', 'performance']",10
their onscreen chemistry critical to the entire film is genuine  ,1,"['onscreen', 'chemistry', 'critical', 'entire', 'film', 'genuine']",6
the films dialogue is natural real to life  ,1,"['film', 'dialogue', 'natural', 'real', 'life']",5
the writer gorman bechard undoubtedly did his homework because all references are industry and characterage appropriate  ,1,"['writer', 'gorman', 'bechard', 'undoubtedly', 'homework', 'reference', 'industry', 'characterage', 'appropriate']",9
the incredible soundtrack truly captures the essence of the film  ,1,"['incredible', 'soundtrack', 'truly', 'capture', 'essence', 'film']",6
each track commands sentiment actually contributing to the scenes and characters  ,1,"['track', 'command', 'sentiment', 'actually', 'contributing', 'scene', 'character']",7
definitely worth seeing its the sort of thought provoking film that forces you to question your own threshold of loneliness  ,1,"['definitely', 'worth', 'seeing', 'sort', 'thought', 'provoking', 'film', 'force', 'question', 'threshold', 'loneliness']",11
hayao miyazakis latest and eighth film for studio ghibili gake no ue no ponyo ponyo on the cliff by the sea is a wonderfully fun and imaginative look at childhood  ,1,"['hayao', 'miyazakis', 'latest', 'eighth', 'film', 'studio', 'ghibili', 'gake', 'ue', 'ponyo', 'ponyo', 'cliff', 'sea', 'wonderfully', 'fun', 'imaginative', 'look', 'childhood']",18
at a time when it seems that film animation has been dominated by disneypixars cgi masterpieces it is both refreshing and comforting to know that miyazaki is still relying on traditional handdrawn animation to tell his charming and enchanting stories  ,1,"['time', 'seems', 'film', 'animation', 'dominated', 'disneypixars', 'cgi', 'masterpiece', 'refreshing', 'comforting', 'know', 'miyazaki', 'still', 'relying', 'traditional', 'handdrawn', 'animation', 'tell', 'charming', 'enchanting', 'story']",21
enough can not be said of the remarkable animation in this film  ,1,"['enough', 'said', 'remarkable', 'animation', 'film']",5
the art style has the appearance of crayonpencil drawings and is wonderfully colorful and fanciful  ,1,"['art', 'style', 'appearance', 'crayonpencil', 'drawing', 'wonderfully', 'colorful', 'fanciful']",8
if you act in such a film you should be glad that youre gonna drift away from earth as far as possible  ,0,"['act', 'film', 'glad', 'youre', 'gon', 'na', 'drift', 'away', 'earth', 'far', 'possible']",11
this one wants to surf on the small wave of space movies in 1998 deep impact and armageddon and this one fails everywhere  ,0,"['one', 'want', 'surf', 'small', 'wave', 'space', 'movie', '1998', 'deep', 'impact', 'armageddon', 'one', 'fails', 'everywhere']",14
if you havent choked in your own vomit by the end by all the cheap drama and worthless dialogue youve must have bored yourself to death with this waste of time  ,0,"['havent', 'choked', 'vomit', 'end', 'cheap', 'drama', 'worthless', 'dialogue', 'youve', 'must', 'bored', 'death', 'waste', 'time']",14
still it makes up for all of this with a super ending that depicts a great sea vessel being taken out by the mighty frost  ,1,"['still', 'make', 'super', 'ending', 'depicts', 'great', 'sea', 'vessel', 'taken', 'mighty', 'frost']",11
just consider the excellent story solid acting and look of the film as added bonuses  ,1,"['consider', 'excellent', 'story', 'solid', 'acting', 'look', 'film', 'added', 'bonus']",9
instead we got a bore fest about a whiny spoiled brat babysitting  ,0,"['instead', 'got', 'bore', 'fest', 'whiny', 'spoiled', 'brat', 'babysitting']",8
then i watched it again two sundays ago march 20th 2005 and i began to really enjoy it and this time i taped the entire thing  ,1,"['watched', 'two', 'sunday', 'ago', 'march', '20th', '2005', 'began', 'really', 'enjoy', 'time', 'taped', 'entire', 'thing']",14
it is a very well acted and done tv movie  ,1,"['well', 'acted', 'done', 'tv', 'movie']",5
judith light is one of my favorite actresses and i think she does a superb job in this film  ,1,"['judith', 'light', 'one', 'favorite', 'actress', 'think', 'superb', 'job', 'film']",9
i keep watching it over and over  ,1,"['keep', 'watching']",2
its a sad movie but very good  ,1,"['sad', 'movie', 'good']",3
if you have not seen this movie i definitely recommend it  ,1,"['seen', 'movie', 'definitely', 'recommend']",4
she is as lovely as usual this cutie  ,1,"['lovely', 'usual', 'cutie']",3
still its quite interesting and entertaining to follow  ,1,"['still', 'quite', 'interesting', 'entertaining', 'follow']",5
 recommend with confidence  ,1,"['recommend', 'confidence']",2
this movie is wellbalanced with comedy and drama and i thoroughly enjoyed myself  ,1,"['movie', 'wellbalanced', 'comedy', 'drama', 'thoroughly', 'enjoyed']",6
it was a riot to see hugo weaving play a sexobsessed gay real estate salesman who uses his clients houses for his trysts with the flaming darren tom hollander  ,1,"['riot', 'see', 'hugo', 'weaving', 'play', 'sexobsessed', 'gay', 'real', 'estate', 'salesman', 'us', 'client', 'house', 'tryst', 'flaming', 'darren', 'tom', 'hollander']",18
 anyway the plot flowed smoothly and the malebonding scenes were a hoot  ,1,"['anyway', 'plot', 'flowed', 'smoothly', 'malebonding', 'scene', 'hoot']",7
the opening sequence of this gem is a classic and the cat n mouse games that follow are a delight to watch  ,1,"['opening', 'sequence', 'gem', 'classic', 'cat', 'n', 'mouse', 'game', 'follow', 'delight', 'watch']",11
fans of the genre will be in heaven  ,1,"['fan', 'genre', 'heaven']",3
lange had become a great actress  ,1,"['lange', 'become', 'great', 'actress']",4
it looked like a wonderful story  ,1,"['looked', 'like', 'wonderful', 'story']",4
i never walked out of a movie faster  ,0,"['never', 'walked', 'movie', 'faster']",4
i just got bored watching jessice lange take her clothes off  ,0,"['got', 'bored', 'watching', 'jessice', 'lange', 'take', 'clothes']",7
unfortunately any virtue in this films production work was lost on a regrettable script  ,0,"['unfortunately', 'virtue', 'film', 'production', 'work', 'lost', 'regrettable', 'script']",8
in a word it is embarrassing  ,0,"['word', 'embarrassing']",2
exceptionally bad  ,0,"['exceptionally', 'bad']",2
all in all its an insult to ones intelligence and a huge waste of money  ,0,"['insult', 'one', 'intelligence', 'huge', 'waste', 'money']",6
so there is no way for me to plug it in here in the us unless i go by a converter,0,"['way', 'plug', 'u', 'unless', 'go', 'converter']",6
good case excellent value,1,"['good', 'case', 'excellent', 'value']",4
great for the jawbone,1,"['great', 'jawbone']",2
tied to charger for conversations lasting more than 45 minutesmajor problems,0,"['tied', 'charger', 'conversation', 'lasting', '45', 'minutesmajor', 'problem']",7
the mic is great,1,"['mic', 'great']",2
i have to jiggle the plug to get it to line up right to get decent volume,0,"['jiggle', 'plug', 'get', 'line', 'right', 'get', 'decent', 'volume']",8
if you have several dozen or several hundred contacts then imagine the fun of sending each of them one by one,0,"['several', 'dozen', 'several', 'hundred', 'contact', 'imagine', 'fun', 'sending', 'one', 'one']",10
if you are razr owneryou must have this,1,"['razr', 'owneryou', 'must']",3
needless to say i wasted my money,0,"['needless', 'say', 'wasted', 'money']",4
what a waste of money and time,0,"['waste', 'money', 'time']",3
and the sound quality is great,1,"['sound', 'quality', 'great']",3
he was very impressed when going from the original battery to the extended battery,1,"['impressed', 'going', 'original', 'battery', 'extended', 'battery']",6
if the two were seperated by a mere 5 ft i started to notice excessive static and garbled sound from the headset,0,"['two', 'seperated', 'mere', '5', 'ft', 'started', 'notice', 'excessive', 'static', 'garbled', 'sound', 'headset']",12
very good quality though,1,"['good', 'quality', 'though']",3
the design is very odd as the ear clip is not very comfortable at all,0,"['design', 'odd', 'ear', 'clip', 'comfortable']",5
highly recommend for any one who has a blue tooth phone,1,"['highly', 'recommend', 'one', 'blue', 'tooth', 'phone']",6
i advise everyone do not be fooled,0,"['advise', 'everyone', 'fooled']",3
so far so good,1,"['far', 'good']",2
works great,1,"['work', 'great']",2
it clicks into place in a way that makes you wonder how long that mechanism would last,0,"['click', 'place', 'way', 'make', 'wonder', 'long', 'mechanism', 'would', 'last']",9
i went on motorolas website and followed all directions but could not get it to pair again,0,"['went', 'motorolas', 'website', 'followed', 'direction', 'could', 'get', 'pair']",8
i bought this to use with my kindle fire and absolutely loved it,1,"['bought', 'use', 'kindle', 'fire', 'absolutely', 'loved']",6
the commercials are the most misleading,0,"['commercial', 'misleading']",2
i have yet to run this new battery below two bars and thats three days without charging,1,"['yet', 'run', 'new', 'battery', 'two', 'bar', 'thats', 'three', 'day', 'without', 'charging']",11
i bought it for my mother and she had a problem with the battery,0,"['bought', 'mother', 'problem', 'battery']",4
great pocket pc  phone combination,1,"['great', 'pocket', 'pc', 'phone', 'combination']",5
ive owned this phone for 7 months now and can say that its the best mobile phone ive had,1,"['ive', 'owned', 'phone', '7', 'month', 'say', 'best', 'mobile', 'phone', 'ive']",10
i didnt think that the instructions provided were helpful to me,0,"['didnt', 'think', 'instruction', 'provided', 'helpful']",5
people couldnt hear me talk and i had to pull out the earphone and talk on the phone,0,"['people', 'couldnt', 'hear', 'talk', 'pull', 'earphone', 'talk', 'phone']",8
doesnt hold charge,0,"['doesnt', 'hold', 'charge']",3
this is a simple little phone to use but the breakage is unacceptible,0,"['simple', 'little', 'phone', 'use', 'breakage', 'unacceptible']",6
this product is ideal for people like me whose ears are very sensitive,1,"['product', 'ideal', 'people', 'like', 'whose', 'ear', 'sensitive']",7
it is unusable in a moving car at freeway speed,0,"['unusable', 'moving', 'car', 'freeway', 'speed']",5
i have two more years left in this contract and i hate this phone,0,"['two', 'year', 'left', 'contract', 'hate', 'phone']",6
car charger as well as ac charger are included to make sure you never run out of juicehighy recommended,1,"['car', 'charger', 'well', 'ac', 'charger', 'included', 'make', 'sure', 'never', 'run', 'juicehighy', 'recommended']",12
you need at least 3 mins to get to your phone book from the time you first turn on the phonebattery life is short,0,"['need', 'least', '3', 'min', 'get', 'phone', 'book', 'time', 'first', 'turn', 'phonebattery', 'life', 'short']",13
it has kept up very well,1,"['kept', 'well']",2
poor talk time performance,0,"['poor', 'talk', 'time', 'performance']",4
the case is great and works fine with the 680,1,"['case', 'great', 'work', 'fine', '680']",5
worthless product,0,"['worthless', 'product']",2
it has a great camera thats 2mp and the pics are nice and clear with great picture quality,1,"['great', 'camera', 'thats', '2mp', 'pic', 'nice', 'clear', 'great', 'picture', 'quality']",10
i was not impressed by this product,0,"['impressed', 'product']",2
nice headset priced right,1,"['nice', 'headset', 'priced', 'right']",4
i only hear garbage for audio,0,"['hear', 'garbage', 'audio']",3
excellent bluetooth headset,1,"['excellent', 'bluetooth', 'headset']",3
it has all the features i want,1,"['feature', 'want']",2
who in their right mind is gonna buy this battery,0,"['right', 'mind', 'gon', 'na', 'buy', 'battery']",6
after arguing with verizon regarding the dropped calls we returned the phones after two days,0,"['arguing', 'verizon', 'regarding', 'dropped', 'call', 'returned', 'phone', 'two', 'day']",9
this case seems well made,1,"['case', 'seems', 'well', 'made']",4
disappointed with battery,0,"['disappointed', 'battery']",2
not loud enough and doesnt turn on like it should,0,"['loud', 'enough', 'doesnt', 'turn', 'like']",5
good protection and does not make phone too bulky,1,"['good', 'protection', 'make', 'phone', 'bulky']",5
a usable keyboard actually turns a pda into a realworld useful machine instead of just a neat gadget,1,"['usable', 'keyboard', 'actually', 'turn', 'pda', 'realworld', 'useful', 'machine', 'instead', 'neat', 'gadget']",11
this phone is pretty sturdy and ive never had any large problems with it,1,"['phone', 'pretty', 'sturdy', 'ive', 'never', 'large', 'problem']",7
i love this thing,1,"['love', 'thing']",2
everything about it is fine and reasonable for the price ie,1,"['everything', 'fine', 'reasonable', 'price', 'ie']",5
very disappointed,0,['disappointed'],1
i even dropped this phone into a stream and it was submerged for 15 seconds and it still works great,1,"['even', 'dropped', 'phone', 'stream', 'submerged', '15', 'second', 'still', 'work', 'great']",10
i have been very happy with the 510 and have had no complaints from any one regarding my sound quality on their end,1,"['happy', '510', 'complaint', 'one', 'regarding', 'sound', 'quality', 'end']",8
the buttons for on and off are bad,0,"['button', 'bad']",2
essentially you can forget microsofts tech support,0,"['essentially', 'forget', 'microsofts', 'tech', 'support']",5
i really recommend this faceplates since it looks very nice elegant and cool,1,"['really', 'recommend', 'faceplate', 'since', 'look', 'nice', 'elegant', 'cool']",8
these headphones were a great find  and i think they are perhaps the best purchase ive made in the last several years  seriously,1,"['headphone', 'great', 'find', 'think', 'perhaps', 'best', 'purchase', 'ive', 'made', 'last', 'several', 'year', 'seriously']",13
buy a different phone  but not this,0,"['buy', 'different', 'phone']",3
you have to hold the phone at a particular angle for the other party to hear you clearly,0,"['hold', 'phone', 'particular', 'angle', 'party', 'hear', 'clearly']",7
the one big drawback of the mp3 player is that the buttons on the phones front cover that let you pause and skip songs lock out after a few seconds,0,"['one', 'big', 'drawback', 'mp3', 'player', 'button', 'phone', 'front', 'cover', 'let', 'pause', 'skip', 'song', 'lock', 'second']",15
a week later after i activated it it suddenly died,0,"['week', 'later', 'activated', 'suddenly', 'died']",5
it feels more comfortable than most headsets because i wear glasses and that gets in the way sometimes,1,"['feel', 'comfortable', 'headset', 'wear', 'glass', 'get', 'way', 'sometimes']",8
great for ipods too,1,"['great', 'ipod']",2
this device is great in several situations1,1,"['device', 'great', 'several', 'situations1']",4
mic doesnt work,0,"['mic', 'doesnt', 'work']",3
even in my bmw 3 series which is fairly quiet i have trouble hearing what the other person is saying,0,"['even', 'bmw', '3', 'series', 'fairly', 'quiet', 'trouble', 'hearing', 'person', 'saying']",10
great choice,1,"['great', 'choice']",2
nice docking station for home or work,1,"['nice', 'docking', 'station', 'home', 'work']",5
this is a beautiful phone,1,"['beautiful', 'phone']",2
love this product,1,"['love', 'product']",2
do not buy for d807wrongly advertised for d807,0,"['buy', 'd807wrongly', 'advertised', 'd807']",4
this is a great little item,1,"['great', 'little', 'item']",3
i love this phone  it is very handy and has a lot of features ,1,"['love', 'phone', 'handy', 'lot', 'feature']",5
i purchased this and within 2 days it was no longer working,0,"['purchased', 'within', '2', 'day', 'longer', 'working']",6
i wear it everyday and it holds up very well,1,"['wear', 'everyday', 'hold', 'well']",4
not a good bargain,0,"['good', 'bargain']",2
well packaged arrived on time and works as intended,1,"['well', 'packaged', 'arrived', 'time', 'work', 'intended']",6
the battery runs down quickly,0,"['battery', 'run', 'quickly']",3
this item worked great but it broke after 6 months of use,0,"['item', 'worked', 'great', 'broke', '6', 'month', 'use']",7
the headsets are easy to use and everyone loves them,1,"['headset', 'easy', 'use', 'everyone', 'love']",5
this phone works great,1,"['phone', 'work', 'great']",3
the construction of the headsets is poor,0,"['construction', 'headset', 'poor']",3
product was excellent and works better than the verizon one and boy was it cheaper,1,"['product', 'excellent', 'work', 'better', 'verizon', 'one', 'boy', 'cheaper']",8
the phone loads super,1,"['phone', 'load', 'super']",3
for a product that costs as much as this one does i expect it to work far better and with greater ease than this thing does,0,"['product', 'cost', 'much', 'one', 'expect', 'work', 'far', 'better', 'greater', 'ease', 'thing']",11
made very sturdy,1,"['made', 'sturdy']",2
worked great,1,"['worked', 'great']",2
the ear buds only play music in one ear,0,"['ear', 'bud', 'play', 'music', 'one', 'ear']",6
dont waste your money,0,"['dont', 'waste', 'money']",3
will order from them again,1,['order'],1
if you plan to use this in a car forget about it,0,"['plan', 'use', 'car', 'forget']",4
i found this product to be waaay too big,0,"['found', 'product', 'waaay', 'big']",4
best ive found so far  ive tried 2 other bluetooths and this one has the best quality for both me and the listener as well as ease of using,1,"['best', 'ive', 'found', 'far', 'ive', 'tried', '2', 'bluetooths', 'one', 'best', 'quality', 'listener', 'well', 'ease', 'using']",15
im very disappointed with my decision,0,"['im', 'disappointed', 'decision']",3
integrated seamlessly with the motorola razr phone,1,"['integrated', 'seamlessly', 'motorola', 'razr', 'phone']",5
buyer beware you could flush money right down the toilet,0,"['buyer', 'beware', 'could', 'flush', 'money', 'right', 'toilet']",7
definitely a bargain,1,"['definitely', 'bargain']",2
the price was very good and with the free shipping and all it was a good purchase,1,"['price', 'good', 'free', 'shipping', 'good', 'purchase']",6
i received my supposedly new motorola 375 and apparently there was not a match between the phone and the charger,0,"['received', 'supposedly', 'new', 'motorola', '375', 'apparently', 'match', 'phone', 'charger']",9
prosgood camera  very nice pictures  also has cool styles like black and white and more,1,"['prosgood', 'camera', 'nice', 'picture', 'also', 'cool', 'style', 'like', 'black', 'white']",10
thats a huge design flaw unless im not using it correctly which i dont think is the case,0,"['thats', 'huge', 'design', 'flaw', 'unless', 'im', 'using', 'correctly', 'dont', 'think', 'case']",11
i love my 350 headset my jabra350 bluetooth headset is great the reception is very good and the ear piece is a comfortable fit,1,"['love', '350', 'headset', 'jabra350', 'bluetooth', 'headset', 'great', 'reception', 'good', 'ear', 'piece', 'comfortable', 'fit']",13
the camera although rated at an impressive 13 megapixels renders images that fall well below expectations of such a relatively high resolution,0,"['camera', 'although', 'rated', 'impressive', '13', 'megapixels', 'render', 'image', 'fall', 'well', 'expectation', 'relatively', 'high', 'resolution']",14
i purcashed this for the car charger and it does not work,0,"['purcashed', 'car', 'charger', 'work']",4
sound quality on both end is excellent i use headset to call my wife and ask my wife to use headset to call me 2,1,"['sound', 'quality', 'end', 'excellent', 'use', 'headset', 'call', 'wife', 'ask', 'wife', 'use', 'headset', 'call', '2']",14
this phone is slim and light and the display is beautiful,1,"['phone', 'slim', 'light', 'display', 'beautiful']",5
its a little geeky but i think thats its sex on toast and it rocks and oozes sex right down to its battery embedded sleek stylish leather case,1,"['little', 'geeky', 'think', 'thats', 'sex', 'toast', 'rock', 'ooze', 'sex', 'right', 'battery', 'embedded', 'sleek', 'stylish', 'leather', 'case']",16
great product fast shipping,1,"['great', 'product', 'fast', 'shipping']",4
absolutely great,1,"['absolutely', 'great']",2
the keyboard is a nice compromise between a full qwerty and the basic cell phone number keypad,1,"['keyboard', 'nice', 'compromise', 'full', 'qwerty', 'basic', 'cell', 'phone', 'number', 'keypad']",10
i got this phone around the end of may and im completely unhappy with it,0,"['got', 'phone', 'around', 'end', 'may', 'im', 'completely', 'unhappy']",8
it is very comfortable on the ear,1,"['comfortable', 'ear']",2
it has been a winner for us,1,"['winner', 'u']",2
setup couldnt have been simpler,1,"['setup', 'couldnt', 'simpler']",3
ive tried several different earpieces for my cell phone and this jabra one is the first one ive found that fits my ear comfortably,1,"['ive', 'tried', 'several', 'different', 'earpiece', 'cell', 'phone', 'jabra', 'one', 'first', 'one', 'ive', 'found', 'fit', 'ear', 'comfortably']",16
could not get strong enough signal,0,"['could', 'get', 'strong', 'enough', 'signal']",5
iam very pleased with my purchase,1,"['iam', 'pleased', 'purchase']",3
bad quality,0,"['bad', 'quality']",2
gets the job done,1,"['get', 'job', 'done']",3
great audio,1,"['great', 'audio']",2
basically the service was very bad,0,"['basically', 'service', 'bad']",3
it did not work in my cell phone plug i am very up set with the charger,0,"['work', 'cell', 'phone', 'plug', 'set', 'charger']",6
ive only had my bluetooth for a few weeks but i really like it,1,"['ive', 'bluetooth', 'week', 'really', 'like']",5
the bt headset was such a disapoinment,0,"['bt', 'headset', 'disapoinment']",3
it is so small and you dont even realize that it is there after a while of getting used to it,1,"['small', 'dont', 'even', 'realize', 'getting', 'used']",6
the accompanied software is almost brilliant,1,"['accompanied', 'software', 'almost', 'brilliant']",4
headset works great  was packaged nicely to avoid any damage,1,"['headset', 'work', 'great', 'packaged', 'nicely', 'avoid', 'damage']",7
i definitly recommend,1,"['definitly', 'recommend']",2
buyerbe very careful,0,"['buyerbe', 'careful']",2
the majority of the logitech earbud headsets failed,0,"['majority', 'logitech', 'earbud', 'headset', 'failed']",5
very good stuff for the price,1,"['good', 'stuff', 'price']",3
my headset works just peachykeen,1,"['headset', 'work', 'peachykeen']",3
in my house i was getting dropped coverage upstairs and no coverage in my basement,0,"['house', 'getting', 'dropped', 'coverage', 'upstairs', 'coverage', 'basement']",7
voice recognition is tremendous,1,"['voice', 'recognition', 'tremendous']",3
what a waste,0,['waste'],1
during several different 2 minute calls i experienced 5 drops and it was in an area that had 5 bars,0,"['several', 'different', '2', 'minute', 'call', 'experienced', '5', 'drop', 'area', '5', 'bar']",11
i was not happy with this item,0,"['happy', 'item']",2
very disappointed,0,['disappointed'],1
the phone takes forever to charge like 2 to 5 hours literally,0,"['phone', 'take', 'forever', 'charge', 'like', '2', '5', 'hour', 'literally']",9
i got this phone on reccomendation from a relative and im glad i did,1,"['got', 'phone', 'reccomendation', 'relative', 'im', 'glad']",6
what a waste of time,0,"['waste', 'time']",2
its reception is very very poor,0,"['reception', 'poor']",2
items stated as included from the description are not included,0,"['item', 'stated', 'included', 'description', 'included']",5
after 3 months screen just went black all of a sudden,0,"['3', 'month', 'screen', 'went', 'black', 'sudden']",6
i was hoping for more,0,['hoping'],1
audio quality is poor very poor,0,"['audio', 'quality', 'poor', 'poor']",4
i had absolutely no problem with this headset linking to my 8530 blackberry curve,1,"['absolutely', 'problem', 'headset', 'linking', '8530', 'blackberry', 'curve']",7
i know that sounds funny but to me it seemed like sketchy technology that wouldnt work wellwell this one works great,1,"['know', 'sound', 'funny', 'seemed', 'like', 'sketchy', 'technology', 'wouldnt', 'work', 'wellwell', 'one', 'work', 'great']",13
ive bought 5 wired headphones that sound better than these,0,"['ive', 'bought', '5', 'wired', 'headphone', 'sound', 'better']",7
this phone is very fast with sending any kind of messages and web browsing is significantly faster than previous phones i have used,1,"['phone', 'fast', 'sending', 'kind', 'message', 'web', 'browsing', 'significantly', 'faster', 'previous', 'phone', 'used']",12
nice quality build unlike some cheap s out there,1,"['nice', 'quality', 'build', 'unlike', 'cheap']",5
this item is fantastic and works perfectly,1,"['item', 'fantastic', 'work', 'perfectly']",4
and i just love the colors,1,"['love', 'color']",2
w810i is just superb,1,"['w810i', 'superb']",2
all i can do is whine on the internet so here it goesthe more i use the thing the less i like it,0,"['whine', 'internet', 'goesthe', 'use', 'thing', 'less', 'like']",7
great charger,1,"['great', 'charger']",2
this is essentially a communications tool that does not communicate,0,"['essentially', 'communication', 'tool', 'communicate']",4
works like a charm it work the same as the one i got with the phone,1,"['work', 'like', 'charm', 'work', 'one', 'got', 'phone']",7
i still maintain that monkeys shouldnt make headphones we just obviously dont share enough dna to copy the design over to humans,0,"['still', 'maintain', 'monkey', 'shouldnt', 'make', 'headphone', 'obviously', 'dont', 'share', 'enough', 'dna', 'copy', 'design', 'human']",14
great value,1,"['great', 'value']",2
doesnt work at all i bougth it for my l7c and its not working,0,"['doesnt', 'work', 'bougth', 'l7c', 'working']",5
the look of it is very sharp and the screen is nice and clear with great graphics,1,"['look', 'sharp', 'screen', 'nice', 'clear', 'great', 'graphic']",7
doesnt last long,0,"['doesnt', 'last', 'long']",3
one thing i hate is the mode set button at the side,0,"['one', 'thing', 'hate', 'mode', 'set', 'button', 'side']",7
excellent service,1,"['excellent', 'service']",2
thank you for wasting my money,0,"['thank', 'wasting', 'money']",3
how can that bethe audio quality is poor,0,"['bethe', 'audio', 'quality', 'poor']",4
the igo chargers and tips are really great,1,"['igo', 'charger', 'tip', 'really', 'great']",5
the file browser offers all the options that one needshandsfree is great,1,"['file', 'browser', 'offer', 'option', 'one', 'needshandsfree', 'great']",7
superb phone on a great network,1,"['superb', 'phone', 'great', 'network']",4
i connected my wifes bluetoothmotorola hs850 to my phone and it worked like a charm whether the phone was in my pocket or the case,1,"['connected', 'wife', 'bluetoothmotorola', 'hs850', 'phone', 'worked', 'like', 'charm', 'whether', 'phone', 'pocket', 'case']",12
i put the latest os on it v115g and it now likes to slow to a crawl and lock up every once in a while,0,"['put', 'latest', 'o', 'v115g', 'like', 'slow', 'crawl', 'lock', 'every']",9
it only recognizes the phone as its storage device,0,"['recognizes', 'phone', 'storage', 'device']",4
if you like a loud buzzing to override all your conversations then this phone is for you,0,"['like', 'loud', 'buzzing', 'override', 'conversation', 'phone']",6
dont buy this product,0,"['dont', 'buy', 'product']",3
ive had this bluetoooth headset for some time now and still not comfortable with the way it fits on the ear,0,"['ive', 'bluetoooth', 'headset', 'time', 'still', 'comfortable', 'way', 'fit', 'ear']",9
the sound quality is good and functionality is awesome,1,"['sound', 'quality', 'good', 'functionality', 'awesome']",5
i have this phone and it is a thorn in my side i really abhor it,0,"['phone', 'thorn', 'side', 'really', 'abhor']",5
i recently had problems where i could not stay connected for more than 10 minutes before being disconnected,0,"['recently', 'problem', 'could', 'stay', 'connected', '10', 'minute', 'disconnected']",8
incredible,1,['incredible'],1
design flaw,0,"['design', 'flaw']",2
great phone,1,"['great', 'phone']",2
waste of 13 bucks,0,"['waste', '13', 'buck']",3
but when i check voice mail at night the keypad backlight turns off a few seconds into the first message and then im lost,0,"['check', 'voice', 'mail', 'night', 'keypad', 'backlight', 'turn', 'second', 'first', 'message', 'im', 'lost']",12
the replacement died in a few weeks,0,"['replacement', 'died', 'week']",3
any ring toneoverall good phone to buy,1,"['ring', 'toneoverall', 'good', 'phone', 'buy']",5
lately they have been extremely nice and helpful on the phone,1,"['lately', 'extremely', 'nice', 'helpful', 'phone']",5
i have had problems wit hit dropping signal and more,0,"['problem', 'wit', 'hit', 'dropping', 'signal']",5
not impressed,0,['impressed'],1
light weight i hardly notice it is there,1,"['light', 'weight', 'hardly', 'notice']",4
youll love how thin it is,1,"['youll', 'love', 'thin']",3
bad choice,0,"['bad', 'choice']",2
the pleather case doesnt fit,0,"['pleather', 'case', 'doesnt', 'fit']",4
useless phone simply deaf,0,"['useless', 'phone', 'simply', 'deaf']",4
the color is even prettier than i thought it would be and the graphics are incredibly sharp,1,"['color', 'even', 'prettier', 'thought', 'would', 'graphic', 'incredibly', 'sharp']",8
all in all i think it was a good investment,1,"['think', 'good', 'investment']",3
it makes very strange ticking noises before it ends the call,0,"['make', 'strange', 'ticking', 'noise', 'end', 'call']",6
the best electronics of the available fm transmitters,1,"['best', 'electronics', 'available', 'fm', 'transmitter']",5
battery lasts only a few hours,0,"['battery', 'last', 'hour']",3
great headset very impressed  h500,1,"['great', 'headset', 'impressed', 'h500']",4
the 12 mega pixel camera being a part of a phone is reasonably good7,1,"['12', 'mega', 'pixel', 'camera', 'part', 'phone', 'reasonably', 'good7']",8
ive had this for nearly 2 years and it has worked great for me,1,"['ive', 'nearly', '2', 'year', 'worked', 'great']",6
good transmit audio,1,"['good', 'transmit', 'audio']",3
we are sending it back,0,"['sending', 'back']",2
i did not bother contacting the company for few dollar product but i learned the lesson that i should not have bought this form online anyway,0,"['bother', 'contacting', 'company', 'dollar', 'product', 'learned', 'lesson', 'bought', 'form', 'online', 'anyway']",11
if you hate earbugs avoid this phone by all means,0,"['hate', 'earbugs', 'avoid', 'phone', 'mean']",5
great price also,1,"['great', 'price', 'also']",3
the range is very decent ive been able to roam around my house with the phone in the living room with no receptionsound quality issues,1,"['range', 'decent', 'ive', 'able', 'roam', 'around', 'house', 'phone', 'living', 'room', 'receptionsound', 'quality', 'issue']",13
fast service,1,"['fast', 'service']",2
i would highly recommend this,1,"['would', 'highly', 'recommend']",3
i would recommend this,1,"['would', 'recommend']",2
i also didnt like the on button it felt like it would crack with use,0,"['also', 'didnt', 'like', 'button', 'felt', 'like', 'would', 'crack', 'use']",9
worst phone ever,0,"['worst', 'phone', 'ever']",3
im still infatuated with this phone,1,"['im', 'still', 'infatuated', 'phone']",4
freezes frequently4,0,"['freeze', 'frequently4']",2
its kind of embarrassing to use because of how it looks and mostly its embarrassing how childlike the company is,0,"['kind', 'embarrassing', 'use', 'look', 'mostly', 'embarrassing', 'childlike', 'company']",8
simple lightweight and great fit,1,"['simple', 'lightweight', 'great', 'fit']",4
all in all id expected a better consumer experience from motorola,0,"['id', 'expected', 'better', 'consumer', 'experience', 'motorola']",6
theres a horrible tick sound in the background on all my calls that i have never experienced before,0,"['there', 'horrible', 'tick', 'sound', 'background', 'call', 'never', 'experienced']",8
these are certainly very comfortable and functionality is decent,1,"['certainly', 'comfortable', 'functionality', 'decent']",4
i usually dont like headbands but this one is very lightweight  doesnt mess up my hair,1,"['usually', 'dont', 'like', 'headband', 'one', 'lightweight', 'doesnt', 'mess', 'hair']",9
im a bit disappointed,0,"['im', 'bit', 'disappointed']",3
i have had this phone for over a year now and i will tell you its not that great,0,"['phone', 'year', 'tell', 'great']",4
i ordered this for sony ericsson w810i but i think it only worked once thats when i first used it,0,"['ordered', 'sony', 'ericsson', 'w810i', 'think', 'worked', 'thats', 'first', 'used']",9
the battery is completely useless to me,0,"['battery', 'completely', 'useless']",3
what a big waste of time,0,"['big', 'waste', 'time']",3
dont waste your  on this one,0,"['dont', 'waste', 'one']",3
great sound and service,1,"['great', 'sound', 'service']",3
really pleased with this product so far,1,"['really', 'pleased', 'product', 'far']",4
one of my favorite purchases ever,1,"['one', 'favorite', 'purchase', 'ever']",4
best bluetooth on the market,1,"['best', 'bluetooth', 'market']",3
authentic leather with nice shine and comfort i recommend you this case ,1,"['authentic', 'leather', 'nice', 'shine', 'comfort', 'recommend', 'case']",7
i was very excited to get this headset because i thought it was really cute,1,"['excited', 'get', 'headset', 'thought', 'really', 'cute']",6
do not make the same mistake as me,0,"['make', 'mistake']",2
big disappointment with calendar sync,0,"['big', 'disappointment', 'calendar', 'sync']",4
the phone was unusable and was not new,0,"['phone', 'unusable', 'new']",3
worst customer service ever,0,"['worst', 'customer', 'service', 'ever']",4
no additional ear gels provided and no instructions whatsoever,0,"['additional', 'ear', 'gel', 'provided', 'instruction', 'whatsoever']",6
it defeats the purpose of a bluetooth headset,0,"['defeat', 'purpose', 'bluetooth', 'headset']",4
worth every penny,1,"['worth', 'every', 'penny']",3
excellent wallet type phone case,1,"['excellent', 'wallet', 'type', 'phone', 'case']",5
nice headphones for the price and they work great,1,"['nice', 'headphone', 'price', 'work', 'great']",5
internet is excrutiatingly slow,0,"['internet', 'excrutiatingly', 'slow']",3
it is very comfortable to wear as well which is probably the most important aspect about using a case,1,"['comfortable', 'wear', 'well', 'probably', 'important', 'aspect', 'using', 'case']",8
its fits like a glove and is strong secure and durable,1,"['fit', 'like', 'glove', 'strong', 'secure', 'durable']",6
o my gosh the best phone i have ever had,1,"['gosh', 'best', 'phone', 'ever']",4
its very attractive and appears to be of good quality,1,"['attractive', 'appears', 'good', 'quality']",4
i love all the features and form factor,1,"['love', 'feature', 'form', 'factor']",4
this product had a strong rubberpetroleum smell that was unbearable after a while and caused me to return it,0,"['product', 'strong', 'rubberpetroleum', 'smell', 'unbearable', 'caused', 'return']",7
poor quality and service,0,"['poor', 'quality', 'service']",3
the cable looks so thin and flimsy it is scary,0,"['cable', 'look', 'thin', 'flimsy', 'scary']",5
great earpiece,1,"['great', 'earpiece']",2
excellent hands free tool,1,"['excellent', 'hand', 'free', 'tool']",4
great for using with your home stereo,1,"['great', 'using', 'home', 'stereo']",4
good product  incredible value,1,"['good', 'product', 'incredible', 'value']",4
only had this a month but its worked flawlessly so far,1,"['month', 'worked', 'flawlessly', 'far']",4
works great,1,"['work', 'great']",2
absolutel junk,0,"['absolutel', 'junk']",2
that one didnt work either,0,"['one', 'didnt', 'work', 'either']",4
battery life is real good,1,"['battery', 'life', 'real', 'good']",4
returned 8 hours later,0,"['returned', '8', 'hour', 'later']",4
its a great item,1,"['great', 'item']",2
dont waste your money,0,"['dont', 'waste', 'money']",3
love this headset,1,"['love', 'headset']",2
not only will it drain your player but may also potentially fry it,0,"['drain', 'player', 'may', 'also', 'potentially', 'fry']",6
worked perfectly,1,"['worked', 'perfectly']",2
unreliable  im giving up,0,"['unreliable', 'im', 'giving']",3
i gave it 5 stars because of the sound quality,1,"['gave', '5', 'star', 'sound', 'quality']",5
avoid this one if you can,0,"['avoid', 'one']",2
reversible plug works great,1,"['reversible', 'plug', 'work', 'great']",4
i wasted my little money with this earpiece,0,"['wasted', 'little', 'money', 'earpiece']",4
very good phone,1,"['good', 'phone']",2
best of all is the rotating feature very helpful,1,"['best', 'rotating', 'feature', 'helpful']",4
comfort for our whole family,1,"['comfort', 'whole', 'family']",3
good product good seller,1,"['good', 'product', 'good', 'seller']",4
i love this bluetooth,1,"['love', 'bluetooth']",2
first of all it doesnt wear well,0,"['first', 'doesnt', 'wear', 'well']",4
i am very impressed with this headset from plantronics,1,"['impressed', 'headset', 'plantronics']",3
i got it because it was so small and adorable,1,"['got', 'small', 'adorable']",3
great phone,1,"['great', 'phone']",2
i wouldnt recommend buying this product,0,"['wouldnt', 'recommend', 'buying', 'product']",4
piece of junk,0,"['piece', 'junk']",2
poorly contstruct hinge,0,"['poorly', 'contstruct', 'hinge']",3
this item is great installed it let it charged up overnite and it has been working good every since with no problems,1,"['item', 'great', 'installed', 'let', 'charged', 'overnite', 'working', 'good', 'every', 'since', 'problem']",11
great phone,1,"['great', 'phone']",2
dont buy it,0,"['dont', 'buy']",2
excellent phone,1,"['excellent', 'phone']",2
do not purchase this phone,0,"['purchase', 'phone']",2
the voice recognition thru the handset is excellent,1,"['voice', 'recognition', 'thru', 'handset', 'excellent']",5
this is hands down the best phone ive ever had,1,"['hand', 'best', 'phone', 'ive', 'ever']",5
works great when my cat attacked the phone he scratched the protective strip instead of destroying the screen,1,"['work', 'great', 'cat', 'attacked', 'phone', 'scratched', 'protective', 'strip', 'instead', 'destroying', 'screen']",11
this one works and was priced right,1,"['one', 'work', 'priced', 'right']",4
customer service was terrible,0,"['customer', 'service', 'terrible']",3
battery life still not long enough in motorola razor v3i,0,"['battery', 'life', 'still', 'long', 'enough', 'motorola', 'razor', 'v3i']",8
sending it back,0,"['sending', 'back']",2
now i know that i made a wise decision,1,"['know', 'made', 'wise', 'decision']",4
someone shouldve invented this sooner,1,"['someone', 'shouldve', 'invented', 'sooner']",4
good price,1,"['good', 'price']",2
everything worked on the first trythe device was certainly engineered in a clever way and the construction feels good,1,"['everything', 'worked', 'first', 'trythe', 'device', 'certainly', 'engineered', 'clever', 'way', 'construction', 'feel', 'good']",12
i received it quickly and it works great,1,"['received', 'quickly', 'work', 'great']",4
has been working great,1,"['working', 'great']",2
as many people complained i found this headsets microphone was very weak,0,"['many', 'people', 'complained', 'found', 'headset', 'microphone', 'weak']",7
my 5year old nokia 2160 from tracfone holds the charge a lot better than this,0,"['5year', 'old', 'nokia', '2160', 'tracfone', 'hold', 'charge', 'lot', 'better']",9
they do not care about the consumer one bit,0,"['care', 'consumer', 'one', 'bit']",4
this is a good battery and it got here really fast,1,"['good', 'battery', 'got', 'really', 'fast']",5
the instruction manual is lacking,0,"['instruction', 'manual', 'lacking']",3
also its slim enough to fit into my alarm clock docking station without removing the case,1,"['also', 'slim', 'enough', 'fit', 'alarm', 'clock', 'docking', 'station', 'without', 'removing', 'case']",11
phone now holds charge like it did when it was new,1,"['phone', 'hold', 'charge', 'like', 'new']",5
the battery is unreliable as well as the service use antena,0,"['battery', 'unreliable', 'well', 'service', 'use', 'antena']",6
its uncomfortable and the sound quality is quite poor compared with the phone razr or with my previous wired headset that plugged into an lg,0,"['uncomfortable', 'sound', 'quality', 'quite', 'poor', 'compared', 'phone', 'razr', 'previous', 'wired', 'headset', 'plugged', 'lg']",13
we have gotten a lot of compliments on it,1,"['gotten', 'lot', 'compliment']",3
this is definitely a must have if your state does not allow cell phone usage while driving,1,"['definitely', 'must', 'state', 'allow', 'cell', 'phone', 'usage', 'driving']",8
i want my money back,0,"['want', 'money', 'back']",3
i love this device,1,"['love', 'device']",2
i am also very happy with the price,1,"['also', 'happy', 'price']",3
i ordered this product first and was unhappy with it immediately,0,"['ordered', 'product', 'first', 'unhappy', 'immediately']",5
the ngage is still lacking in earbuds,0,"['ngage', 'still', 'lacking', 'earbuds']",4
i was able to do voice dialing in the car with no problem,1,"['able', 'voice', 'dialing', 'car', 'problem']",5
i have 23 bars on my cell phone when i am home but you cant not hear anything,0,"['23', 'bar', 'cell', 'phone', 'home', 'cant', 'hear', 'anything']",8
good item low price,1,"['good', 'item', 'low', 'price']",4
howeverthe riingtones are not the best and neither are the games,0,"['howeverthe', 'riingtones', 'best', 'neither', 'game']",5
the plug did not work very well,0,"['plug', 'work', 'well']",3
amazon sucks,0,"['amazon', 'suck']",2
rip off over charge shipping,0,"['rip', 'charge', 'shipping']",3
very comfortable,1,['comfortable'],1
the battery is working well as a replacement for the original that came with the phone over 2 years ago,1,"['battery', 'working', 'well', 'replacement', 'original', 'came', 'phone', '2', 'year', 'ago']",10
the reception is excellent,1,"['reception', 'excellent']",2
it fits comfortably in either ear the sound is clear and loud and the charge lasts a couple of days,1,"['fit', 'comfortably', 'either', 'ear', 'sound', 'clear', 'loud', 'charge', 'last', 'couple', 'day']",11
very clear quality sound and you dont have to mess with the sound on your ipod since you have the sound buttons on the headset,1,"['clear', 'quality', 'sound', 'dont', 'mess', 'sound', 'ipod', 'since', 'sound', 'button', 'headset']",11
1 long lasting battery you dont have to recharge it as frequentyly as some of the flip phones2,0,"['1', 'long', 'lasting', 'battery', 'dont', 'recharge', 'frequentyly', 'flip', 'phones2']",9
obviously there is a problem with the adhesive,0,"['obviously', 'problem', 'adhesive']",3
very disappointing,0,['disappointing'],1
it was an inexpensive piece but i would still have expected better quality,0,"['inexpensive', 'piece', 'would', 'still', 'expected', 'better', 'quality']",7
it is practically useless and did not add any kind of boost to my reception after i bought it,0,"['practically', 'useless', 'add', 'kind', 'boost', 'reception', 'bought']",7
excellent sound quality,1,"['excellent', 'sound', 'quality']",3
was not happy,0,['happy'],1
a piece of junk that broke after being on my phone for 2 days,0,"['piece', 'junk', 'broke', 'phone', '2', 'day']",6
new battery works great in phone,1,"['new', 'battery', 'work', 'great', 'phone']",5
worst customer service,0,"['worst', 'customer', 'service']",3
ive dropped my phone more times than i can say even on concrete and my phone is still great knock on wood,1,"['ive', 'dropped', 'phone', 'time', 'say', 'even', 'concrete', 'phone', 'still', 'great', 'knock', 'wood']",12
reception is terrible and full of static,0,"['reception', 'terrible', 'full', 'static']",4
good audio quality,1,"['good', 'audio', 'quality']",3
this little device has transformed my organizational capability and made my life a whole lot easier,1,"['little', 'device', 'transformed', 'organizational', 'capability', 'made', 'life', 'whole', 'lot', 'easier']",10
i was sitting in my vehicle with the cradle on my belt and the headset lost signal,0,"['sitting', 'vehicle', 'cradle', 'belt', 'headset', 'lost', 'signal']",7
were jerks on the phone,0,"['jerk', 'phone']",2
works like a charm works as advertised,1,"['work', 'like', 'charm', 'work', 'advertised']",5
comfortable nice range good battery life,1,"['comfortable', 'nice', 'range', 'good', 'battery', 'life']",6
their network coverage in los angeles is horrible,0,"['network', 'coverage', 'los', 'angeles', 'horrible']",5
excellent starter wireless headset,0,"['excellent', 'starter', 'wireless', 'headset']",4
the loudspeaker option is great the bumpers with the lights is very  appealing,0,"['loudspeaker', 'option', 'great', 'bumper', 'light', 'appealing']",6
the only thing that i think could improve is the sound leaks out from the headset,0,"['thing', 'think', 'could', 'improve', 'sound', 'leak', 'headset']",7
first off the reception sucks i have never had more than 2 bars ever,0,"['first', 'reception', 'suck', 'never', '2', 'bar', 'ever']",7
the phone gets extremely hot,0,"['phone', 'get', 'extremely', 'hot']",4
the microphone also works well but according to people i have called it applifies everything,1,"['microphone', 'also', 'work', 'well', 'according', 'people', 'called', 'applifies', 'everything']",9
nice design and quality,1,"['nice', 'design', 'quality']",3
also if your phone is dropped this case is not going to save it specially when dropped face down,0,"['also', 'phone', 'dropped', 'case', 'going', 'save', 'specially', 'dropped', 'face']",9
it is light easy to use and has very clear reception and transmission,1,"['light', 'easy', 'use', 'clear', 'reception', 'transmission']",6
bad fit way too big,0,"['bad', 'fit', 'way', 'big']",4
it definitely was not as good as my s11,1,"['definitely', 'good', 's11']",3
awesome device,1,"['awesome', 'device']",2
waste of money,0,"['waste', 'money']",2
i had ordered a motorola data cable got a very well finished and working product,1,"['ordered', 'motorola', 'data', 'cable', 'got', 'well', 'finished', 'working', 'product']",9
love this phone,1,"['love', 'phone']",2
i was looking for this headset for a long time and now that ive got it i couldnt be happier,1,"['looking', 'headset', 'long', 'time', 'ive', 'got', 'couldnt', 'happier']",8
ill be drivng along and my headset starts ringing for no reason,0,"['ill', 'drivng', 'along', 'headset', 'start', 'ringing', 'reason']",7
display is excellent and camera is as good as any from that year,1,"['display', 'excellent', 'camera', 'good', 'year']",5
battery life is also great,1,"['battery', 'life', 'also', 'great']",4
the worst phone ive ever had only had it for a few months,0,"['worst', 'phone', 'ive', 'ever', 'month']",5
not a good item it worked for a while then started having problems in my auto reverse tape player,0,"['good', 'item', 'worked', 'started', 'problem', 'auto', 'reverse', 'tape', 'player']",9
this is so embarassing and also my ears hurt if i try to push the ear plug into my ear,0,"['embarassing', 'also', 'ear', 'hurt', 'try', 'push', 'ear', 'plug', 'ear']",9
protects the phone on all sides,1,"['protects', 'phone', 'side']",3
this is a very average phone with bad battery life that operates on a weak network,0,"['average', 'phone', 'bad', 'battery', 'life', 'operates', 'weak', 'network']",8
clear skype calls long battery life long range,1,"['clear', 'skype', 'call', 'long', 'battery', 'life', 'long', 'range']",8
soyo technology sucks,0,"['soyo', 'technology', 'suck']",3
great hands free device,1,"['great', 'hand', 'free', 'device']",4
you can even take self portraits with the outside exterior display very cool,1,"['even', 'take', 'self', 'portrait', 'outside', 'exterior', 'display', 'cool']",8
same problem as others have mentioned,0,"['problem', 'others', 'mentioned']",3
after trying many many handsfree gadgets this is the one that finally works well,1,"['trying', 'many', 'many', 'handsfree', 'gadget', 'one', 'finally', 'work', 'well']",9
magical help,1,"['magical', 'help']",2
the worst piece of crap ever along with the verizon customer service,0,"['worst', 'piece', 'crap', 'ever', 'along', 'verizon', 'customer', 'service']",8
poor sound quality,0,"['poor', 'sound', 'quality']",3
the best phone in market ,1,"['best', 'phone', 'market']",3
it worked very well,1,"['worked', 'well']",2
the company shipped my product very promptly and it works well,1,"['company', 'shipped', 'product', 'promptly', 'work', 'well']",6
exactly what i wanted,1,"['exactly', 'wanted']",2
the picture resolution is far below what other comparablypriced phones are offering today,0,"['picture', 'resolution', 'far', 'comparablypriced', 'phone', 'offering', 'today']",7
this is a great deal,1,"['great', 'deal']",2
excellent product i am very satisfied with the purchase,1,"['excellent', 'product', 'satisfied', 'purchase']",4
i highly recommend these and encourage people to give them a try,1,"['highly', 'recommend', 'encourage', 'people', 'give', 'try']",6
better than youd expect,1,"['better', 'youd', 'expect']",3
using all earpieces left or right this thing will not stay on my ear,0,"['using', 'earpiece', 'left', 'right', 'thing', 'stay', 'ear']",7
great product and price,1,"['great', 'product', 'price']",3
sounds good reasonably priced and effective its that simple ,1,"['sound', 'good', 'reasonably', 'priced', 'effective', 'simple']",6
still waiting im sure this item would work well if i ever recieve it,0,"['still', 'waiting', 'im', 'sure', 'item', 'would', 'work', 'well', 'ever', 'recieve']",10
what a disappointment,0,['disappointment'],1
very prompt service,1,"['prompt', 'service']",2
excellent product for the price,1,"['excellent', 'product', 'price']",3
very pleased with this headset,1,"['pleased', 'headset']",2
dont waste your money and time,0,"['dont', 'waste', 'money', 'time']",4
i especially love the long battery life,1,"['especially', 'love', 'long', 'battery', 'life']",5
its so stupid to have to keep buying new chargers car chargers cradles headphones and car kits every time a new phone comes out,0,"['stupid', 'keep', 'buying', 'new', 'charger', 'car', 'charger', 'cradle', 'headphone', 'car', 'kit', 'every', 'time', 'new', 'phone', 'come']",16
works great,1,"['work', 'great']",2
plantronics bluetooth excelent buy,1,"['plantronics', 'bluetooth', 'excelent', 'buy']",4
i came over from verizon because cingulair has nicer cell phones the first thing i noticed was the really bad service,0,"['came', 'verizon', 'cingulair', 'nicer', 'cell', 'phone', 'first', 'thing', 'noticed', 'really', 'bad', 'service']",12
ill be looking for a new earpiece,0,"['ill', 'looking', 'new', 'earpiece']",4
i highly recommend this device to everyone,1,"['highly', 'recommend', 'device', 'everyone']",4
jawbone era is awesome too,1,"['jawbone', 'era', 'awesome']",3
we received a white colored battery that goes dead after a couple hoursthe original used to last a week  but still lasts longer than thereplacement,0,"['received', 'white', 'colored', 'battery', 'go', 'dead', 'couple', 'hoursthe', 'original', 'used', 'last', 'week', 'still', 'last', 'longer', 'thereplacement']",16
after a year the battery went completely dead on my headset,0,"['year', 'battery', 'went', 'completely', 'dead', 'headset']",6
i have used several phone in two years but this one is the best,1,"['used', 'several', 'phone', 'two', 'year', 'one', 'best']",7
an awesome new look for fall 2000,1,"['awesome', 'new', 'look', 'fall', '2000']",5
this is the first phone ive had that has been so cheaply made,0,"['first', 'phone', 'ive', 'cheaply', 'made']",5
att is not clear sound is very distorted and you have to yell when you talk,0,"['att', 'clear', 'sound', 'distorted', 'yell', 'talk']",6
the plastic breaks really easy on this clip,0,"['plastic', 'break', 'really', 'easy', 'clip']",5
price is good too,1,"['price', 'good']",2
dont make the same mistake i did,0,"['dont', 'make', 'mistake']",3
oh and i forgot to also mention the weird color effect it has on your phone,0,"['oh', 'forgot', 'also', 'mention', 'weird', 'color', 'effect', 'phone']",8
im using it with an iriver spinn with case and it fits fine,1,"['im', 'using', 'iriver', 'spinn', 'case', 'fit', 'fine']",7
also the area where my unit broke im not too fond of the magnetic strap,0,"['also', 'area', 'unit', 'broke', 'im', 'fond', 'magnetic', 'strap']",8
overall i am psyched to have a phone which has all my appointments and contacts in and gets great reception,1,"['overall', 'psyched', 'phone', 'appointment', 'contact', 'get', 'great', 'reception']",8
every thing on phone work perfectly she like it,1,"['every', 'thing', 'phone', 'work', 'perfectly', 'like']",6
another note about this phones appearance is that it really looks rather bland especially in the all black model,0,"['another', 'note', 'phone', 'appearance', 'really', 'look', 'rather', 'bland', 'especially', 'black', 'model']",11
its really easy,1,"['really', 'easy']",2
my sanyo has survived dozens of drops on blacktop without ill effect,1,"['sanyo', 'survived', 'dozen', 'drop', 'blacktop', 'without', 'ill', 'effect']",8
fantastic earphones,1,"['fantastic', 'earphone']",2
it finds my cell phone right away when i enter the car,1,"['find', 'cell', 'phone', 'right', 'away', 'enter', 'car']",7
low quality,0,"['low', 'quality']",2
i highly recommend this modest priced cellular phone,1,"['highly', 'recommend', 'modest', 'priced', 'cellular', 'phone']",6
but it does get better reception and clarity than any phone ive had before,1,"['get', 'better', 'reception', 'clarity', 'phone', 'ive']",6
warning  stay away,0,"['warning', 'stay', 'away']",3
i wish i could return the unit and get back my money,0,"['wish', 'could', 'return', 'unit', 'get', 'back', 'money']",7
awsome device works great,1,"['awsome', 'device', 'work', 'great']",4
i used to talk on it for 1  1 12 hours and the battery would be literally drained and dying,0,"['used', 'talk', '1', '1', '12', 'hour', 'battery', 'would', 'literally', 'drained', 'dying']",11
if you dont find it too bad as again the unit comes with one earpad onlyi would not recommend this to anyone,0,"['dont', 'find', 'bad', 'unit', 'come', 'one', 'earpad', 'onlyi', 'would', 'recommend', 'anyone']",11
very displeased,0,['displeased'],1
i might have gotten a defect but i would not risk buying it again because of the built quality alone,0,"['might', 'gotten', 'defect', 'would', 'risk', 'buying', 'built', 'quality', 'alone']",9
they made this case too small and is very difficult to install,0,"['made', 'case', 'small', 'difficult', 'install']",5
restored my phone to like new performance,1,"['restored', 'phone', 'like', 'new', 'performance']",5
i would recommend purchasing the jabra jx10 series 2 which works flawlessly with my moto q go figure,1,"['would', 'recommend', 'purchasing', 'jabra', 'jx10', 'series', '2', 'work', 'flawlessly', 'moto', 'q', 'go', 'figure']",13
i searched the internet and found this one to be the best value,1,"['searched', 'internet', 'found', 'one', 'best', 'value']",6
does not fit,0,['fit'],1
very happy with this product,1,"['happy', 'product']",2
the screen size is big key pad lit well enough and the camera quality is excellent for a camera phone,1,"['screen', 'size', 'big', 'key', 'pad', 'lit', 'well', 'enough', 'camera', 'quality', 'excellent', 'camera', 'phone']",13
theres really nothing bad i can say about this headset,0,"['there', 'really', 'nothing', 'bad', 'say', 'headset']",6
im glad i found this product on amazon it is hard to find it wasnt high priced,1,"['im', 'glad', 'found', 'product', 'amazon', 'hard', 'find', 'wasnt', 'high', 'priced']",10
portable and it works,1,"['portable', 'work']",2
my colleague  i now get great receptiona little expensive but performance is great,1,"['colleague', 'get', 'great', 'receptiona', 'little', 'expensive', 'performance', 'great']",8
i even fully charged it before i went to bed and turned off blue tooth and wifi and noticed that it only had 20  left in the morning,0,"['even', 'fully', 'charged', 'went', 'bed', 'turned', 'blue', 'tooth', 'wifi', 'noticed', '20', 'left', 'morning']",13
ive also had problems with the phone reading the memory card in which i always turn it on and then off again,0,"['ive', 'also', 'problem', 'phone', 'reading', 'memory', 'card', 'always', 'turn']",9
not good when wearing a hat or sunglasses,0,"['good', 'wearing', 'hat', 'sunglass']",4
timely shipment and quality product,1,"['timely', 'shipment', 'quality', 'product']",4
nice solid keyboard,1,"['nice', 'solid', 'keyboard']",3
very well made and fits my surefire gx2 perfectly,1,"['well', 'made', 'fit', 'surefire', 'gx2', 'perfectly']",6
horrible phone,0,"['horrible', 'phone']",2
bt50 battery junk,0,"['bt50', 'battery', 'junk']",3
we would recommend these to others,1,"['would', 'recommend', 'others']",3
cant get the software to work with my computer,0,"['cant', 'get', 'software', 'work', 'computer']",5
disappointed,0,['disappointed'],1
poor voice clarity,0,"['poor', 'voice', 'clarity']",3
the battery works great,1,"['battery', 'work', 'great']",3
no buyers remorse on this one,0,"['buyer', 'remorse', 'one']",3
very disappointed in accessoryone,0,"['disappointed', 'accessoryone']",2
i find this inexcusable and so will probably be returning this phone and perhaps changing carriers,0,"['find', 'inexcusable', 'probably', 'returning', 'phone', 'perhaps', 'changing', 'carrier']",8
looks great and is strong,1,"['look', 'great', 'strong']",3
i have had tmobile service for 2 or 3 years now and i am pretty happy with it,1,"['tmobile', 'service', '2', '3', 'year', 'pretty', 'happy']",7
the update procedure is difficult and cumbersome,0,"['update', 'procedure', 'difficult', 'cumbersome']",4
disappointment i hate anything that goes in my ear,0,"['disappointment', 'hate', 'anything', 'go', 'ear']",5
great software for motorolas,1,"['great', 'software', 'motorolas']",3
the delivery was on time,1,"['delivery', 'time']",2
very easy to use,1,"['easy', 'use']",2
uncomfortable in the ear dont use with lg vx9900 env,0,"['uncomfortable', 'ear', 'dont', 'use', 'lg', 'vx9900', 'env']",7
the volume switch rocketed out of the unit to a destination unknown,0,"['volume', 'switch', 'rocketed', 'unit', 'destination', 'unknown']",6
it holds a charge for a long time is reasonably comfortable under longwearing conditions and the quality of sound is tremendous,1,"['hold', 'charge', 'long', 'time', 'reasonably', 'comfortable', 'longwearing', 'condition', 'quality', 'sound', 'tremendous']",11
id like to return it,0,"['id', 'like', 'return']",3
the keyboard is really worthwhile in usefulness and is sturdy enough i dont expect any problems,1,"['keyboard', 'really', 'worthwhile', 'usefulness', 'sturdy', 'enough', 'dont', 'expect', 'problem']",9
verizons bills however are difficult to understand even though their pricing plans are simple,0,"['verizons', 'bill', 'however', 'difficult', 'understand', 'even', 'though', 'pricing', 'plan', 'simple']",10
after charging overnight these batteries work great,1,"['charging', 'overnight', 'battery', 'work', 'great']",5
you wont regret it,1,"['wont', 'regret']",2
i love this phone,1,"['love', 'phone']",2
a disappointment,0,['disappointment'],1
its not user friendly,0,"['user', 'friendly']",2
unfortunately the ability to actually know you are receiving a call is a rather important feature and this phone is pitiful in that respect,0,"['unfortunately', 'ability', 'actually', 'know', 'receiving', 'call', 'rather', 'important', 'feature', 'phone', 'pitiful', 'respect']",12
then i exchanged for the same phone even that had the same problem,0,"['exchanged', 'phone', 'even', 'problem']",4
this results in the phone being either stuck at max volume or mute,0,"['result', 'phone', 'either', 'stuck', 'max', 'volume', 'mute']",7
this pda rocks,1,"['pda', 'rock']",2
it is super charged up for use as a small hybrid palmtopcameracellphone and excels in those roles,1,"['super', 'charged', 'use', 'small', 'hybrid', 'palmtopcameracellphone', 'excels', 'role']",8
i would definitely recommend the jabra bt250v for those who are looking for comfort clarity and a great price,1,"['would', 'definitely', 'recommend', 'jabra', 'bt250v', 'looking', 'comfort', 'clarity', 'great', 'price']",10
i had verizon 2 years ago and really liked their service,1,"['verizon', '2', 'year', 'ago', 'really', 'liked', 'service']",7
pretty piece of junk,0,"['pretty', 'piece', 'junk']",3
plug was the wrong size,0,"['plug', 'wrong', 'size']",3
works as described,1,"['work', 'described']",2
save your money ive had this item for 11 months now,0,"['save', 'money', 'ive', 'item', '11', 'month']",6
bad purchase,0,"['bad', 'purchase']",2
well im satisfied,1,"['well', 'im', 'satisfied']",3
the bose noise cancelling is amazing which is very important for a nyc commuter,1,"['bose', 'noise', 'cancelling', 'amazing', 'important', 'nyc', 'commuter']",7
this battery is an excellent bargain,1,"['battery', 'excellent', 'bargain']",3
defective crap,0,"['defective', 'crap']",2
i would have given no star if i was able,0,"['would', 'given', 'star', 'able']",4
i wear glasses and it fits fine with them,1,"['wear', 'glass', 'fit', 'fine']",4
the sound quality for the device is unacceptableunless you are in a really quiet area you almost hear nothing,0,"['sound', 'quality', 'device', 'unacceptableunless', 'really', 'quiet', 'area', 'almost', 'hear', 'nothing']",10
i would not recommend this item to anyone,0,"['would', 'recommend', 'item', 'anyone']",4
the holster that arrived did not match the photo in the ad,0,"['holster', 'arrived', 'match', 'photo', 'ad']",5
greatno problems at all,1,"['greatno', 'problem']",2
as an earlier review noted plug in this charger and nothing happens,0,"['earlier', 'review', 'noted', 'plug', 'charger', 'nothing', 'happens']",7
this frog phone charm is adorable and very eye catching,1,"['frog', 'phone', 'charm', 'adorable', 'eye', 'catching']",6
you never know if you pushed it hard enough or the right number of times for the function you want or not,0,"['never', 'know', 'pushed', 'hard', 'enough', 'right', 'number', 'time', 'function', 'want']",10
the sound is clear and the people i talk to on it are amazed at the quality too,1,"['sound', 'clear', 'people', 'talk', 'amazed', 'quality']",6
i got the aluminum case for my new palm vx and it worked really wellit has protected my handheld perfectly so far,1,"['got', 'aluminum', 'case', 'new', 'palm', 'vx', 'worked', 'really', 'wellit', 'protected', 'handheld', 'perfectly', 'far']",13
very good product well made,1,"['good', 'product', 'well', 'made']",4
mobile phone tools are a must have,1,"['mobile', 'phone', 'tool', 'must']",4
i am very impressed with the job that motorola did on the sturdiness of this phone,1,"['impressed', 'job', 'motorola', 'sturdiness', 'phone']",5
i received my orders well within the shipping timeframe everything was in good working order and overall i am very excited to have this source,1,"['received', 'order', 'well', 'within', 'shipping', 'timeframe', 'everything', 'good', 'working', 'order', 'overall', 'excited', 'source']",13
the phone is sturdy and waterproof,1,"['phone', 'sturdy', 'waterproof']",3
i am not impressed with this and i would not recommend this item to anyone,0,"['impressed', 'would', 'recommend', 'item', 'anyone']",5
my only complaint is the standard sound volume is a little low even when turned up to 5of 5,0,"['complaint', 'standard', 'sound', 'volume', 'little', 'low', 'even', 'turned', '5of', '5']",10
thanks again to amazon for having the things i need for a good price,1,"['thanks', 'amazon', 'thing', 'need', 'good', 'price']",6
i ended up sliding it on the edge of my pants or back pockets instead,1,"['ended', 'sliding', 'edge', 'pant', 'back', 'pocket', 'instead']",7
i had to go to a store and bought a new nokia phone which is working great,1,"['go', 'store', 'bought', 'new', 'nokia', 'phone', 'working', 'great']",8
works great,1,"['work', 'great']",2
really ugly,0,"['really', 'ugly']",2
horrible had to switch 3 times,0,"['horrible', 'switch', '3', 'time']",4
the noise shield is incrediable,1,"['noise', 'shield', 'incrediable']",3
no real improvement,0,"['real', 'improvement']",2
razr battery  good buy,1,"['razr', 'battery', 'good', 'buy']",4
keep up the good work amazon,1,"['keep', 'good', 'work', 'amazon']",4
they refuse to refund or replace,0,"['refuse', 'refund', 'replace']",3
unfortunately its easy to accidentally activate them with the gentletouch buttons if you accidentally touch the phone to your face while listening,0,"['unfortunately', 'easy', 'accidentally', 'activate', 'gentletouch', 'button', 'accidentally', 'touch', 'phone', 'face', 'listening']",11
so i basically threw my money out the window for nothing,0,"['basically', 'threw', 'money', 'window', 'nothing']",5
great case and price,1,"['great', 'case', 'price']",3
all it took was one drop from about 6 inches above the kitchen counter and it was crackedi am not impressed and i am not laughing,0,"['took', 'one', 'drop', '6', 'inch', 'kitchen', 'counter', 'crackedi', 'impressed', 'laughing']",10
bluetooth range is good  a few days ago i left my phone in the trunk got a call and carried the conversation without a hitch,1,"['bluetooth', 'range', 'good', 'day', 'ago', 'left', 'phone', 'trunk', 'got', 'call', 'carried', 'conversation', 'without', 'hitch']",14
small sleek impressive looking practical setup with ample storage in place,1,"['small', 'sleek', 'impressive', 'looking', 'practical', 'setup', 'ample', 'storage', 'place']",9
the eargels channel the sound directly into your ear and seem to increase the sound volume and clarity,1,"['eargels', 'channel', 'sound', 'directly', 'ear', 'seem', 'increase', 'sound', 'volume', 'clarity']",10
none of the new ones have ever quite worked properly,0,"['none', 'new', 'one', 'ever', 'quite', 'worked', 'properly']",7
i am glad i purchased it,1,"['glad', 'purchased']",2
ive missed numerous calls because of this reason,0,"['ive', 'missed', 'numerous', 'call', 'reason']",5
perhaps my phone is defective but people cannot hear me when i use this,0,"['perhaps', 'phone', 'defective', 'people', 'hear', 'use']",6
dont buy this product,0,"['dont', 'buy', 'product']",3
sucked most of the stuff does not work with my phone,0,"['sucked', 'stuff', 'work', 'phone']",4
no shifting no bubbling no peeling not even a scratch nothingi couldnt be more happier with my new one for the droid,1,"['shifting', 'bubbling', 'peeling', 'even', 'scratch', 'nothingi', 'couldnt', 'happier', 'new', 'one', 'droid']",11
worst software ever used if i could give this zero stars i would,0,"['worst', 'software', 'ever', 'used', 'could', 'give', 'zero', 'star', 'would']",9
trying to make a call on these is an exercise in frustration,0,"['trying', 'make', 'call', 'exercise', 'frustration']",5
the case is a flimsy piece of plastic and has no front or side protection whatsoever,0,"['case', 'flimsy', 'piece', 'plastic', 'front', 'side', 'protection', 'whatsoever']",8
i own a jabra earset and was very happy with it but the sound quality especially outgoing on this is better,1,"['jabra', 'earset', 'happy', 'sound', 'quality', 'especially', 'outgoing', 'better']",8
i love the camera its really pretty good quality,1,"['love', 'camera', 'really', 'pretty', 'good', 'quality']",6
thank you for such great service,1,"['thank', 'great', 'service']",3
its a total package,1,"['total', 'package']",2
the seller is very understanding and patient i would definitely buy from them again,1,"['seller', 'understanding', 'patient', 'would', 'definitely', 'buy']",6
i give wirefly 1 stari will contact cingularatt and inform them of this practice,0,"['give', 'wirefly', '1', 'stari', 'contact', 'cingularatt', 'inform', 'practice']",8
its aggravating,0,['aggravating'],1
great product for the price,1,"['great', 'product', 'price']",3
i have purchased these for both family and friends and all enjoy their clarity and ease of use,1,"['purchased', 'family', 'friend', 'enjoy', 'clarity', 'ease', 'use']",7
virgin wireless rocks and so does this cheap little phone,1,"['virgin', 'wireless', 'rock', 'cheap', 'little', 'phone']",6
none of it works just dont buy it,0,"['none', 'work', 'dont', 'buy']",4
muddy low quality sound and the casing around the wires insert was poorly super glued and slid off,0,"['muddy', 'low', 'quality', 'sound', 'casing', 'around', 'wire', 'insert', 'poorly', 'super', 'glued', 'slid']",12
please dont waste your money,0,"['please', 'dont', 'waste', 'money']",4
all in all im quite satisfied with this purchase,1,"['im', 'quite', 'satisfied', 'purchase']",4
if you are looking for a good quality motorola headset keep looking this isnt it,0,"['looking', 'good', 'quality', 'motorola', 'headset', 'keep', 'looking', 'isnt']",8
yet plantronincs continues to use the same flawed charger design,0,"['yet', 'plantronincs', 'continues', 'use', 'flawed', 'charger', 'design']",7
disapointing results,0,"['disapointing', 'result']",2
cumbersome design,0,"['cumbersome', 'design']",2
great it was new packaged nice works good no problems and it came in less time then i expected,1,"['great', 'new', 'packaged', 'nice', 'work', 'good', 'problem', 'came', 'less', 'time', 'expected']",11
great product,1,"['great', 'product']",2
its a piece of crap,0,"['piece', 'crap']",2
my experience was terrible this was my fourth bluetooth headset and while it was much more comfortable than my last jabra which i hated,0,"['experience', 'terrible', 'fourth', 'bluetooth', 'headset', 'much', 'comfortable', 'last', 'jabra', 'hated']",10
this fixes all the problems,1,"['fix', 'problem']",2
worst ever,0,"['worst', 'ever']",2
i am very happy,1,['happy'],1
ive had no trouble accessing the internet downloading ringtones or performing any of the functions,1,"['ive', 'trouble', 'accessing', 'internet', 'downloading', 'ringtones', 'performing', 'function']",8
i can barely ever hear on it and am constantly saying what,0,"['barely', 'ever', 'hear', 'constantly', 'saying']",5
the battery life is highly unacceptable,0,"['battery', 'life', 'highly', 'unacceptable']",4
that company is a joke,0,"['company', 'joke']",2
it does everything the description said it would,1,"['everything', 'description', 'said', 'would']",4
due to this happening on every call i was forced to stop using this headset,0,"['due', 'happening', 'every', 'call', 'forced', 'stop', 'using', 'headset']",8
it works great with a car charger especially if you cannot plug in two adapters at the same time,1,"['work', 'great', 'car', 'charger', 'especially', 'plug', 'two', 'adapter', 'time']",9
verizon tech support walked my through a few procedures none of which worked and i ended up having to do a hard reset wiping out all my data,0,"['verizon', 'tech', 'support', 'walked', 'procedure', 'none', 'worked', 'ended', 'hard', 'reset', 'wiping', 'data']",12
voice quality signal strength dropped calls,0,"['voice', 'quality', 'signal', 'strength', 'dropped', 'call']",6
it plays louder than any other speaker of this size the price is so low that most would think the quality is lacking however its not,1,"['play', 'louder', 'speaker', 'size', 'price', 'low', 'would', 'think', 'quality', 'lacking', 'however']",11
better than expected,1,"['better', 'expected']",2
it feels poorly constructed the menus are difficult to navigate and the buttons are so recessed that it is difficult to push them,0,"['feel', 'poorly', 'constructed', 'menu', 'difficult', 'navigate', 'button', 'recessed', 'difficult', 'push']",10
battery is holding up well,1,"['battery', 'holding', 'well']",3
also difficult to put onid recommend avoiding this product,0,"['also', 'difficult', 'put', 'onid', 'recommend', 'avoiding', 'product']",7
i only used it two days and it wasnt always easy to hear with,0,"['used', 'two', 'day', 'wasnt', 'always', 'easy', 'hear']",7
i got the car charger and not even after a week the charger was brokeni went to plug it in and it started smoking,0,"['got', 'car', 'charger', 'even', 'week', 'charger', 'brokeni', 'went', 'plug', 'started', 'smoking']",11
sprint  terrible customer service,0,"['sprint', 'terrible', 'customer', 'service']",4
linked to my phone without effort,1,"['linked', 'phone', 'without', 'effort']",4
they are so cool,1,['cool'],1
easy to use,1,"['easy', 'use']",2
better than new,1,"['better', 'new']",2
what possesed me to get this junk i have no idea,0,"['possesed', 'get', 'junk', 'idea']",4
piece of trash,0,"['piece', 'trash']",2
a pretty good product,1,"['pretty', 'good', 'product']",3
this is a great phone,1,"['great', 'phone']",2
for the price on amazon it is an excellent product which i would highly recommend,1,"['price', 'amazon', 'excellent', 'product', 'would', 'highly', 'recommend']",7
their research and development division obviously knows what theyre doing,1,"['research', 'development', 'division', 'obviously', 'know', 'theyre']",6
the real killer is the volume and of course it breaking,0,"['real', 'killer', 'volume', 'course', 'breaking']",5
those phones are working just fine now,1,"['phone', 'working', 'fine']",3
i am more than happy with this product,1,"['happy', 'product']",2
poor construction,0,"['poor', 'construction']",2
this is infuriating,0,['infuriating'],1
overall i would recommend this phone over the new walkman,1,"['overall', 'would', 'recommend', 'phone', 'new', 'walkman']",6
sprint charges for this service,0,"['sprint', 'charge', 'service']",3
it is cheap and it feel and look just as cheap,0,"['cheap', 'feel', 'look', 'cheap']",4
it fits my ear well and is comfortable on,1,"['fit', 'ear', 'well', 'comfortable']",4
it doesnt work in europe or asia,0,"['doesnt', 'work', 'europe', 'asia']",4
clipping this to your belt will deffinitely make you feel like 50 cents upandcoming,1,"['clipping', 'belt', 'deffinitely', 'make', 'feel', 'like', '50', 'cent', 'upandcoming']",9
i like design and look of jabra behing the ear headsets and 5020 is pretty comfortible to wear 24 hours a day without pain in the ear,1,"['like', 'design', 'look', 'jabra', 'behing', 'ear', 'headset', '5020', 'pretty', 'comfortible', 'wear', '24', 'hour', 'day', 'without', 'pain', 'ear']",17
i was amazed at the quick arrival of the two original lg cell phone batteries and and at a fraction of the price,1,"['amazed', 'quick', 'arrival', 'two', 'original', 'lg', 'cell', 'phone', 'battery', 'fraction', 'price']",11
the worst phone from samsungcrap this crappy samsung e715 is the worst i have ever seeen,0,"['worst', 'phone', 'samsungcrap', 'crappy', 'samsung', 'e715', 'worst', 'ever', 'seeen']",9
the charger worked for about a week and then completely stopped charging my phone,0,"['charger', 'worked', 'week', 'completely', 'stopped', 'charging', 'phone']",7
poor product,0,"['poor', 'product']",2
however i needed some better instructions,0,"['however', 'needed', 'better', 'instruction']",4
you need two hands to operate the screenthis software interface is decade old and cannot compete with new software designs,0,"['need', 'two', 'hand', 'operate', 'screenthis', 'software', 'interface', 'decade', 'old', 'compete', 'new', 'software', 'design']",13
worked very well paired with a treo 700w and as a skype headset on my pc using a usb bluetooth transceiver,1,"['worked', 'well', 'paired', 'treo', '700w', 'skype', 'headset', 'pc', 'using', 'usb', 'bluetooth', 'transceiver']",12
steer clear of this product and go with the genuine palm replacementr pens which come in a threepack,0,"['steer', 'clear', 'product', 'go', 'genuine', 'palm', 'replacementr', 'pen', 'come', 'threepack']",10
do not buy do not buyit sucks,0,"['buy', 'buyit', 'suck']",3
this is a great product sure beats using your fingers,1,"['great', 'product', 'sure', 'beat', 'using', 'finger']",6
plus i seriously do not believe it is worth its steep price point,0,"['plus', 'seriously', 'believe', 'worth', 'steep', 'price', 'point']",7
all the other cases ive tried normally fall apart after a few months but this one seems to be in for the long haul,1,"['case', 'ive', 'tried', 'normally', 'fall', 'apart', 'month', 'one', 'seems', 'long', 'haul']",11
very dissapointing performance,0,"['dissapointing', 'performance']",2
dont make the same mistake that i did and please dont buy this phone,0,"['dont', 'make', 'mistake', 'please', 'dont', 'buy', 'phone']",7
this phone might well be the worst ive ever had in any brand,0,"['phone', 'might', 'well', 'worst', 'ive', 'ever', 'brand']",7
case was more or less an extra that i originally put on but later discarded because it scratched my ear,0,"['case', 'less', 'extra', 'originally', 'put', 'later', 'discarded', 'scratched', 'ear']",9
i recommend igo to anyone with different brand cell phonesmp3 players in the family,1,"['recommend', 'igo', 'anyone', 'different', 'brand', 'cell', 'phonesmp3', 'player', 'family']",9
dont bother  go to the store,0,"['dont', 'bother', 'go', 'store']",4
i posted more detailed comments under the grey or black phone but i have the fire red and its a great color,1,"['posted', 'detailed', 'comment', 'grey', 'black', 'phone', 'fire', 'red', 'great', 'color']",10
i did not have any problem with this item and would order it again if needed,1,"['problem', 'item', 'would', 'order', 'needed']",5
you get what you pay for i guess,0,"['get', 'pay', 'guess']",3
not only did the software do a great job of this i could also make my own ringtones form my existing cds without an internet connection,1,"['software', 'great', 'job', 'could', 'also', 'make', 'ringtones', 'form', 'existing', 'cd', 'without', 'internet', 'connection']",13
im surprised this is a good quality car charger and theres not much reviews about it,1,"['im', 'surprised', 'good', 'quality', 'car', 'charger', 'there', 'much', 'review']",9
these are fabulous,1,['fabulous'],1
however bt headsets are currently not good for real time games like firstperson shooters since the audio delay messes me up,0,"['however', 'bt', 'headset', 'currently', 'good', 'real', 'time', 'game', 'like', 'firstperson', 'shooter', 'since', 'audio', 'delay', 'mess']",15
i used bitpim a free program you can find on the internetto transfer data to the phonethe price of the cable was excellent,1,"['used', 'bitpim', 'free', 'program', 'find', 'internetto', 'transfer', 'data', 'phonethe', 'price', 'cable', 'excellent']",12
disappointing accessory from a good manufacturer,0,"['disappointing', 'accessory', 'good', 'manufacturer']",4
performed awful  muffled tinny incoming sound and severe echo for those on the other end of the call,0,"['performed', 'awful', 'muffled', 'tinny', 'incoming', 'sound', 'severe', 'echo', 'end', 'call']",10
very windresistant,1,['windresistant'],1
obviously they have a terrible customer service so you get what you pay for,0,"['obviously', 'terrible', 'customer', 'service', 'get', 'pay']",6
they do not last forever but is not overly expensive to replaceeasy to operate and the sound is much better than others i have tried,1,"['last', 'forever', 'overly', 'expensive', 'replaceeasy', 'operate', 'sound', 'much', 'better', 'others', 'tried']",11
i contacted the company and they told me that although the unit was still under warranty if i couldnt produce my receipt i was out of luck,0,"['contacted', 'company', 'told', 'although', 'unit', 'still', 'warranty', 'couldnt', 'produce', 'receipt', 'luck']",11
linksys should have some way to exchange a bad phone for a refurb unit or something,0,"['linksys', 'way', 'exchange', 'bad', 'phone', 'refurb', 'unit', 'something']",8
phone is sturdy as all nokia bar phones are,1,"['phone', 'sturdy', 'nokia', 'bar', 'phone']",5
great phone,1,"['great', 'phone']",2
when i placed my treo into the case not only was it not snug but there was a lot of extra room on the sides,0,"['placed', 'treo', 'case', 'snug', 'lot', 'extra', 'room', 'side']",8
im pleased,1,"['im', 'pleased']",2
battery is terrible,0,"['battery', 'terrible']",2
i found the product to be easy to set up and use,1,"['found', 'product', 'easy', 'set', 'use']",5
the earpiece on this is too large or too heavyit keeps falling out of my ear,0,"['earpiece', 'large', 'heavyit', 'keep', 'falling', 'ear']",6
utter crap sound quality is terrible,0,"['utter', 'crap', 'sound', 'quality', 'terrible']",5
the charger arrived within the promised timeframe but it did not work,0,"['charger', 'arrived', 'within', 'promised', 'timeframe', 'work']",6
no ear loop needed its tiny and the sound is great,1,"['ear', 'loop', 'needed', 'tiny', 'sound', 'great']",6
finally after three or four times the spring of the latch broke and i could not use it any longer on the visor,0,"['finally', 'three', 'four', 'time', 'spring', 'latch', 'broke', 'could', 'use', 'longer', 'visor']",11
the handsfree part works fine but then the car tries to download the address book and the treo rebootsoverall i still rate this device high,1,"['handsfree', 'part', 'work', 'fine', 'car', 'try', 'download', 'address', 'book', 'treo', 'rebootsoverall', 'still', 'rate', 'device', 'high']",15
talk about useless customer service,0,"['talk', 'useless', 'customer', 'service']",4
it felt too light and tinny,0,"['felt', 'light', 'tinny']",3
this does not fit the palm tungsten e2 and it broke the first time i tried to plug it in,0,"['fit', 'palm', 'tungsten', 'e2', 'broke', 'first', 'time', 'tried', 'plug']",9
im happy about this purchase good quality and low price,1,"['im', 'happy', 'purchase', 'good', 'quality', 'low', 'price']",7
i love the look and feel of samsung flipphones,1,"['love', 'look', 'feel', 'samsung', 'flipphones']",5
its welldesigned and very sharp  the blue is a very nice color,1,"['welldesigned', 'sharp', 'blue', 'nice', 'color']",5
does everything it should and more,1,['everything'],1
i could not recommend these more,0,"['could', 'recommend']",2
nice sound,1,"['nice', 'sound']",2
looks good in the picture but this case was a huge disappointment,0,"['look', 'good', 'picture', 'case', 'huge', 'disappointment']",6
much less than the jawbone i was going to replace it with,1,"['much', 'less', 'jawbone', 'going', 'replace']",5
setup went very smoothly,1,"['setup', 'went', 'smoothly']",3
its extremely slow and takes forever to do anything with it,0,"['extremely', 'slow', 'take', 'forever', 'anything']",5
a must study for anyone interested in the worst sins of industrial design,0,"['must', 'study', 'anyone', 'interested', 'worst', 'sin', 'industrial', 'design']",8
the first thing that happened was that the tracking was off,0,"['first', 'thing', 'happened', 'tracking']",4
it is well made easy to access the phone and has a handy detachable belt clip,1,"['well', 'made', 'easy', 'access', 'phone', 'handy', 'detachable', 'belt', 'clip']",9
then i had to continue pairing it periodically since it somehow kept dropping,0,"['continue', 'pairing', 'periodically', 'since', 'somehow', 'kept', 'dropping']",7
cant upload ringtones from a third party,0,"['cant', 'upload', 'ringtones', 'third', 'party']",5
bluetooth does not work phone locks up screens just flash up and now it just makes calls randomly while in my pocket locked,0,"['bluetooth', 'work', 'phone', 'lock', 'screen', 'flash', 'make', 'call', 'randomly', 'pocket', 'locked']",11
truly awful,0,"['truly', 'awful']",2
it works fine on my motorola 325 cellphone and a lot better than the wornout battery did,1,"['work', 'fine', 'motorola', '325', 'cellphone', 'lot', 'better', 'wornout', 'battery']",9
the volume for the ringer is real good you have choices how loud,1,"['volume', 'ringer', 'real', 'good', 'choice', 'loud']",6
and none of the tones is acceptable,0,"['none', 'tone', 'acceptable']",3
camera color balance is awful,0,"['camera', 'color', 'balance', 'awful']",4
this product is clearly not ready for prime time i dont care how cool it looks if you cant tell a call is coming in its worthless,0,"['product', 'clearly', 'ready', 'prime', 'time', 'dont', 'care', 'cool', 'look', 'cant', 'tell', 'call', 'coming', 'worthless']",14
i love the ringtones because they are so upbeat,1,"['love', 'ringtones', 'upbeat']",3
chinese forgeries abound,0,"['chinese', 'forgery', 'abound']",3
easy to pair with my samsung cell,1,"['easy', 'pair', 'samsung', 'cell']",4
the instructions didnt explain that a microphone jack could be used,0,"['instruction', 'didnt', 'explain', 'microphone', 'jack', 'could', 'used']",7
i would advise to not purchase this item it never worked very well,0,"['would', 'advise', 'purchase', 'item', 'never', 'worked', 'well']",7
too bad you have to pay up to  a month for the service,0,"['bad', 'pay', 'month', 'service']",4
works well,1,"['work', 'well']",2
the nokia ca42 usb cable did not work with my phone,0,"['nokia', 'ca42', 'usb', 'cable', 'work', 'phone']",6
clear crisp sound,1,"['clear', 'crisp', 'sound']",3
i have to use the smallest earpieces provided but it stays on pretty well,1,"['use', 'smallest', 'earpiece', 'provided', 'stay', 'pretty', 'well']",7
the biggest complaint i have is the battery drains superfast,0,"['biggest', 'complaint', 'battery', 'drain', 'superfast']",5
the design might be ergonomic in theory but i could not stand having these in my ear,0,"['design', 'might', 'ergonomic', 'theory', 'could', 'stand', 'ear']",7
do not buy if you want to use the holster,0,"['buy', 'want', 'use', 'holster']",4
the phone can also take great pictures and even video clips,1,"['phone', 'also', 'take', 'great', 'picture', 'even', 'video', 'clip']",8
it doesnt make you look cool,0,"['doesnt', 'make', 'look', 'cool']",4
because both ears are occupied background is not distracting at all,1,"['ear', 'occupied', 'background', 'distracting']",4
comfortable fit  you need your headset to be comfortable for at least an hour at a time if not for an entire day,1,"['comfortable', 'fit', 'need', 'headset', 'comfortable', 'least', 'hour', 'time', 'entire', 'day']",10
also the phone doesnt seem to accept anything except cbr mp3s preferably ripped by windows media player,0,"['also', 'phone', 'doesnt', 'seem', 'accept', 'anything', 'except', 'cbr', 'mp3s', 'preferably', 'ripped', 'window', 'medium', 'player']",14
you cant beat the price on these,1,"['cant', 'beat', 'price']",3
 comes with a strong light that you can use to light up your camera shots and even flash sos signals seriously,1,"['come', 'strong', 'light', 'use', 'light', 'camera', 'shot', 'even', 'flash', 'so', 'signal', 'seriously']",12
lightweight and works well,1,"['lightweight', 'work', 'well']",3
so just beware,0,['beware'],1
i love this cable  it allows me to connect any miniusb device to my pc,1,"['love', 'cable', 'allows', 'connect', 'miniusb', 'device', 'pc']",7
so anyone near you will hear part of your conversation,0,"['anyone', 'near', 'hear', 'part', 'conversation']",5
this is cool because most cases are just open there allowing the screen to get all scratched up,1,"['cool', 'case', 'open', 'allowing', 'screen', 'get', 'scratched']",7
i bought this phone as a replacement for my startac and have regretted it since,0,"['bought', 'phone', 'replacement', 'startac', 'regretted', 'since']",6
appears to actually outperform the original battery from china that came with my v325i,1,"['appears', 'actually', 'outperform', 'original', 'battery', 'china', 'came', 'v325i']",8
cant store anything but phone numbers to sim,0,"['cant', 'store', 'anything', 'phone', 'number', 'sim']",6
it lasts less than 3o minutes if i actually try to use the phonemy wife has the same phone with the same problem,0,"['last', 'less', '3o', 'minute', 'actually', 'try', 'use', 'phonemy', 'wife', 'phone', 'problem']",11
poor quality,0,"['poor', 'quality']",2
jabra ear gels r the best,1,"['jabra', 'ear', 'gel', 'r', 'best']",5
not worth it,0,['worth'],1
the phone crashed completely and now i have to get it replaced,0,"['phone', 'crashed', 'completely', 'get', 'replaced']",5
it quit working after id used it for about 18 months so i just purchased another one because this is the best headset ive ever owned,1,"['quit', 'working', 'id', 'used', '18', 'month', 'purchased', 'another', 'one', 'best', 'headset', 'ive', 'ever', 'owned']",14
unfortunately it will not recharge my iphone 4s despite connecting it from multiple power sources imac external battery wall outlet etc,0,"['unfortunately', 'recharge', 'iphone', '4', 'despite', 'connecting', 'multiple', 'power', 'source', 'imac', 'external', 'battery', 'wall', 'outlet', 'etc']",15
it was a great phone,1,"['great', 'phone']",2
if you simply want a small flip phone  look elsewhere as the extra bells  whistles are mediocre,0,"['simply', 'want', 'small', 'flip', 'phone', 'look', 'elsewhere', 'extra', 'bell', 'whistle', 'mediocre']",11
good value works fine  power via usb car or wall outlet,1,"['good', 'value', 'work', 'fine', 'power', 'via', 'usb', 'car', 'wall', 'outlet']",10
my phone doesnt slide around my car now and the grip prevents my phone from slipping out of my hand,1,"['phone', 'doesnt', 'slide', 'around', 'car', 'grip', 'prevents', 'phone', 'slipping', 'hand']",10
this is simply the best bluetooth headset for sound quality,1,"['simply', 'best', 'bluetooth', 'headset', 'sound', 'quality']",6
think it over when you plan to own this onethis sure is the last moto phone for me,0,"['think', 'plan', 'onethis', 'sure', 'last', 'moto', 'phone']",7
in the span of an hour i had two people exclaim whoa  is that the new phone on tv,1,"['span', 'hour', 'two', 'people', 'exclaim', 'whoa', 'new', 'phone', 'tv']",9
i have always used corded headsets and the freedom from the wireless is very helpful,1,"['always', 'used', 'corded', 'headset', 'freedom', 'wireless', 'helpful']",7
this case has passed the one year mark and while it shows signs of wear it is 100 functional,1,"['case', 'passed', 'one', 'year', 'mark', 'show', 'sign', 'wear', '100', 'functional']",10
other than that the leather is nice and soft the fit is very tight the cut out for the face is a good shape,1,"['leather', 'nice', 'soft', 'fit', 'tight', 'cut', 'face', 'good', 'shape']",9
it has everything i need and i couldnt ask for more,1,"['everything', 'need', 'couldnt', 'ask']",4
after receiving and using the product for just 2 days it broke,0,"['receiving', 'using', 'product', '2', 'day', 'broke']",6
this product is great it makes working a lot easier i can go to the copier while waiting on hold for something,1,"['product', 'great', 'make', 'working', 'lot', 'easier', 'go', 'copier', 'waiting', 'hold', 'something']",11
none of the three sizes they sent with the headset would stay in my ears,0,"['none', 'three', 'size', 'sent', 'headset', 'would', 'stay', 'ear']",8
tmobile has the best customer service anywhere,1,"['tmobile', 'best', 'customer', 'service', 'anywhere']",5
arrived quickly and much less expensive than others being sold,1,"['arrived', 'quickly', 'much', 'less', 'expensive', 'others', 'sold']",7
we have tried 2 units and they both failed within 2 months pros,0,"['tried', '2', 'unit', 'failed', 'within', '2', 'month', 'pro']",8
provides good protection and looks classy too,1,"['provides', 'good', 'protection', 'look', 'classy']",5
krussel always good,1,"['krussel', 'always', 'good']",3
the tracfonewebsite is user friendly and makes it easy toactivate etc,1,"['tracfonewebsite', 'user', 'friendly', 'make', 'easy', 'toactivate', 'etc']",7
the design is very good4,1,"['design', 'good4']",2
i great reception all the time,1,"['great', 'reception', 'time']",3
i would highly recommend this product,1,"['would', 'highly', 'recommend', 'product']",4
couldnt use the unit with sunglasses not good in texas,0,"['couldnt', 'use', 'unit', 'sunglass', 'good', 'texas']",6
it dit not work most of the time with my nokia 5320,0,"['dit', 'work', 'time', 'nokia', '5320']",5
bought mainly for the charger which broke soon after purchasing,0,"['bought', 'mainly', 'charger', 'broke', 'soon', 'purchasing']",6
if you like a loud buzzing to override all your conversations then this phone is for you,0,"['like', 'loud', 'buzzing', 'override', 'conversation', 'phone']",6
fantastic buy and will get again for whatever my next phone is,1,"['fantastic', 'buy', 'get', 'whatever', 'next', 'phone']",6
stay away from this store be careful,0,"['stay', 'away', 'store', 'careful']",4
this blueant supertooth handsfree phone speaker is awesome,1,"['blueant', 'supertooth', 'handsfree', 'phone', 'speaker', 'awesome']",6
does not fit,0,['fit'],1
 item arrived quickly and works great with my metro pcs samsung schr450 slider phone and sony premium sound in ear plugs,1,"['item', 'arrived', 'quickly', 'work', 'great', 'metro', 'pc', 'samsung', 'schr450', 'slider', 'phone', 'sony', 'premium', 'sound', 'ear', 'plug']",16
it is light has plenty of battery capacity and is very confortable to wear for somewhat extended periods of time,1,"['light', 'plenty', 'battery', 'capacity', 'confortable', 'wear', 'somewhat', 'extended', 'period', 'time']",10
disappointing,0,['disappointing'],1
blue ant is easy to use,1,"['blue', 'ant', 'easy', 'use']",4
cheap but hey it works was pleasantly suprised given the low cost of this item,1,"['cheap', 'hey', 'work', 'pleasantly', 'suprised', 'given', 'low', 'cost', 'item']",9
the camera on the phone may be used as a dustpan when indoors id rather be using a disposable then this,0,"['camera', 'phone', 'may', 'used', 'dustpan', 'indoors', 'id', 'rather', 'using', 'disposable']",10
then a few days later the a puff of smoke came out of the phone while in use,0,"['day', 'later', 'puff', 'smoke', 'came', 'phone', 'use']",7
its very convenient and simple to use  gets job done  makes the car ride so much smoother,1,"['convenient', 'simple', 'use', 'get', 'job', 'done', 'make', 'car', 'ride', 'much', 'smoother']",11
the nano stated itmy son was dissapointed,0,"['nano', 'stated', 'itmy', 'son', 'dissapointed']",5
the sound quality is excellent as well,1,"['sound', 'quality', 'excellent', 'well']",4
its the best headset i have used,1,"['best', 'headset', 'used']",3
would not reccommend,0,"['would', 'reccommend']",2
they have been around for years and carries the highest quality of antiglare screen protector that i have found to date,1,"['around', 'year', 'carry', 'highest', 'quality', 'antiglare', 'screen', 'protector', 'found', 'date']",10
just what i wanted,1,['wanted'],1
this particular model would not work with my motorola q smartphone,0,"['particular', 'model', 'would', 'work', 'motorola', 'q', 'smartphone']",7
wont work right or atleast for me,0,"['wont', 'work', 'right', 'atleast']",4
in addition it feels amp looks as if the phone is all lightweight cheap plastic,0,"['addition', 'feel', 'amp', 'look', 'phone', 'lightweight', 'cheap', 'plastic']",8
but now that it is out of warranty the same problems reoccurebottom line put your money somewhere else cingular will not support it,0,"['warranty', 'problem', 'reoccurebottom', 'line', 'put', 'money', 'somewhere', 'else', 'cingular', 'support']",10
i really wanted the plantronics 510 to be the right one but it has too many issues for methe good,0,"['really', 'wanted', 'plantronics', '510', 'right', 'one', 'many', 'issue', 'methe', 'good']",10
great product,1,"['great', 'product']",2
crisp and clear,1,"['crisp', 'clear']",2
after the first charge kept going dead after 12 minutes,0,"['first', 'charge', 'kept', 'going', 'dead', '12', 'minute']",7
very cheap plastic creaks like an old wooden floor,0,"['cheap', 'plastic', 'creak', 'like', 'old', 'wooden', 'floor']",7
i get absolutely horrible reception in my apartment where with other phones i have not had this problem,0,"['get', 'absolutely', 'horrible', 'reception', 'apartment', 'phone', 'problem']",7
the reception has been generally good,1,"['reception', 'generally', 'good']",3
excellent sound battery life and inconspicuous to boot,1,"['excellent', 'sound', 'battery', 'life', 'inconspicuous', 'boot']",6
great bluetooth,1,"['great', 'bluetooth']",2
i highly recommend this case,1,"['highly', 'recommend', 'case']",3
worthwhile,1,['worthwhile'],1
this is a great deal,1,"['great', 'deal']",2
after my phone got to be about a year old its been slowly breaking despite much care on my part,0,"['phone', 'got', 'year', 'old', 'slowly', 'breaking', 'despite', 'much', 'care', 'part']",10
i am sorry i made this purchase,0,"['sorry', 'made', 'purchase']",3
i bought these hoping i could make my bluetooth headset fit better but these things made it impossible to wear,0,"['bought', 'hoping', 'could', 'make', 'bluetooth', 'headset', 'fit', 'better', 'thing', 'made', 'impossible', 'wear']",12
treo and tmobile refused to replace it again and forced me to buy another phone without any kind of upgrade discount,0,"['treo', 'tmobile', 'refused', 'replace', 'forced', 'buy', 'another', 'phone', 'without', 'kind', 'upgrade', 'discount']",12
it was horrible,0,['horrible'],1
i dont think it would hold it too securly on your belt,0,"['dont', 'think', 'would', 'hold', 'securly', 'belt']",6
this allows the possibility of double booking for the same date and time after the first,0,"['allows', 'possibility', 'double', 'booking', 'date', 'time', 'first']",7
they work about 2 weeks then break,0,"['work', '2', 'week', 'break']",4
it is simple to use and i like it,1,"['simple', 'use', 'like']",3
its a great tool for entertainment communication and data managementoh be sure to use activesync 42 for optimal data synchronization results,1,"['great', 'tool', 'entertainment', 'communication', 'data', 'managementoh', 'sure', 'use', 'activesync', '42', 'optimal', 'data', 'synchronization', 'result']",14
i cant use this case because the smell is disgusting,0,"['cant', 'use', 'case', 'smell', 'disgusting']",5
not what i wanted,0,['wanted'],1
i own 2 of these cases and would order another,1,"['2', 'case', 'would', 'order', 'another']",5
great phone,1,"['great', 'phone']",2
i bought this battery with a coupon from amazon and im very happy with my purchase,1,"['bought', 'battery', 'coupon', 'amazon', 'im', 'happy', 'purchase']",7
the internet access was fine it the rare instance that it worked,0,"['internet', 'access', 'fine', 'rare', 'instance', 'worked']",6
perfect for the ps3,1,"['perfect', 'ps3']",2
five star plus plus,1,"['five', 'star', 'plus', 'plus']",4
a good quality bargain i bought this after i bought a cheapy from big lots that sounded awful and people on the other end couldnt hear me,1,"['good', 'quality', 'bargain', 'bought', 'bought', 'cheapy', 'big', 'lot', 'sounded', 'awful', 'people', 'end', 'couldnt', 'hear']",14
50 down the drain,0,"['50', 'drain']",2
i tried talking real loud but shouting on the telephone gets old and i was still told it wasnt great,0,"['tried', 'talking', 'real', 'loud', 'shouting', 'telephone', 'get', 'old', 'still', 'told', 'wasnt', 'great']",12
good  works fine,1,"['good', 'work', 'fine']",3
for the price this was a great deal,1,"['price', 'great', 'deal']",3
great price too,1,"['great', 'price']",2
if there is a wind it is completely useless,0,"['wind', 'completely', 'useless']",3
yes its shiny on front side  and i love it,1,"['yes', 'shiny', 'front', 'side', 'love']",5
does not work,0,['work'],1
at first i thought i was grtting a good deal at 744 until i plugged it into my phone v3c razr,0,"['first', 'thought', 'grtting', 'good', 'deal', '744', 'plugged', 'phone', 'v3c', 'razr']",10
the reception through this headset is excellent,1,"['reception', 'headset', 'excellent']",3
2 thumbs up to this seller,1,"['2', 'thumb', 'seller']",3
i have a verizon lg phone and they work well together good reception and range that exceeds 20 feet line of sight,1,"['verizon', 'lg', 'phone', 'work', 'well', 'together', 'good', 'reception', 'range', 'exceeds', '20', 'foot', 'line', 'sight']",14
improper description i had to return it,0,"['improper', 'description', 'return']",3
1 it works  2 it is comfortable,1,"['1', 'work', '2', 'comfortable']",4
battery chargelife is quite long,1,"['battery', 'chargelife', 'quite', 'long']",4
the jabra eargels fit my ears very well,1,"['jabra', 'eargels', 'fit', 'ear', 'well']",5
battery has no life,0,"['battery', 'life']",2
i checked everywhere and there is no feature for it which is really disappointing,0,"['checked', 'everywhere', 'feature', 'really', 'disappointing']",5
product is exactly as described,1,"['product', 'exactly', 'described']",3
gets a signal when other verizon phones wont,1,"['get', 'signal', 'verizon', 'phone', 'wont']",5
doesnt do the job,0,"['doesnt', 'job']",2
i would recommend it,1,"['would', 'recommend']",2
plan on ordering from them again and again,1,"['plan', 'ordering']",2
that being said for a phone the camera is very nice many cool effects to play with and video is decent as well,1,"['said', 'phone', 'camera', 'nice', 'many', 'cool', 'effect', 'play', 'video', 'decent', 'well']",11
i have been very satisfied with this cell phone from day one,1,"['satisfied', 'cell', 'phone', 'day', 'one']",5
they keep getting better and better this is my third one and ive had numerous palms too,1,"['keep', 'getting', 'better', 'better', 'third', 'one', 'ive', 'numerous', 'palm']",9
awkward to use and unreliable,0,"['awkward', 'use', 'unreliable']",3
the shipping time was also very quick,1,"['shipping', 'time', 'also', 'quick']",4
not as good as i had hoped,0,"['good', 'hoped']",2
good case,1,"['good', 'case']",2
doesnt work,0,"['doesnt', 'work']",2
really good product,1,"['really', 'good', 'product']",3
unfortunately it did not work,0,"['unfortunately', 'work']",2
all three broke within two months of use,0,"['three', 'broke', 'within', 'two', 'month', 'use']",6
dont buy it,0,"['dont', 'buy']",2
my father has the v265 and the battery is dying,0,"['father', 'v265', 'battery', 'dying']",4
however the ear pads come off easily and after only one week i lost one,0,"['however', 'ear', 'pad', 'come', 'easily', 'one', 'week', 'lost', 'one']",9
the calls drop the phone comes on and off at will the screen goes black and the worst of all it stops ringing intermittently,0,"['call', 'drop', 'phone', 'come', 'screen', 'go', 'black', 'worst', 'stop', 'ringing', 'intermittently']",11
horrible horrible protector,0,"['horrible', 'horrible', 'protector']",3
i dont like this nokia either,0,"['dont', 'like', 'nokia', 'either']",4
reaching for the bottom row is uncomfortable and the send and end keys are not where i expect them to be3,0,"['reaching', 'bottom', 'row', 'uncomfortable', 'send', 'end', 'key', 'expect', 'be3']",9
i have bought this nokia cell phone a few weeks ago and it was a nightmare,0,"['bought', 'nokia', 'cell', 'phone', 'week', 'ago', 'nightmare']",7
it would take too long to describe how bad my customer service experience has been with amazon,0,"['would', 'take', 'long', 'describe', 'bad', 'customer', 'service', 'experience', 'amazon']",9
the only very disappointing thing was there was no speakerphone,0,"['disappointing', 'thing', 'speakerphone']",3
terrible my car will not accept this cassette,0,"['terrible', 'car', 'accept', 'cassette']",4
product is useless since it does not have enough charging current to charge the 2 cellphones i was planning to use it with,0,"['product', 'useless', 'since', 'enough', 'charging', 'current', 'charge', '2', 'cellphone', 'planning', 'use']",11
its not what it says it is,0,['say'],1
stay away from the q,0,"['stay', 'away', 'q']",3
used and dirty,0,"['used', 'dirty']",2
very unreliable service from tmobile ,0,"['unreliable', 'service', 'tmobile']",3
not good enough for the price,0,"['good', 'enough', 'price']",3
i bought two of them and neither will charge,0,"['bought', 'two', 'neither', 'charge']",4
it looks very nice,1,"['look', 'nice']",2
this is an excellent tool especially when paired with your phones autoanswer,1,"['excellent', 'tool', 'especially', 'paired', 'phone', 'autoanswer']",6
i have read others reviews here but i havent had any problem with it,1,"['read', 'others', 'review', 'havent', 'problem']",5
these products cover up the important light sensor above the ear outlet,0,"['product', 'cover', 'important', 'light', 'sensor', 'ear', 'outlet']",7
comfortable in my hand,1,"['comfortable', 'hand']",2
just does not work,0,['work'],1
poor reliability,0,"['poor', 'reliability']",2
it works,1,['work'],1
if i take a picture the battery drops a bar and starts beeping letting me know its dieing,0,"['take', 'picture', 'battery', 'drop', 'bar', 'start', 'beeping', 'letting', 'know', 'dieing']",10
terrible product and waste of money,0,"['terrible', 'product', 'waste', 'money']",4
last time buying from you,0,"['last', 'time', 'buying']",3
it was a waste of my money,0,"['waste', 'money']",2
so far it has worked like a charm,1,"['far', 'worked', 'like', 'charm']",4
i have only had it for a few weeks but so far so good,1,"['week', 'far', 'good']",3
but in any case the best part is you can download these pictures to your laptop using ir or even send pictures from your laptop to the phone,1,"['case', 'best', 'part', 'download', 'picture', 'laptop', 'using', 'ir', 'even', 'send', 'picture', 'laptop', 'phone']",13
would recommend this item,1,"['would', 'recommend', 'item']",3
its been my choice headset for yearsgreat sound good volume good noise cancellation,1,"['choice', 'headset', 'yearsgreat', 'sound', 'good', 'volume', 'good', 'noise', 'cancellation']",9
nice case feels good in your hands,1,"['nice', 'case', 'feel', 'good', 'hand']",5
the item received was counterfeit,0,"['item', 'received', 'counterfeit']",3
just really good so far probably the best bt headset i have ever had,1,"['really', 'good', 'far', 'probably', 'best', 'bt', 'headset', 'ever']",8
works fine,1,"['work', 'fine']",2
i received my headset in good time and was happy with it,1,"['received', 'headset', 'good', 'time', 'happy']",5
i was very pleased to see that i could replace my well travled swivel holster for my blackberry flip,1,"['pleased', 'see', 'could', 'replace', 'well', 'travled', 'swivel', 'holster', 'blackberry', 'flip']",10
my sister has one also and she loves it,1,"['sister', 'one', 'also', 'love']",4
good quality,1,"['good', 'quality']",2
this is by far the worst purchase ive made on amazon,0,"['far', 'worst', 'purchase', 'ive', 'made', 'amazon']",6
excellent dualpurpose headset,1,"['excellent', 'dualpurpose', 'headset']",3
excellent,1,['excellent'],1
does not work for listening to music with the cingular 8125,0,"['work', 'listening', 'music', 'cingular', '8125']",5
it seems completely secure both holding on to my belt and keeping the iphone inside,1,"['seems', 'completely', 'secure', 'holding', 'belt', 'keeping', 'iphone', 'inside']",8
the bottowm lineanother worthless cheap gimmick from sprint,0,"['bottowm', 'lineanother', 'worthless', 'cheap', 'gimmick', 'sprint']",6
having trouble with volume,0,"['trouble', 'volume']",2
the only good thing was that it fits comfortably on small ears,1,"['good', 'thing', 'fit', 'comfortably', 'small', 'ear']",6
warning  do not buy,0,"['warning', 'buy']",2
i am pairing this with my iphone and i could not be happier with it so far,1,"['pairing', 'iphone', 'could', 'happier', 'far']",5
when it opens the battery connection is broken and the device is turned off,0,"['open', 'battery', 'connection', 'broken', 'device', 'turned']",6
i didnt want the clip going over the top of my ear causing discomfort,0,"['didnt', 'want', 'clip', 'going', 'top', 'ear', 'causing', 'discomfort']",8
best headset ever,1,"['best', 'headset', 'ever']",3
dont trust their website and dont expect any helpful support,0,"['dont', 'trust', 'website', 'dont', 'expect', 'helpful', 'support']",7
it was that loudglad to say that the plantronics 510 maintains a flawless connection to my cell and with no static during normal use,1,"['loudglad', 'say', 'plantronics', '510', 'maintains', 'flawless', 'connection', 'cell', 'static', 'normal', 'use']",11
the speaker is of low quality so as making the ring tones sound very cheap,0,"['speaker', 'low', 'quality', 'making', 'ring', 'tone', 'sound', 'cheap']",8
fits comfortably came with three sizes of earbud tips,1,"['fit', 'comfortably', 'came', 'three', 'size', 'earbud', 'tip']",7
excellent product for the price,1,"['excellent', 'product', 'price']",3
bad reception,0,"['bad', 'reception']",2
this product is very high quality chinese crap,0,"['product', 'high', 'quality', 'chinese', 'crap']",5
it was quite comfortable in the ear,1,"['quite', 'comfortable', 'ear']",3
great phone,1,"['great', 'phone']",2
dont buy this product  it fails,0,"['dont', 'buy', 'product', 'fails']",4
everything about this product is wrongfirst,0,"['everything', 'product', 'wrongfirst']",3
the pairing of the two devices was so easy it barely took a couple minutes before i started making calls with the voice dialing feature,1,"['pairing', 'two', 'device', 'easy', 'barely', 'took', 'couple', 'minute', 'started', 'making', 'call', 'voice', 'dialing', 'feature']",14
this was utterly confusing at first which caused me to lose a couple of very very important contacts,0,"['utterly', 'confusing', 'first', 'caused', 'lose', 'couple', 'important', 'contact']",8
terrible phone holder,0,"['terrible', 'phone', 'holder']",3
the cutouts and buttons are placed perfectly,1,"['cutout', 'button', 'placed', 'perfectly']",4
i love being able to use one headset for both by landline and cell,1,"['love', 'able', 'use', 'one', 'headset', 'landline', 'cell']",7
problem is that the ear loops are made of weak material and break easily,0,"['problem', 'ear', 'loop', 'made', 'weak', 'material', 'break', 'easily']",8
not nearly as good looking as the amazon picture makes it look,0,"['nearly', 'good', 'looking', 'amazon', 'picture', 'make', 'look']",7
but despite these few flaws this case is of exceptional quality and well worth the additional costs of owning an official oem product,1,"['despite', 'flaw', 'case', 'exceptional', 'quality', 'well', 'worth', 'additional', 'cost', 'owning', 'official', 'oem', 'product']",13
how stupid is that,0,['stupid'],1
i can hear while im driving in the car and usually dont even have to put it on its loudest setting,1,"['hear', 'im', 'driving', 'car', 'usually', 'dont', 'even', 'put', 'loudest', 'setting']",10
seller shipped quickly and much cheaper than the competitors,1,"['seller', 'shipped', 'quickly', 'much', 'cheaper', 'competitor']",6
good show samsung,1,"['good', 'show', 'samsung']",3
so i bought about 10 of these and saved alot of money,1,"['bought', '10', 'saved', 'alot', 'money']",5
it always cuts out and makes a beep beep beep sound then says signal failed,0,"['always', 'cut', 'make', 'beep', 'beep', 'beep', 'sound', 'say', 'signal', 'failed']",10
couldnt figure it out,0,"['couldnt', 'figure']",2
my phone sounded ok  not great  ok but my wifes phone was almost totally unintelligible she couldnt understand a word being said on it,0,"['phone', 'sounded', 'ok', 'great', 'ok', 'wife', 'phone', 'almost', 'totally', 'unintelligible', 'couldnt', 'understand', 'word', 'said']",14
so i had to take the battery out of the phone put it all back together and then restart it,0,"['take', 'battery', 'phone', 'put', 'back', 'together', 'restart']",7
while i managed to bend the leaf spring back in place the metal now has enough stress that it will break on the next drop,0,"['managed', 'bend', 'leaf', 'spring', 'back', 'place', 'metal', 'enough', 'stress', 'break', 'next', 'drop']",12
leopard print is wonderfully wild,1,"['leopard', 'print', 'wonderfully', 'wild']",4
works for me,1,['work'],1
saggy floppy piece of junk,0,"['saggy', 'floppy', 'piece', 'junk']",4
much better than the hard plastic cases,1,"['much', 'better', 'hard', 'plastic', 'case']",5
it also had a new problem,0,"['also', 'new', 'problem']",3
happy so far,1,"['happy', 'far']",2
cool phone,1,"['cool', 'phone']",2
works good,1,"['work', 'good']",2
motorola finally got the voice quality of a bluetooth headset right,1,"['motorola', 'finally', 'got', 'voice', 'quality', 'bluetooth', 'headset', 'right']",8
it looses connection to the phone even when it is within a couple feet between the two,0,"['loos', 'connection', 'phone', 'even', 'within', 'couple', 'foot', 'two']",8
but it is great i would really recommend it,1,"['great', 'would', 'really', 'recommend']",4
makes it easier to keep up with my bluetooth when im not wearing it,0,"['make', 'easier', 'keep', 'bluetooth', 'im', 'wearing']",6
as i said abovepretty useless,0,"['said', 'abovepretty', 'useless']",3
never got it,0,"['never', 'got']",2
this pair of headphones is the worst that i have ever had soundwise,0,"['pair', 'headphone', 'worst', 'ever', 'soundwise']",5
 down the drain because of a weak snap,0,"['drain', 'weak', 'snap']",3
does not charge the cingular att 8525 phone,0,"['charge', 'cingular', 'att', '8525', 'phone']",5
you get extra minutes so that you can carry out the call and not get cut off,1,"['get', 'extra', 'minute', 'carry', 'call', 'get', 'cut']",7
however after about a year the fliptop started to get loose and wobbly and eventually my screen went black and i couldnt receive and place calls,0,"['however', 'year', 'fliptop', 'started', 'get', 'loose', 'wobbly', 'eventually', 'screen', 'went', 'black', 'couldnt', 'receive', 'place', 'call']",15
i kept catching the cable on the seat and i had to pull the phone out to turn it on an off,0,"['kept', 'catching', 'cable', 'seat', 'pull', 'phone', 'turn']",7
the headset fulfills my requirements so i am happy with my purchase,1,"['headset', 'fulfills', 'requirement', 'happy', 'purchase']",5
logitech bluetooth headset is a 10,1,"['logitech', 'bluetooth', 'headset', '10']",4
i like the fact that it rests lightly against your ear rather than inside,1,"['like', 'fact', 'rest', 'lightly', 'ear', 'rather', 'inside']",7
a lot of websites have been rating this a very good phone and so do i,1,"['lot', 'website', 'rating', 'good', 'phone']",5
i have tried these cables with my computer and my ipod and it works just fine,1,"['tried', 'cable', 'computer', 'ipod', 'work', 'fine']",6
the mic there is a joke and the volume is quite low,0,"['mic', 'joke', 'volume', 'quite', 'low']",5
im returning them,0,"['im', 'returning']",2
i does not maintain a connection with the computer while it is on my lap,0,"['maintain', 'connection', 'computer', 'lap']",4
it is easy to turn on and off when you are in the car and the volume controls are quite accessable,1,"['easy', 'turn', 'car', 'volume', 'control', 'quite', 'accessable']",7
i have had mine for about a year and this christmas i bought some for the rest of the family,1,"['mine', 'year', 'christmas', 'bought', 'rest', 'family']",6
otherwise easy to install and use clear sound,1,"['otherwise', 'easy', 'install', 'use', 'clear', 'sound']",6
nice leather,1,"['nice', 'leather']",2
i had to purchase a different case,0,"['purchase', 'different', 'case']",3
it is a joy to use,1,"['joy', 'use']",2
very much disappointed with this company,0,"['much', 'disappointed', 'company']",3
very satisifed with that,1,['satisifed'],1
it didnt charge for me,0,"['didnt', 'charge']",2
this is the phone to get for 2005 i just bought my s710a and all i can say is wow,1,"['phone', 'get', '2005', 'bought', 's710a', 'say', 'wow']",7
buttons are too small,0,"['button', 'small']",2
just reading on the specs alone makes you say wow,1,"['reading', 'spec', 'alone', 'make', 'say', 'wow']",6
love it great armband,1,"['love', 'great', 'armband']",3
i really like this product over the motorola because it is allot clearer on the ear piece and the mic,1,"['really', 'like', 'product', 'motorola', 'allot', 'clearer', 'ear', 'piece', 'mic']",9
however the keypads are so tinny that i sometimes reach the wrong buttons,0,"['however', 'keypad', 'tinny', 'sometimes', 'reach', 'wrong', 'button']",7
i exchanged the sony ericson z500a for this and im pretty happy with that decision,1,"['exchanged', 'sony', 'ericson', 'z500a', 'im', 'pretty', 'happy', 'decision']",8
i was very impressed with the price of the cases,1,"['impressed', 'price', 'case']",3
also makes it easier to hold on to,1,"['also', 'make', 'easier', 'hold']",4
i use this product in a motor control center where there is a lot of high voltage humming from the equipment and it works great,1,"['use', 'product', 'motor', 'control', 'center', 'lot', 'high', 'voltage', 'humming', 'equipment', 'work', 'great']",12
its pretty easy,1,"['pretty', 'easy']",2
i cannot make calls at certain places,0,"['make', 'call', 'certain', 'place']",4
however my girl was complain that some time the phone doesnt wake up like normal phone does,0,"['however', 'girl', 'complain', 'time', 'phone', 'doesnt', 'wake', 'like', 'normal', 'phone']",10
beautiful styling though,1,"['beautiful', 'styling', 'though']",3
this company charge me a restocking fee and still not given me my refund back,0,"['company', 'charge', 'restocking', 'fee', 'still', 'given', 'refund', 'back']",8
im trying to return it for a refund,0,"['im', 'trying', 'return', 'refund']",4
i plugged it in only to find out not a darn thing worked,0,"['plugged', 'find', 'darn', 'thing', 'worked']",5
excellent product,1,"['excellent', 'product']",2
earbud piece breaks easily,0,"['earbud', 'piece', 'break', 'easily']",4
lousy product,0,"['lousy', 'product']",2
this phone tries very hard to do everything but fails at its very ability to be a phone,0,"['phone', 'try', 'hard', 'everything', 'fails', 'ability', 'phone']",7
it is the best charger i have seen on the market yet,1,"['best', 'charger', 'seen', 'market', 'yet']",5
sweetest phone,1,"['sweetest', 'phone']",2
oh the charger seems to work fine,1,"['oh', 'charger', 'seems', 'work', 'fine']",5
it fits so securely that the ear hook does not even need to be used and the sound is better directed through your ear canal,1,"['fit', 'securely', 'ear', 'hook', 'even', 'need', 'used', 'sound', 'better', 'directed', 'ear', 'canal']",12
not enough volume,0,"['enough', 'volume']",2
echo problemvery unsatisfactory,0,"['echo', 'problemvery', 'unsatisfactory']",3
you could only take 2 videos at a time and the quality was very poor,0,"['could', 'take', '2', 'video', 'time', 'quality', 'poor']",7
dont waste your money,0,"['dont', 'waste', 'money']",3
i am going to have to be the first to negatively review this product,0,"['going', 'first', 'negatively', 'review', 'product']",5
adapter does not provide enough charging current,0,"['adapter', 'provide', 'enough', 'charging', 'current']",5
there was so much hype over this phone that i assumed it was the best my mistake,0,"['much', 'hype', 'phone', 'assumed', 'best', 'mistake']",6
you also cannot take pictures with it in the case because the lense is covered,0,"['also', 'take', 'picture', 'case', 'lense', 'covered']",6
phone falls out easily,0,"['phone', 'fall', 'easily']",3
it didnt work people can not hear me when i talk,0,"['didnt', 'work', 'people', 'hear', 'talk']",5
the text messaging feature is really tricky to use,0,"['text', 'messaging', 'feature', 'really', 'tricky', 'use']",6
im really disappointed all i have now is a charger that doesnt work,0,"['im', 'really', 'disappointed', 'charger', 'doesnt', 'work']",6
painful on the ear,0,"['painful', 'ear']",2
lasted one day and then blew up,0,"['lasted', 'one', 'day', 'blew']",4
disappointed,0,['disappointed'],1
kind of flops around,0,"['kind', 'flop', 'around']",3
the screen does get smudged easily because it touches your ear and face,0,"['screen', 'get', 'smudged', 'easily', 'touch', 'ear', 'face']",7
what a piece of junk i lose more calls on this phone,0,"['piece', 'junk', 'lose', 'call', 'phone']",5
item does not match picture,0,"['item', 'match', 'picture']",3
the only thing that disappoint me is the infra red port irda,0,"['thing', 'disappoint', 'infra', 'red', 'port', 'irda']",6
you can not answer calls with the unit never worked once,0,"['answer', 'call', 'unit', 'never', 'worked']",5
