Tenure,MonthlyCharge
0.2569994574155662,4.016108899624267
0.043744510672020676,5.650377355902222
0.595805866633522,3.724826641005853
0.6462217060472947,2.793530386782253
0.0631944682157269,3.491965753622949
0.2647705271166009,4.308421340462552
0.5006014577022301,4.660319123142711
0.16126983619615404,2.6769531950459853
0.31089808141374126,2.735584552335626
0.12941985216003296,3.7838637881361534
0.7286684468241055,4.074388913939672
0.39793136282546115,3.4922865895847726
0.4920815374464215,3.2006549441669656
0.6383551141923596,4.30757888116409
0.380466597561853,3.7252457747534677
0.5245499236272572,4.137094610819701
0.5968650064454518,4.540335043329579
0.08710966957551518,4.720037065693491
0.6470813204153015,3.5511731811156544
0.4843160183633696,3.4918807997441124
0.7735462729472963,4.307740545042073
0.09137038396541827,2.9690953555218664
0.25158324983618313,2.910143162270402
0.323114792552523,3.491965753622949
0.2182303494135437,3.784544583556633
0.15723847096778018,2.1530764381400656
0.39353161840431217,5.185027231068529
0.052659982802430845,3.259862371659671
0.05409577149726718,4.660639959104534
0.2052007467388869,6.000129843551594
0.41914328573980003,5.358640985267001
0.13562590411614842,3.434700714596801
0.17878507185156073,5.358640985267001
0.7903879816448871,4.074388913939672
0.13128220381218564,6.2333198107760115
0.207194689615433,3.7838771320431093
0.12529401444391292,5.356033124749556
0.27084304614557797,3.2603212110990127
0.3724249311497056,4.30741970908025
0.606693118197748,3.434340755138145
0.34717002467193425,4.016163346490692
0.11356454203390252,2.5030186048856895
0.1484113522498478,5.9416881653582045
0.7019052444727769,4.481893365136189
0.33274642911396796,5.650377355902222
0.39246153339758244,5.709584783394928
0.8417547327452073,4.30741970908025
0.35652517273914663,4.541264692135268
0.29348635649379046,2.4443539693359453
0.4375424686924846,2.1538421874393814
0.1264595659349851,4.307769095879642
0.277548656329656,4.370094898947867
0.20749520012899386,3.4922865895847726
0.05872465972281279,3.9576367144184657
0.45684221414979104,3.7260771257733665
0.5289614838364278,3.0265306749104193
0.36167675942433947,2.6769531950459853
0.2546333498919472,3.3188736227611164
0.5945414559162342,5.126755833237544
0.27356767640034624,2.9104639982322253
0.10857897358073366,3.8416637944058962
0.08868082594812228,4.540579169292255
0.30105772587587815,3.550352984949913
0.46330615627825256,2.154163023401205
0.3643839595102808,2.968931456015492
0.2993953106088275,4.307389202067839
0.16909833036980493,6.174688453486371
0.4080775531103751,4.834764228361081
0.46297658984828355,3.550512157033753
0.08334774512072927,4.660639959104534
0.9046803239550768,4.952282177181604
0.14110942159912238,5.941177650300131
0.30179614644399533,3.1427091097203386
0.3475569013989793,5.94158344014079
0.08995739229490404,5.006090958003932
0.20553282268596365,6.2914406530075775
0.04131200154356867,4.6614057084038505
0.7616675314296607,3.4917216276602723
0.9321904760029467,5.5917459986125815
0.36600236950458837,2.9690953555218664
0.37169042828890514,4.369008313686727
0.29620736781128765,3.9587565779397087
0.7356740836277272,4.481893365136189
0.5426142878482076,2.794650250303496
0.08537102010579027,4.541264692135268
0.08918206511687217,3.2592863014566062
0.17588020096511944,2.677718944345301
0.1407536929730041,4.835445023781561
0.1424501586083328,4.369008313686727
0.15699634840350435,3.1427091097203386
0.08278270394909572,4.482214201098012
0.5239779624118999,5.184516716010454
0.12379446648165512,3.7835429521743302
0.7469615206495925,3.7255666107152914
0.6952660506429392,4.307769095879642
0.17671343787126828,5.708903987974448
0.25702919917941464,2.9104639982322253
0.49075144572739565,4.366105513236316
0.7681657526934897,3.7842829218837686
0.2646881154083138,4.249268359836272
0.546971636421685,5.18528246530977
0.42110392407643144,4.249268359836272
0.09614709929820031,5.127076669199368
0.6514684707335504,3.957477542334626
0.8619758475825825,4.773145116742191
0.14460809613603776,4.773145116742191
0.40734636561378784,5.708498198133788
0.4949262654688399,4.016523305949348
0.5583856388641284,4.016137450461836
0.3582627679666192,4.540579169292255
0.19656218705362216,3.2006549441669656
0.2487564196900796,4.482214201098012
0.12005911353798106,3.7249115948846896
0.6762044918516562,2.618832352814419
0.4962570670503667,4.074473867818509
0.8829289070527874,3.783163058362526
0.2387024860024668,3.201689853809372
0.47587572145930424,6.407254400936307
0.2692748753933831,2.967844870754353
0.353414212241784,4.893650819891963
0.8463191130763625,3.4339349652974853
0.18151280333940312,5.6509534261052865
0.37995695372698524,2.677718944345301
0.3084726156567496,4.370094898947867
0.30227931652984846,3.492967385005252
0.2734703505452068,2.9100582083915656
0.17501389713578974,5.127076669199368
0.3801967155540723,4.016877420171275
0.157744699180284,2.794650250303496
0.1727829773849912,5.127076669199368
0.23012972690259634,3.2594765161721595
0.10325533377332712,3.7249115948846896
0.3242941297473308,4.307068366106015
0.3684780808194645,5.8833776440303875
0.3586344497029689,2.618832352814419
0.3194944318880654,4.191322525389644
0.24075565474590954,4.714459312586126
0.27424055567008593,4.598700011523821
0.5536744629765931,5.942009001320028
0.4431013633619297,4.074823254617901
0.15629587768222725,3.9587565779397087
0.10919967818356863,4.4815134713243845
0.12491727816131319,4.249109187752432
0.1950798700675545,3.2594765161721595
0.12244126822766739,3.2011765675036052
0.10336343932735263,5.064455926198175
0.12026825661658817,4.893650819891963
0.5998030872486869,2.444387247596049
0.4438906778945684,6.115622755518501
0.26496896863036173,3.551118734249229
0.2103541701034808,4.074768807751477
0.549520431957479,5.126075037817064
0.22335543311564024,3.783163058362526
0.12330741469216672,4.3073347552014125
0.7152617589866374,5.064722315293572
0.539154368097582,5.126075037817064
0.30194257761437654,4.3697740629860435
0.22577814591466538,4.074473867818509
0.7545939807909468,5.8833776440303875
0.5619074577171796,3.0279819470527487
0.09833179266678958,3.7838637881361534
0.45091556910396946,4.249268359836272
0.2258877088614099,3.258775786398532
0.41130255299960333,4.6614057084038505
0.6052287512782056,4.720037065693491
0.47768224323886677,3.7249115948846896
0.32125113769568636,3.491965753622949
0.3042327761408431,3.492232142718347
0.4566107815777496,3.201369017847549
0.38637178600192573,4.370094898947867
0.5863285309589185,3.84214380245156
0.524929338137493,3.725232430846513
0.737054418635498,4.016268071708106
0.3788599949219317,4.772824280780368
0.27761394927070554,3.434340755138145
0.47831271535305586,3.783597399040756
0.3347142317671998,2.793530386782253
0.1399891631931471,4.834764228361081
0.11255060125123381,4.541100792628895
0.20885073120975348,4.0747947037803325
0.591714717632465,5.5917459986125815
0.8701259457375712,5.5917459986125815
0.6523489475709243,3.2598956499197747
0.4920657926432042,5.5917459986125815
0.19303124996569074,4.890277210075203
0.13317958141136296,3.4339349652974853
0.3056293017999412,2.5033394408475127
0.07092689276773295,3.551439570211052
0.21131303622103306,1.8625313779833983
0.26502397461618665,3.3181078734618
0.05326336006628123,2.7348990294926123
0.4405851186335173,5.126395873778888
0.11211666983039219,3.550352984949913
0.38788511528091585,4.074473867818509
0.1472069140598379,4.714459312586126
0.12204176642396686,4.893395585650722
0.6004466749896913,3.259807924793246
0.22215118666792547,3.2594765161721595
0.14206172562972075,3.2006549441669656
0.10987488850258752,2.386408134889318
0.055775831555930674,5.8833776440303875
0.7019832423641955,4.541100792628895
0.4686107980170152,5.6498668408441475
0.5359678709688733,2.9682307262418646
0.14599002733223232,3.0268620835315057
0.6703769972382974,5.5917459986125815
0.11508558498818713,4.0747947037803325
0.22037553963360734,3.9576367144184657
0.17581891732898786,3.784544583556633
0.45241907603406545,2.793530386782253
0.17116362917710223,3.2006549441669656
0.30400074897859175,4.831455638070008
0.05357411684183018,3.492566322587126
0.7501414853036189,5.243913822599411
0.5994318813509086,5.417621729356035
0.6031884680330051,2.7356647787919286
0.45176702742791935,3.201369017847549
0.6063747613173409,5.126395873778888
0.8052959057601041,2.9100582083915656
0.18743017656741348,4.657331368813462
0.10360561045121565,3.724826641005853
0.18807559641172078,5.708903987974448
0.3889418967004344,5.942009001320028
0.09763699365991128,3.1427091097203386
0.2626807570003369,3.724826641005853
0.3781678551953738,3.2600003751371895
0.22826551368614514,4.190582555680206
0.3405586858541971,2.968584840463792
0.19179738534659702,5.417621729356035
0.4546245723071074,4.541264692135268
0.1909595825534083,6.232809295717938
0.6872645209987281,3.492232142718347
0.579386104064024,5.125990083938228
0.6077835282659523,3.667445768483726
0.29776298076681584,2.968610620053669
0.8936123168914054,3.259862371659671
0.9781298873141627,5.9414984862619535
0.35569613237975073,4.540335043329579
0.48578119763488425,4.1910016894278215
0.627540103712419,4.074823254617901
0.7697889794282184,4.369008313686727
0.4541780086618205,3.957477542334626
0.10821615351521474,2.678144505524539
0.5371618619645847,3.550512157033753
0.18839629224557664,4.834764228361081
0.874432169461574,3.4350215505586243
0.23853112916573546,4.660319123142711
0.4816712597798533,3.2020212624304585
0.4540044996596475,3.143389905140818
0.08485664560652961,3.4336007854287063
0.05988239334726444,4.599210526581896
0.5383487728665934,3.784963717304248
0.5779151770619344,4.893971655853787
0.15641284460453161,3.7252457747534677
0.3683838246563588,4.428726256237508
0.045901096738006346,4.719271316394175
0.44862872077300875,3.1427091097203386
0.09139663064919816,3.3185270072094153
0.2546456941625788,2.6780397803071243
0.247677924495659,5.417300893394211
0.3998212856959899,5.650272630684808
0.1278189904432678,4.714459312586126
0.3388221568954166,2.9108239576908814
0.3871454438496011,4.074823254617901
0.5659623999487898,5.243148073300095
0.8998363773065715,6.407254400936307
0.4332828965874498,6.698565210392291
0.41755050783281517,4.137094610819701
0.28082506308459054,5.125990083938228
0.09120855142609628,4.599732149918536
0.07599886313551543,4.54052472242583
0.34294714833592754,4.07846325353006
0.0728692522395128,3.4344454803555595
0.4452768241688226,3.143389905140818
0.0977707314147164,3.667445768483726
0.35994994763983323,5.9416881653582045
0.36051045200723264,3.2006549441669656
0.8737698658572522,5.476338040524512
0.19306117999248693,3.434019919176322
0.2601168693415088,5.417621729356035
0.8009456440877483,3.2006549441669656
0.05999346773006916,3.0262098389485956
0.14288675184336747,5.650377355902222
0.4380486600314701,4.369008313686727
0.4395546217924097,5.417953137977121
0.7858836053064121,3.725592390305169
0.14901808269690453,3.724826641005853
0.4304179195197331,3.2017748076882087
0.05571888659032828,5.708583152012625
0.48242277422886476,2.7348990294926123
0.2365169493837878,4.890277210075203
0.7168100504120106,3.9583222372614792
0.3645774239310896,4.598645564657396
0.19670907356468062,3.2024556031086884
0.46975763515753005,4.831645852785562
0.30763627381126535,3.7260771257733665
0.5622794684031316,3.4344454803555595
0.20984443591903842,2.968931456015492
0.6941834414984466,3.259862371659671
0.28847556107035327,5.126395873778888
0.16790444201484084,5.005770122042109
0.42240161550766836,3.2602422654714758
0.5347990704481018,6.2914406530075775
0.12148975503003426,4.714459312586126
0.6372229379627192,4.016543240302496
0.14502553185755357,3.2013357395874453
0.23441082928477855,2.4443539693359453
0.15947259527314206,4.074664082534062
0.16470416500652157,3.2602422654714758
0.15242001118166404,3.376472841656043
0.3750115945785816,2.6780397803071243
0.3714478749284786,4.016789695044746
0.34732605581553005,2.9104639982322253
0.3363202594827876,4.075174597592137
0.2897398863923547,2.1538421874393814
0.4718593024104699,3.2594765161721595
0.09311598539809719,4.482214201098012
0.5332259962365344,5.126075037817064
0.27504427712124124,5.417272342556641
0.1512393016490528,4.894076381071201
0.11784190823993503,2.6774637101040595
0.5173380197659984,3.4926512764659625
0.5549109156250243,4.307899717125913
0.22515715729119207,3.08516203220006
0.4442352788870639,4.427639670976368
0.22517520126227733,2.1538421874393814
0.8644582397738699,5.125990083938228
0.05324409518464093,2.5033394408475127
0.7973249656302913,3.958158337755105
0.41992562531553695,5.185708026489008
0.36813252606978136,4.660639959104534
0.46205538838454413,6.115622755518501
0.09166272860198386,3.5512779063330693
0.5166306998359715,4.718950480432351
0.32908503363176306,2.9686895656812062
0.18319747285258656,3.725651564594128
0.2452574930895751,2.9100582083915656
0.043156478767182226,5.883056808068564
0.2909087719302227,2.444708083557872
0.5192596599133003,4.773090669875766
0.21519057360253147,5.708903987974448
0.2529692258493303,2.2127943806908457
0.35837213765830883,3.957477542334626
0.18505671079139738,4.831645852785562
0.10048185454045248,2.677718944345301
0.31698048436093335,5.417621729356035
0.5496292648085613,5.242827237338271
0.5154095744690735,4.9519507685605175
0.04846753982619981,3.5512779063330693
0.12728181075078251,3.1427091097203386
0.2041404012196374,4.660639959104534
0.3404175310762795,4.598645564657396
0.4150665280001964,4.481893365136189
0.2959655925388257,3.783597399040756
0.5343696206535833,5.18528246530977
0.5547722791382208,2.6769531950459853
0.2037749757280442,4.248788351790608
0.10630260190506712,2.212473544729022
0.09398886485358035,4.016137450461836
0.0775693816908035,4.137094610819701
0.23073672034293125,4.835445023781561
0.18721910490925203,5.126075037817064
0.3844907369799436,3.2013357395874453
0.46500670243166325,3.725232430846513
0.9411941945937221,4.2492139129698465
0.36534515531562844,3.0268953617916092
0.2898306172580162,2.6195131482348986
0.1987181075053289,2.968931456015492
0.5140120669910951,3.783597399040756
0.4670374072604754,3.608717953144156
0.6948549377654267,4.540579169292255
0.32138739287176876,4.4826333348456275
0.8447186068581328,3.783163058362526
0.05829969650890558,2.502985326625586
0.48349813385056545,3.3181078734618
0.0955943817102091,3.842909551750876
0.26721033205829237,2.9111447936527046
0.16105415186885824,3.2600003751371895
0.1816056520308606,2.618832352814419
0.19684231188186252,4.951516427882288
1.2129690694535642,4.249109187752432
0.42238043573694917,3.724826641005853
0.6353598257327957,5.708903987974448
0.6664098468827552,3.4926512764659625
0.6500441219815821,4.307474155946675
0.6626410333201818,2.1530764381400656
0.3937096168991589,3.4918807997441124
0.12519149986073586,3.8996908799718386
0.11321591774346156,4.599732149918536
0.6149510243091052,3.551118734249229
0.11516128098877026,3.7838637881361534
0.5808097845543838,6.115622755518501
0.22467896172659943,4.428726256237508
0.22647923732125763,4.366786308656795
0.2699816515997457,4.9519507685605175
0.3385478313072199,2.444387247596049
0.15967024879036215,5.417621729356035
0.3705288301684601,3.318493728949312
0.4123773445800273,6.465564922264124
0.0629910039236703,2.618832352814419
0.3256676160001798,5.126075037817064
0.04860041995969786,3.259155680210336
0.052178718226546225,4.307740545042073
0.11664801708636546,4.893650819891963
0.09218552217639879,3.3177870374999765
0.12435354616976459,3.7260771257733665
1.2218454912044345,2.968774519560043
0.5092574817068725,3.783163058362526
0.727806024774049,4.016163346490692
0.3286792459332154,5.942009001320028
0.14290193529926984,4.307769095879642
0.3887108245433974,4.075508777460915
0.157209316608533,2.618832352814419
0.42814273796996116,4.540144828614026
0.19871772299962578,4.015842510528868
0.1987426021107953,4.6614057084038505
0.2426894961702301,2.968264004501968
0.703916875292407,3.4344454803555595
0.18624430980998594,4.832156367843636
0.2392407631264945,3.957477542334626
0.6513266374072582,3.550407431816338
0.1224843442499304,3.783353273078079
0.24347409819159266,4.660639959104534
0.5757276047224936,4.249109187752432
0.2830534193127591,2.9104639982322253
0.2730059614469769,5.358640985267001
0.44243517423425455,3.434340755138145
0.37946215044320913,3.3181078734618
0.6982000946468484,3.550917946874413
0.624822197901542,2.4454738328571883
0.5231467043467471,2.6772998105976855
0.19006651966857988,4.307740545042073
0.10002319963359801,3.1427091097203386
0.09541588513922293,4.249789983172912
0.13270587110371684,4.482214201098012
0.435164704258434,3.4922865895847726
0.414617079900304,2.2127943806908457
0.2082029213563567,5.709584783394928
0.53588065885797,3.9576367144184657
0.3886968262212825,4.832156367843636
0.1272606694797984,5.708903987974448
0.35201051076911166,2.9686895656812062
0.04430711701905793,4.249268359836272
0.2746634523029329,6.232809295717938
0.6455320199791916,2.4450394921789584
0.4107145830044566,3.8419846303677194
0.6232817236620474,5.5917459986125815
0.41035183116440127,2.9100582083915656
0.18364020819465648,2.967844870754353
0.06487202129115521,3.9587565779397087
0.8210871030490463,3.9587565779397087
0.13125782720197773,4.191322525389644
0.07240016061422092,3.1427091097203386
0.3465251112995829,4.4815134713243845
0.2820227927146862,4.015757556650032
0.1887774832651954,4.9526030131434275
0.400515348934357,4.07846325353006
0.5552645561132562,3.725232430846513
0.2057503750067868,2.6195131482348986
0.4509162090013331,4.1910016894278215
0.3578410383900811,5.883056808068564
0.5256843655927756,2.212473544729022
0.529306714136969,5.5917459986125815
0.5083087113317156,2.4454738328571883
0.12022822854043798,4.248947523874449
0.5514261397193578,3.4918807997441124
0.6523428693023494,3.375814123065919
0.10439811660432206,4.369008313686727
0.7579457041841445,3.0265306749104193
0.30261522944069164,3.0268620835315057
0.041306649021471846,4.4815134713243845
0.5554097931489295,4.015842510528868
0.15640101973995157,2.735985614753752
0.34364731499249995,3.725232430846513
0.3590378410766553,3.900349598561962
0.20319229891699409,3.0265306749104193
0.5227299155947467,3.259862371659671
0.09827226386975797,2.9104639982322253
0.4893833947067814,5.94158344014079
0.18749572225279412,5.358640985267001
1.089135570026925,4.249109187752432
0.2714046506296684,5.942009001320028
0.21594364093721957,4.016163346490692
0.14962613132496658,3.201689853809372
0.03906958474322252,3.8996908799718386
0.08343446694620574,2.9690953555218664
0.14447846881413828,6.698565210392291
0.09987912814147375,3.8996908799718386
0.21264337716722362,3.8422287563303965
0.06181115008359749,5.650377355902222
0.07609467460471322,3.027562813305133
0.38080472961557466,5.9998090075897705
0.2622874164022631,3.0268953617916092
0.5887439029779213,5.417272342556641
0.48221912122003247,4.249268359836272
0.32425192946167253,5.126395873778888
0.524242605732753,5.8833776440303875
0.40766214664257333,3.3174071436881727
0.6384216347757449,2.211707795429706
0.6399591591337759,4.892885070592647
0.45067502102001533,2.1530764381400656
0.1065825396805675,4.540419997208415
0.19289829048794507,3.0268953617916092
0.18179144309142153,5.650272630684808
0.21399224718872434,4.599051354498056
0.10020237373184601,5.6498668408441475
0.709853456900482,3.258775786398532
0.49336479336798306,2.618832352814419
0.058021601728578114,4.249789983172912
0.3418575877957658,3.492912938138826
0.3839877901323782,2.5033394408475127
0.3325090897446664,2.1530764381400656
0.05833794800003479,5.243148073300095
0.5165229939908843,5.417300893394211
0.19535040626827826,4.835445023781561
0.49840136689787523,4.07846325353006
0.05889196614538054,5.650272630684808
0.273282936293461,4.30741970908025
0.7910677806936177,4.248703397911772
0.2733755866999375,2.735985614753752
0.7729652404682482,3.2602422654714758
0.11027365502942374,3.4917216276602723
0.3671910963233709,3.667124932521902
0.07335180001383412,3.551632020554996
0.0568088227109107,3.2602422654714758
0.07209693632317044,3.259155680210336
0.5902052258467071,2.7348990294926123
0.07882977361060606,5.475827525466436
0.06738948250530044,3.4926512764659625
0.07755701314037831,3.492967385005252
0.09256763238664542,3.4926465490434286
0.4092007185867138,4.016137450461836
0.32714332135641255,3.2006549441669656
0.33577731481426654,4.599210526581896
0.08921754341687359,4.773090669875766
0.2576138922722641,3.7838637881361534
0.19693028423016562,3.725212496493365
0.35739687708287543,3.9583222372614792
0.402063537492069,3.0264762280439936
0.13481854126324022,2.7942961360815692
0.06867309774511558,4.190582555680206
0.3378012774242605,3.8996908799718386
0.2779552570609178,5.5917459986125815
0.5564780980156528,4.540579169292255
0.2674994502052786,5.708932538812018
0.06042586835152611,3.2600003751371895
0.304598670852684,4.5989664006192195
0.5658232135738264,4.428726256237508
0.8611333077335911,4.598645564657396
0.09530292275664347,3.492566322587126
0.22370871156265099,4.773525010553995
0.294751153948102,3.551439570211052
0.7733402074648927,5.242827237338271
0.39337844278379214,4.718950480432351
0.43120937649833224,2.968264004501968
0.28757915801205214,3.7838637881361534
0.48612448252641904,2.4443539693359453
0.05336151151004058,3.957477542334626
0.3356405462453525,3.7245317010728853
0.22741548140296897,5.06440147933175
0.35195237719037437,5.708932538812018
0.18539267392586334,4.133295439823702
0.07165854536229763,3.7834579982954937
0.19681424323026991,3.4339349652974853
0.05200161433998182,3.1427091097203386
0.05247670920096622,2.967844870754353
0.10156961875407879,4.307740545042073
0.20843702659664226,3.2013357395874453
0.6271314710044755,4.248703397911772
0.5361297771039559,4.016844141911171
0.4090226550431989,3.7842829218837686
0.7570955543973567,3.2006549441669656
0.2630881381643408,5.125990083938228
0.31293744769963455,3.7259132262669925
0.2566670623896445,3.725212496493365
0.1363710846401915,6.407254400936307
0.38546751005036906,4.540144828614026
0.1512167193231547,2.9104639982322253
0.1877474341631475,2.1530764381400656
0.22254802325372358,5.356033124749556
0.041020602079279225,3.4344454803555595
0.27272263282055303,4.190582555680206
0.08094731633138451,4.075508777460915
0.2999590613964157,4.773145116742191
0.5328467904871407,4.893395585650722
0.34916932328519157,4.307474155946675
0.2628984111677085,4.660319123142711
0.11864457805834852,2.6772998105976855
0.4485328496254398,3.143389905140818
0.11775843166225854,2.1538421874393814
0.18853431610251048,3.201689853809372
0.4316047593220347,3.201689853809372
0.581652485512286,4.835445023781561
0.1427867051007677,2.6774637101040595
0.2005421799450304,4.834764228361081
0.10755460598820372,3.1427091097203386
0.518207464424888,5.5917459986125815
0.1803538381772594,3.492232142718347
0.551140853279298,3.1427091097203386
0.6535207475160404,4.773145116742191
0.6097088213498001,3.4926512764659625
0.09216828526262677,3.258775786398532
0.22021498424168315,4.60234001043598
0.6119869304678296,3.550917946874413
0.5468768779088938,3.2592863014566062
0.056884485506417864,5.356033124749556
0.2926189091315657,3.317841484366402
0.15543425557951335,3.724826641005853
0.0970509523955949,5.5917459986125815
0.16792874646640985,4.015757556650032
0.4683818459927328,3.958158337755105
0.24190309676340038,3.4922865895847726
0.37940502334133586,3.1427091097203386
0.09909967332289436,3.725232430846513
0.14352633459081904,5.417621729356035
0.11909470141636318,3.4922865895847726
0.1317613885703624,4.307389202067839
0.21822701729551655,4.249789983172912
0.11273873901813705,3.7249115948846896
0.346040569821401,3.4336007854287063
0.43073547463748596,5.650377355902222
0.054654057667262924,3.7842781944612347
0.23235445693224724,4.016163346490692
0.22622474215992433,3.2603212110990127
0.07877678265855374,3.376472841656043
0.2688983801312265,3.4936529078482654
0.11501277756447979,6.407254400936307
0.5814270056497621,3.027562813305133
0.14769645010334662,4.599051354498056
0.14515093010836597,3.4928082129214113
0.19446236461116687,4.307740545042073
0.7253008473957843,4.834764228361081
0.4678132661735506,3.2602422654714758
0.5402119123261918,5.126395873778888
0.14257718950507833,5.650377355902222
0.3451724277242726,3.6094186829177834
0.10151189120005168,3.2600003751371895
0.9225689928578618,5.708903987974448
0.1768595512108313,4.369008313686727
0.15375522226869415,3.725232430846513
0.754629949300737,4.4815134713243845
0.16039108443433256,4.015757556650032
0.5303396347973458,4.773090669875766
0.039412714123057566,5.185027231068529
0.16955205874770113,3.7249115948846896
0.10468439560385652,3.725232430846513
0.2404366176530921,3.551632020554996
0.2930355595038703,4.370094898947867
0.2611963102376714,4.307740545042073
0.4463363845279559,2.968774519560043
0.7849329727240338,5.126075037817064
0.3998456244872047,3.7838637881361534
0.19893304770611597,5.708932538812018
1.0736190275026956,3.7834579982954937
0.09270041437985632,3.4928082129214113
0.27396027846912224,3.4344454803555595
0.07096384245348085,4.307389202067839
0.27606875749000864,4.016543240302496
0.42526815487799097,4.660639959104534
0.2547242454215048,2.1530764381400656
0.22657424490993758,5.006090958003932
0.630659806448232,2.9682307262418646
0.38888583533778737,2.7946169720433924
0.7267635415812607,4.892885070592647
0.42922834351327893,3.3185270072094153
0.06981996105637364,1.8625313779833983
0.562092498864926,3.2013357395874453
0.08382896000245695,3.1427091097203386
0.6254158793210304,2.4443539693359453
0.13998281648535904,2.386408134889318
0.19898471435048604,3.7838637881361534
0.2752861277291375,3.7259132262669925
0.5220245652778818,2.1530764381400656
0.6021613646901506,5.942009001320028
0.13334441764857585,3.725651564594128
0.37274088599458344,3.9576367144184657
0.3690794242913216,2.969455314980522
0.20824938161121942,2.2127943806908457
0.26472784562207413,3.143389905140818
0.7377857279092432,2.618832352814419
0.2768369274614108,2.1530764381400656
0.3360767324723831,2.967844870754353
0.6733214108319312,3.0265306749104193
0.29677654891464156,2.6195131482348986
0.40859717699933834,4.9519507685605175
0.2949322936885176,5.127076669199368
0.36254225566689,3.4917216276602723
0.35658647570078367,5.417706683234871
0.3032737590876893,4.482214201098012
0.21896773219067053,4.540335043329579
0.8709192259698288,2.6772998105976855
0.10298774605476428,4.4826333348456275
0.715594753330143,3.550917946874413
0.45007953790369465,3.608717953144156
1.0944015649148044,2.9104639982322253
0.05938375869693299,3.5500865958545154
0.4106988298810608,5.417706683234871
0.05061852716844343,4.2492139129698465
0.11328673804381319,5.6498668408441475
0.3993917595071053,4.714459312586126
0.3721922969169766,2.736018893013855
0.6302313081795806,4.307769095879642
0.48564162361524127,5.5917459986125815
0.2178096316463476,4.307474155946675
0.30176323964643137,2.9682307262418646
0.7293108523433847,4.307899717125913
0.5135733436012727,6.465564922264124
0.13314840748006393,4.016163346490692
0.39706793327742784,4.540335043329579
0.0652301687066167,4.0747947037803325
0.2105394079099913,3.4917216276602723
0.44815051662350464,2.618832352814419
0.15037987512798467,3.492232142718347
0.21782118466800507,6.465564922264124
0.13665943933516353,2.6195131482348986
0.19503174887815178,2.7348990294926123
0.633817124332796,6.407254400936307
0.5238641109804301,3.4339349652974853
0.3582385447880664,4.772824280780368
0.2509786483715253,2.968610620053669
0.10984333014122337,3.0265306749104193
0.18154428458784028,5.6498668408441475
0.39145070167651946,2.967844870754353
0.5565412912840232,2.444387247596049
0.36904029176892855,4.248703397911772
0.371382955941633,3.724826641005853
0.31989472346579934,3.667445768483726
0.3217876968163134,3.0262098389485956
0.4426137736729021,3.258775786398532
1.1280816202014972,5.185027231068529
0.2649003944756497,3.7838637881361534
0.2813570426277023,2.9111447936527046
0.7962236795760446,4.772824280780368
0.22880720692418374,3.2594765161721595
0.2874098641635768,4.2492139129698465
0.20700470749187308,2.4450394921789584
0.18165621224276784,5.126075037817064
0.2288589238299957,3.6094186829177834
0.24595632632408787,3.3174071436881727
0.06241130490450078,3.4336007854287063
0.086325692588652,2.9104639982322253
0.5939071829932362,5.126075037817064
0.4374328560137641,2.7348990294926123
0.05002211839444705,2.2127943806908457
0.4582889562839678,3.7838637881361534
0.3607917941532237,3.724826641005853
0.1627633063814838,2.444708083557872
0.28770705814053565,2.735931167887326
0.14132064400379044,4.016789695044746
0.8471210432687276,3.957477542334626
0.7592319561263412,3.434340755138145
0.29036092134409464,4.07846325353006
0.5326020724810048,4.541264692135268
0.4215578420031212,2.9682307262418646
0.2399000455227314,5.708903987974448
0.8012925376676069,5.126395873778888
0.754269082359299,3.4336007854287063
0.12090516593941585,6.406933564974484
0.12284251613428046,3.7831916092000957
0.23629875969947353,2.910143162270402
0.1245544199364302,4.4826333348456275
0.06634908915225327,2.444708083557872
0.4344546171126804,3.2017748076882087
0.2160087159652308,2.9104639982322253
0.2875513149885725,4.015842510528868
0.07881926514953869,2.6774637101040595
0.24912131976240134,4.714459312586126
0.17409397278162916,3.725651564594128
0.24737655662552402,4.365699723395656
0.16383696603944362,3.667124932521902
0.08619928593220695,4.9519507685605175
0.34201892789397836,4.016458286423659
0.3194252695723723,2.4450394921789584
0.1509316600239675,3.1427091097203386
0.34304422923744854,4.366105513236316
0.6419885368941193,3.492912938138826
0.9748267598143696,4.249633046717462
0.12061155330764878,4.892885070592647
0.24548719982968434,3.027296424209735
0.3369041469932646,4.54052472242583
0.5813187287378788,3.2598956499197747
0.3674139817651474,6.115622755518501
0.36238177152594886,5.941177650300131
0.22088397670222354,4.482214201098012
0.11226032841474953,2.6769531950459853
0.3514930503534691,3.0272161977534324
0.4902129282258476,3.0272161977534324
0.10709598920289433,2.6774637101040595
0.35258398621913467,3.7255666107152914
0.44438341474856013,3.8416637944058962
0.24619981286816975,3.7252457747534677
0.1167519892135375,3.7260771257733665
0.20085209464287843,3.492232142718347
0.1591509288526467,5.184516716010454
0.18657317897117875,4.773145116742191
0.23765862695470874,4.015842510528868
0.08242833060441503,5.125990083938228
0.35132020798668784,3.4926465490434286
0.4747942881073079,6.2914406530075775
1.091822878003225,3.5500865958545154
0.3049552374342329,5.417300893394211
0.17442495364194102,5.184621441227868
0.5523563840825431,6.115622755518501
0.4520335889281038,4.191322525389644
0.19076189125501408,3.8427503796670353
0.5125300522166014,5.650272630684808
0.2930324774828446,4.2492139129698465
0.3161913540067911,2.1530764381400656
0.3465144560630032,4.1910016894278215
0.2202321582246506,5.941177650300131
0.3137051607419618,4.249109187752432
1.1007745436664347,2.9682307262418646
0.2188570179959563,4.834764228361081
0.7451348451285942,2.735584552335626
0.16849824082448375,2.212473544729022
0.35733687312801415,5.06440147933175
0.188585474383975,5.708932538812018
0.45415242411297224,4.133295439823702
0.388170537869351,4.015842510528868
0.05768694032385545,5.417953137977121
0.445840622910894,3.4336007854287063
0.9148914078502919,5.649951794722984
0.543734139246179,4.016844141911171
0.04267251036020321,4.9519507685605175
0.2152438444529519,3.6090387891059788
0.24553024007517985,3.6090387891059788
0.14489294020733506,4.831776474031832
0.41915039155041806,2.9690953555218664
0.28310490514452313,2.967844870754353
0.3273058326710232,4.540579169292255
0.19586472135390073,2.6780397803071243
0.054475108781118976,4.835445023781561
0.28525919015169116,4.30757888116409
0.1742448204540274,4.248788351790608
0.23782174412958915,3.9576367144184657
0.05797550105670203,5.126395873778888
0.5955596876796817,3.3174071436881727
0.9060269331193495,3.027296424209735
0.34316270880602084,3.259807924793246
0.16300561732216445,3.667445768483726
0.7475035466191325,4.660319123142711
0.6700153334506742,3.492232142718347
0.6572334921521681,4.249109187752432
0.19402435354208,4.9519507685605175
0.2491633238053043,3.4926512764659625
0.15967641778670155,3.0268620835315057
0.408926596691614,3.5505971109125896
0.04079970126480487,3.3181078734618
0.27085468002424273,3.08516203220006
0.16312758501211058,3.4928082129214113
0.4305656280266071,5.5917459986125815
0.983880973568384,5.358640985267001
0.18094809818952345,3.027296424209735
0.19328221385417904,3.725592390305169
0.33290273845407714,2.735584552335626
0.17652784271309174,5.767563896101659
0.2819462263856143,4.308100504500729
0.1692646642391455,3.7835124451619184
0.6537204370943933,6.465885758225948
0.08638641098211233,4.016108899624267
0.1901752451893597,3.492232142718347
0.41971827776926635,4.016137450461836
0.07602954371804915,3.9587565779397087
0.19817647912686345,4.015757556650032
0.12914177424697643,4.540845558387653
0.0719140488536256,5.475932250683852
0.20956959376121456,5.649951794722984
0.21284733136651718,2.736671137596765
0.33247412366510787,2.9682307262418646
0.1178604633347124,4.190582555680206
0.07890672255443139,3.258775786398532
0.4858076747119702,2.1538421874393814
0.10226330977791555,2.7356647787919286
0.06264106133876701,4.366020559357479
0.5633973868723643,5.243148073300095
0.33037757048551314,3.725232430846513
0.043938256882147204,5.9416881653582045
0.5207188350414665,4.308100504500729
0.7058931831724594,3.4928082129214113
0.4920338590417903,4.2492139129698465
0.21949772404314166,3.0262098389485956
0.20028663515536194,3.5507873256281424
0.09314862088220449,4.832156367843636
0.5313514180442758,3.6094186829177834
0.18340990383881786,3.201340467009979
0.36289050403653933,4.831776474031832
0.5736905633213836,3.2006549441669656
0.34776135045979784,5.883056808068564
0.49320294169225054,4.541100792628895
0.06798811462008357,3.5515987422948925
0.24476086295933616,3.2006549441669656
0.3753000652644055,6.2333198107760115
0.20279956879310734,3.667124932521902
0.12545879625959466,3.6090387891059788
0.4081375030218951,2.7348990294926123
0.13256447825523754,4.249469147211088
0.44396233770092935,3.318172892987489
0.4920107361312045,3.783163058362526
0.1780909962842019,3.375814123065919
0.06094705783334769,3.027296424209735
0.43718279569665947,3.0265306749104193
0.1989737580369021,4.952282177181604
0.5977890916074168,2.4443539693359453
0.49839759104960174,3.4344454803555595
0.4380639082713077,3.143389905140818
0.45598870036356487,2.968931456015492
0.11743324985289533,5.126395873778888
0.34558275234051133,4.307474155946675
0.2714155991147208,2.910143162270402
0.26441689029681126,4.249268359836272
0.3644911884200457,3.7842829218837686
0.08956608927072282,4.016458286423659
0.36499359222468886,4.9526030131434275
0.3301751604357089,5.9998090075897705
0.15783053494457056,5.184516716010454
0.5834338954804142,3.550917946874413
0.48832409416413086,2.618832352814419
0.13914573739642275,3.318172892987489
0.3911724151538969,3.783597399040756
0.20618520273776544,3.725212496493365
0.4847945360323267,4.540144828614026
0.31302984974878323,3.4918807997441124
0.5414153512627655,4.249109187752432
0.19889135646410513,4.772824280780368
0.5464126085455961,2.7946169720433924
0.16054297273414558,3.84214380245156
0.15262879460164652,4.017224035722975
0.24333802518960015,6.465885758225948
0.2051706320419473,6.407254400936307
0.10322512346997288,3.551632020554996
0.19420013822652626,4.30757888116409
0.26393912813787984,5.297401767459915
0.18215869743388421,4.307474155946675
0.14604592486300116,3.0268953617916092
0.43816214688784616,6.406933564974484
0.06583688024417686,4.540144828614026
0.3972496607249966,3.2602422654714758
0.18556189769574447,2.678144505524539
0.6013467882046749,4.4815134713243845
0.04829071761549619,3.2594765161721595
0.22370785912254598,4.248703397911772
0.10008149254375334,3.725212496493365
0.5216914608811061,3.258775786398532
0.05864135994892916,4.137094610819701
0.37946225406725037,4.892885070592647
0.5534033299165199,4.015842510528868
0.27911518524590245,2.7356647787919286
0.03961093413097567,3.375814123065919
0.08970330743182715,4.893395585650722
0.18553955260839022,4.482214201098012
0.08520913427950695,3.493332071886442
0.06049520240326696,3.957477542334626
1.0385500088049509,5.185027231068529
0.05511496076198262,4.660319123142711
0.655873597175611,5.94158344014079
0.3690942954379788,4.427639670976368
0.6303724808080629,2.735985614753752
0.6301451773136907,5.126395873778888
0.5440206699311126,3.3177870374999765
0.054602128975089474,3.317841484366402
0.35359235021307744,6.407254400936307
0.18701545791363963,3.7838637881361534
0.30313439851844354,2.677718944345301
0.043638629971541644,4.772824280780368
0.6844880191962851,3.434019919176322
0.09928677904729424,3.2602422654714758
0.42394503433396763,4.427639670976368
0.21052020524059467,5.184621441227868
0.09002814784913944,3.259807924793246
0.33959035723547026,4.660639959104534
0.33435350566369215,4.015842510528868
0.3077432459300669,4.190582555680206
0.08542753363231911,5.475932250683852
0.0760468608080866,4.015757556650032
0.060182627101433656,5.5917459986125815
0.2994531621713331,3.550917946874413
0.05731288635334306,4.893650819891963
0.1458792395039385,3.6090387891059788
0.2981161638721449,2.967844870754353
0.14940726036931018,3.783032437116255
0.5305436440610933,5.358640985267001
0.25421260413869623,6.115622755518501
0.06794895316616081,3.4929721124277857
0.4732676242295323,4.369008313686727
0.35872331329366397,2.444708083557872
0.719524175079955,5.184706395106705
0.09477822382353598,5.942009001320028
0.2858808063813554,3.0265306749104193
0.06402688002490278,5.356033124749556
0.22952817417825022,3.491965753622949
0.11646237238530793,5.126395873778888
0.23602015515693775,3.4922865895847726
0.4449372818448474,4.428726256237508
0.1841299526208173,4.1910016894278215
0.18953653277039684,5.242827237338271
0.5778097059411509,5.358640985267001
0.15356304736209392,4.894076381071201
0.3637667891679912,3.5515987422948925
0.18730854281917664,3.491965753622949
0.06880098709518603,6.174688453486371
0.628776192920326,5.649951794722984
0.24313928203155014,3.8996908799718386
0.20114731938486538,4.428405420275684
0.6227266520308292,5.6509534261052865
0.34751259977660603,3.08516203220006
0.5059112628681239,3.2592863014566062
0.21514725100043328,4.834764228361081
0.07749137252932495,2.4443539693359453
0.8363763640139195,4.016137450461836
0.24676299610612812,2.910143162270402
0.150370704967627,4.191322525389644
0.9320961860674802,3.2006549441669656
0.29698029215959143,2.9682307262418646
0.25509942545253744,4.892885070592647
0.4320853645994122,5.184706395106705
0.125871675208448,4.017387935229349
0.10295503799600918,5.125990083938228
0.3746918787861136,2.735985614753752
0.16334627923961212,6.698565210392291
0.4290732822377618,3.2603212110990127
0.5686055247518031,4.831455638070008
0.6957212169745919,2.9100582083915656
0.7199319651807315,3.783353273078079
0.334582779943615,3.667445768483726
0.6933708157166363,3.0268953617916092
0.6918575390060466,4.016543240302496
0.4702255642647923,3.491965753622949
0.16276725298251127,4.248788351790608
0.36078294677797235,4.249109187752432
0.23976388239807822,3.0848411962382363
0.18794698600472742,6.698565210392291
0.2033395976550776,3.784197968004932
0.4415216640191468,3.2600003751371895
0.9348538264034827,4.1910016894278215
0.16469165251700854,4.016543240302496
0.38235756196745235,1.9211627352730392
0.5556600811363728,2.9100582083915656
0.09042086034937538,2.9100582083915656
0.09856493530024314,3.0272161977534324
0.4949017171604032,5.185027231068529
0.13782119750558744,5.9416881653582045
0.05352696797874068,4.016108899624267
0.572648560429808,2.9682307262418646
0.09838444585741431,5.417706683234871
0.5516866573662511,4.249109187752432
0.5058872757935452,4.307389202067839
0.16967899441622197,4.366105513236316
0.29892588462581743,2.678144505524539
0.07630280666817714,3.318172892987489
0.36745907183788923,3.434019919176322
0.6826453390555868,2.1530764381400656
0.32904481593118134,4.190582555680206
0.27437437431971734,6.2914406530075775
0.22307671515394406,6.232809295717938
0.18643393446842285,2.1538421874393814
0.3295314612043127,5.417706683234871
0.4917830060385898,4.016844141911171
0.5468588900611943,5.417272342556641
0.22075861229941,1.8625313779833983
0.4091315726088258,4.016137450461836
0.18019765730826984,4.249109187752432
0.1534274616956468,5.649951794722984
0.3735207126116842,2.969455314980522
0.0385193856732594,3.726332360014607
0.33803783999144327,4.307740545042073
0.15834938679660815,3.667124932521902
0.5589809124632271,3.7835124451619184
0.5765645087851298,4.893395585650722
0.36649700430475,4.657331368813462
0.1595499572381913,3.375814123065919
0.08342549624321777,3.84214380245156
0.42311615810900194,5.708932538812018
0.07297635211087315,2.5030186048856895
0.6293221165152977,3.3177870374999765
0.1852542810690136,4.369008313686727
0.12172993547555622,5.650272630684808
0.37946099620753904,3.4350215505586243
0.3348356254026493,2.386408134889318
0.1332739302310017,4.016163346490692
0.3582877378055533,5.064722315293572
0.7408345400770153,3.2598956499197747
0.3855408399434664,3.0264762280439936
0.10859521199744922,2.4454738328571883
0.27580587044537713,2.736018893013855
0.31987765579202154,5.005770122042109
0.6612258730707828,4.714459312586126
0.3375362200232516,4.720037065693491
0.42510858104021426,5.941177650300131
0.7085201320357337,4.427639670976368
0.252682417988996,4.719271316394175
0.22028129961921183,3.4918807997441124
0.7175505081001924,4.249268359836272
0.7557722901411594,4.248788351790608
0.6587526251338429,4.482214201098012
0.25683902043490947,3.259155680210336
0.2712404981976702,3.376472841656043
0.6428938316893508,3.667445768483726
0.3388594275887782,4.307899717125913
0.09270405230226188,5.243913822599411
0.5205521841355066,4.892885070592647
0.09231327318459241,4.365699723395656
0.31313274997223317,3.3185270072094153
0.3508332297551411,3.492232142718347
0.24337775729431013,2.9104639982322253
0.5827336590477995,5.005770122042109
0.5093941183253194,3.550352984949913
0.2597165969001854,4.835445023781561
0.2844941693678464,3.4926465490434286
0.06668689134871687,2.968264004501968
0.1744189361484881,3.725232430846513
0.6924339178579909,3.550917946874413
0.43314834190457424,2.793530386782253
0.3896508141047307,3.7252457747534677
0.22317100501377252,3.259155680210336
0.3286973194409344,4.893395585650722
0.6642363375359075,5.5917459986125815
0.048857286901365926,2.736018893013855
0.13761572563009983,5.650272630684808
0.7829159201735495,5.243148073300095
0.04593578159553203,2.6780397803071243
0.4131766618581574,3.318493728949312
0.11905011668100747,1.9211627352730392
0.3286086489540182,3.08516203220006
0.05507437198144038,4.3073347552014125
0.0783729507692355,4.714459312586126
0.13142735564166746,3.725232430846513
0.35969620726996476,3.8996908799718386
0.8382879983902106,2.6774637101040595
0.23410048416896972,3.725756289811543
0.34290712124307116,3.726332360014607
0.06977616987695064,3.2013357395874453
0.11811398030778854,4.540845558387653
0.3872886435761149,4.016163346490692
0.05641700398693924,5.127076669199368
0.7058561663201797,3.4339349652974853
0.3298536841691109,5.8833776440303875
0.5515194887182754,4.366020559357479
0.16092287446646977,3.201689853809372
0.353373380398573,3.7841190223773946
0.15709229821457896,5.6498668408441475
0.10438831747628974,3.900349598561962
0.05989146555642994,6.2333198107760115
0.5288871517400128,5.477018835944992
0.11619393442014168,3.9583222372614792
0.4844657592629341,3.724826641005853
0.31833104523179756,2.212473544729022
0.6564639516582741,4.016163346490692
0.3007505688633707,4.366105513236316
0.3362029376292328,4.718950480432351
0.042066889900594664,6.465564922264124
0.6683571990289122,2.444708083557872
0.36745131115358626,2.2127943806908457
0.5624140798144969,3.5500865958545154
0.26768281022314255,3.6090387891059788
0.5239720187789405,5.06440147933175
0.3931008733092792,4.482214201098012
0.3866503595707062,4.832156367843636
0.30629042076212215,3.7841190223773946
0.7246737918494339,3.783597399040756
0.3756534990718401,5.18419588004863
0.15157977095436853,2.9111447936527046
0.5453083548349589,2.1530764381400656
0.35022830172347763,5.18419588004863
0.3265640475740017,4.832156367843636
0.9895393053382596,3.258775786398532
0.040420905284201655,4.016844141911171
0.6579014058259296,4.07846325353006
0.2740329036809207,3.725756289811543
0.23197518284393295,3.783163058362526
0.1443351377422614,3.5500865958545154
0.43395637419147975,3.259807924793246
0.1366488963831744,5.8833776440303875
0.23171495160027458,5.6498668408441475
0.3546876297413793,4.4815134713243845
0.21478605594141092,6.115622755518501
0.35227840739321037,2.211707795429706
0.23975005055517112,2.9104639982322253
0.21169397884550495,2.7946169720433924
0.23430644546004736,6.406933564974484
0.3218207059520728,3.259862371659671
1.1359344236297293,4.714459312586126
0.5048708037478478,4.016543240302496
0.34209311416035604,3.375814123065919
0.6696120513738779,4.015842510528868
0.22534147182262343,5.18419588004863
0.2862926349454937,5.125990083938228
0.22212454258216582,2.967844870754353
0.7327892088531583,3.258775786398532
0.5168720413624014,4.016163346490692
0.07074241100071399,3.667445768483726
0.4064367972723334,4.366020559357479
0.25306721958788825,3.1427091097203386
0.46968636148308884,2.968610620053669
0.09545091804494232,4.540845558387653
0.3692945624745377,3.9587565779397087
0.28853221849815097,3.551118734249229
0.2531992698592202,3.551632020554996
0.7283316713376672,3.550407431816338
0.0651993351462558,3.259155680210336
0.144143948209527,3.0262098389485956
0.06747300885277187,3.725756289811543
0.054284642234076155,1.8625313779833983
0.5046986271088024,2.1530764381400656
0.36597299832905356,4.773090669875766
0.34144585283363554,2.2127943806908457
0.20579128956013581,5.417621729356035
0.1342733625889763,3.957477542334626
0.4969681355989919,3.201369017847549
0.7534876360681797,4.016268071708106
0.05199778081774383,3.3185270072094153
0.11750287522434019,4.4815134713243845
0.20989958841564274,4.370094898947867
0.3550116941129527,6.465885758225948
0.15149457712967127,3.667124932521902
0.4692920750319971,3.608717953144156
0.28751796638953087,3.7835429521743302
0.38139083551255026,4.249268359836272
0.23330672711484676,4.541264692135268
0.45747419372904596,3.492912938138826
0.8822005907741581,3.2600003751371895
0.3360731943921194,4.016137450461836
0.5984227964891381,4.427639670976368
0.2595231606923455,5.942009001320028
0.2040957669035817,3.2013357395874453
0.6968562576147715,3.4336007854287063
0.17119402048215757,4.366400453169283
0.25841588705946933,4.307068366106015
0.23107403641405724,4.714459312586126
0.1457024844219477,3.7842829218837686
0.4820971137445056,3.7255666107152914
0.1889953290614052,3.7834579982954937
0.5795666818142018,4.248703397911772
0.711604986460333,4.540014207367755
0.2885567885146897,3.4922865895847726
0.3561645092638916,4.017387935229349
0.4523714876386378,5.297401767459915
0.5856844126174405,3.7245317010728853
0.7983071033248914,4.307068366106015
0.3337819126162328,5.064722315293572
0.32426404557031857,4.017387935229349
0.5887269279228577,3.900349598561962
0.3025625122603305,4.015757556650032
0.5734669418841819,3.259967096877086
0.39462152963999714,4.307740545042073
0.32337856562052547,5.417621729356035
0.3525924168290819,4.016458286423659
0.3918144341630665,4.248947523874449
0.6670452366006201,4.016844141911171
0.10188489811392046,3.667445768483726
0.1111066059105276,3.8996908799718386
0.36178291416124264,2.444708083557872
0.08181322941487726,3.550917946874413
0.5321019083549534,2.9697761509423457
0.4966236613001234,2.735584552335626
0.4371028985354062,4.190582555680206
0.5659109733037501,2.444387247596049
0.0922601997871351,5.708498198133788
0.6689356303176133,2.7946169720433924
0.31221912300989363,5.243148073300095
0.19567670101497112,2.444387247596049
0.30889135673863216,3.318493728949312
0.5660328680786775,3.2594765161721595
0.28505097829015175,5.006090958003932
0.7167537405785788,2.7356647787919286
0.18953877229771263,4.428405420275684
0.10317955494914904,3.4336007854287063
0.26998924115310474,2.968931456015492
0.8591147972609219,4.30757888116409
0.5022558419926338,5.005770122042109
1.0574554746185842,3.7259132262669925
0.17441164131854242,4.540579169292255
0.3762851065500217,2.618832352814419
0.5942719460473458,2.678144505524539
0.47667830327292077,5.649951794722984
0.6779936221890408,3.5507873256281424
0.2578765885578943,5.064722315293572
0.6041562598489435,3.7255666107152914
0.544366327586276,3.958158337755105
0.3775490036097449,5.010582125850158
0.10229850417073558,4.370094898947867
0.7878017453059005,4.834764228361081
0.04635053757665209,4.4815134713243845
0.395198625161861,3.550407431816338
0.12927674762392488,4.834764228361081
0.18296793939910375,3.7835429521743302
0.07424349441839638,4.016458286423659
0.39114202797111175,3.0262098389485956
0.043745974418330544,3.2011765675036052
0.6580474434896875,4.07846325353006
0.11816499234320665,3.4342815808491856
0.26314695282532524,4.598645564657396
0.2651183013873524,4.1910016894278215
0.09258035431774236,3.434340755138145
0.1614590715458757,4.0747947037803325
0.31554752116089224,3.783032437116255
0.1663167991329233,3.434019919176322
0.4190912305430946,4.248947523874449
0.27507686007476706,3.375814123065919
0.4544001343578441,3.3174071436881727
0.18323531657933187,3.4336007854287063
0.423224276937494,2.444387247596049
0.6398129785142243,3.259541535697848
0.8004924091720743,4.249109187752432
0.9789991822098397,3.8422287563303965
0.5896344854284478,2.968584840463792
0.4928190467658994,3.4928082129214113
0.3038453971775694,1.8625313779833983
0.042533386159664434,3.201340467009979
0.13431988153891633,3.8419846303677194
0.2997364638328149,3.6090387891059788
0.13936607470789955,3.7260771257733665
0.10057672151811599,4.249109187752432
0.05126340952922046,2.735985614753752
0.2814660089041923,3.725232430846513
0.41720506007306357,4.016108899624267
0.3457106933891454,3.0268620835315057
0.17523600804458703,3.2602422654714758
0.3488108920003677,2.211707795429706
0.9104454962714769,3.957477542334626
0.29390332046118606,4.366105513236316
0.21563873649958057,4.016268071708106
0.09289169059372294,6.406933564974484
0.10776983762215182,4.540579169292255
0.47716032373702094,2.618832352814419
0.11222912445516994,3.259807924793246
0.16809145561217348,5.708583152012625
0.4130769660758138,3.783032437116255
0.21543445036298436,3.957477542334626
0.19565518976077725,3.259862371659671
0.3532032055188338,3.375814123065919
0.06428661788197686,4.307740545042073
0.1496092341770288,4.5989664006192195
0.3650607895411372,5.127076669199368
0.6252403451117756,3.4336007854287063
0.18069396556105827,3.84214380245156
0.8536839902265282,3.4339349652974853
0.3241791184073419,2.444708083557872
0.27213830914362835,5.125990083938228
0.11264404744496365,4.248788351790608
0.10067271149296134,3.7260771257733665
0.10718273458960349,5.5917459986125815
0.3266496186809744,5.942009001320028
0.3956585616031164,5.125990083938228
0.18383993162100826,3.317841484366402
0.36415662504215324,4.190582555680206
0.1606611230127448,3.2604061649778493
0.29924704086809556,4.366105513236316
0.11859462707260149,2.968931456015492
0.3523479503948882,3.783597399040756
0.24528532113673343,3.201689853809372
0.399181676891252,3.4918807997441124
0.7349241345068412,4.016543240302496
0.0797391347796162,4.307769095879642
0.6084480412558522,4.657331368813462
0.1838247114806825,4.017224035722975
0.7142534910151181,1.9211627352730392
0.4438032233639192,4.248788351790608
0.37217992692942964,4.60234001043598
0.29573635172871165,4.0750896437133
1.1234236087417357,3.8417182412723214
0.09371593399203097,4.831645852785562
0.15464622519078614,5.941177650300131
0.7927209494815826,3.3174071436881727
0.17224831435740334,2.736018893013855
0.10880151921885695,6.406933564974484
0.2148900354432866,4.016543240302496
0.12054850496166009,3.724826641005853
0.30000325534811545,3.667445768483726
0.1946481087005383,4.016137450461836
0.8182188266523696,4.190582555680206
0.3759888085428289,3.4929721124277857
0.5773665418451559,4.773525010553995
0.09941111046212961,2.4450394921789584
0.07735117385337253,3.2006549441669656
0.8717439095812168,5.6509534261052865
0.2903379054234403,5.476338040524512
0.20526432768975578,2.735584552335626
0.5316367309576308,4.428405420275684
0.2190171329857056,3.725756289811543
0.5383890652218676,3.9576367144184657
0.1468570755906227,4.660319123142711
1.1765324766327083,3.0262098389485956
0.1849973406828609,3.0279819470527487
0.21983637387669816,3.725212496493365
0.0634359887772702,3.7249115948846896
0.39924572713800655,4.482214201098012
0.3814769005733922,2.910143162270402
0.4722378115340103,4.6614057084038505
0.36129582875066935,5.708903987974448
0.23855836965701668,3.7249115948846896
0.2721321080389638,3.143389905140818
0.5732699283777825,4.07846325353006
0.8532913704584635,5.125990083938228
0.09906567930491608,3.7835429521743302
0.2768974311186282,2.6195131482348986
0.131230204549771,5.650272630684808
0.6762731484517733,2.6772998105976855
0.46642324231793136,2.9104639982322253
0.6474792904363237,3.258775786398532
0.1634995838985366,4.307899717125913
0.2873924784320668,4.249633046717462
0.48074889689483513,5.9414984862619535
0.14631178395102631,3.957477542334626
0.25122474639272036,3.0264762280439936
0.14642755961286624,5.883056808068564
0.08653830461440339,5.709584783394928
0.352916636636717,3.0848411962382363
0.6433875049416123,5.184621441227868
0.17233363827943698,3.842909551750876
0.0575866615239139,2.967844870754353
0.11302787985651916,3.5512779063330693
0.3714248671389078,3.2594765161721595
0.09435879436034064,3.0262098389485956
0.16838461611787775,3.376472841656043
0.14549355384826293,3.4930006632653554
0.13950132110015936,3.7249115948846896
0.7991601409699941,4.307769095879642
0.8865352683740174,2.968774519560043
0.17377626237909052,3.0848411962382363
0.3058012428644783,4.4815134713243845
0.2301862722727174,3.2602422654714758
0.12465116825772565,5.064455926198175
0.08903115284963369,3.258775786398532
0.21485346481730677,3.259862371659671
0.6416986770032209,3.4926512764659625
0.17185052654829022,3.4336007854287063
0.39121526520767597,3.4917216276602723
0.17671334150847381,3.0264762280439936
0.4328271406576943,3.201689853809372
0.6349367983596895,4.773145116742191
0.38867839513498365,6.2914406530075775
0.6045424912326899,3.957477542334626
0.12089867862061135,6.115622755518501
0.085348532024823,3.5507873256281424
0.07245123433241682,2.7942961360815692
0.5304827006446239,5.708932538812018
0.7927233804864604,5.006090958003932
0.6233996213475915,2.967844870754353
0.30214164847400193,3.2011765675036052
0.2149024654873946,2.910143162270402
0.4157161066479016,3.027296424209735
0.058627015809941174,3.783597399040756
0.7461933200826248,4.016543240302496
0.2965338574770711,4.249469147211088
0.2779651811429034,2.969455314980522
0.2047742246639021,4.366786308656795
0.36326144247839814,3.7260771257733665
0.1831775662582709,4.249789983172912
0.5009435316296049,2.618832352814419
0.12596825648325083,3.2006549441669656
0.06993419907359115,3.4344454803555595
0.3433258313511983,2.9108239576908814
0.24904336835052526,2.7946169720433924
0.39575767119106653,3.434340755138145
0.3826100854355792,3.258775786398532
0.08249732644090037,5.650272630684808
0.5395317377348596,2.968584840463792
0.7217520446911391,3.7842237475948095
0.23460253190779265,3.1427091097203386
0.12684970681932664,2.968774519560043
0.35487632178344575,3.3174071436881727
0.14086051748427555,3.7255666107152914
0.33399802664292844,3.551439570211052
0.13263287356393108,3.0262098389485956
0.24169247057515894,4.834764228361081
0.08246860575204731,4.307899717125913
0.15136604992446273,2.677718944345301
0.10204640767904116,5.185027231068529
0.4589368376152616,3.3188736227611164
0.11098959292468961,3.5505971109125896
0.04772898008418797,5.297401767459915
0.6650159749445856,3.608717953144156
0.5006812561559112,3.7842781944612347
0.3949147932402766,4.4826333348456275
0.09015885944157176,5.184516716010454
0.39349955130185255,5.185027231068529
0.6191602392902258,4.428726256237508
0.0510597310303868,2.9693505897631076
0.46979380599893356,3.4928082129214113
0.1436247928978886,4.660639959104534
0.14314348936844104,4.660639959104534
0.27057112474859313,5.064722315293572
0.7613413838366702,3.0265306749104193
0.295841444167917,2.154163023401205
0.11952285802823076,3.8417182412723214
0.5438467634513219,4.248947523874449
0.2843007099769637,5.358640985267001
0.4327237132752992,2.9104639982322253
0.2803735139883541,4.248703397911772
0.42829376017701265,3.4917216276602723
0.16184505230315457,3.2013357395874453
0.13118926726720712,3.783353273078079
0.47180166021391035,3.2598956499197747
0.10379049741092694,2.4443539693359453
0.2877623827891967,3.900349598561962
0.5523185193284376,3.375814123065919
1.122804085982436,3.4926465490434286
0.20790487826736417,4.365699723395656
0.18740881730775297,5.417706683234871
0.5034778319017145,5.006090958003932
0.10045144754051502,4.773145116742191
0.6816045376734229,3.9587565779397087
0.44323109309766257,5.708583152012625
0.2353198460362183,2.6774637101040595
0.6142838658806364,3.7260771257733665
0.6672682839455061,2.618832352814419
0.8860532399679286,1.8625313779833983
0.25514350746001757,2.1530764381400656
0.44263885560733174,3.375814123065919
0.18568235353362147,3.550512157033753
0.7349859360362646,4.075855393012616
0.09833072431805283,2.4443539693359453
0.6613809305644007,3.4930006632653554
0.2677871778991637,5.5917459986125815
0.37095401137104367,4.248788351790608
0.2149441770760237,5.417300893394211
0.4371141266162747,5.418387478655351
0.07948600200969118,3.0848411962382363
0.261341755202169,5.356033124749556
0.5879686075678437,3.434019919176322
0.27135367508957864,2.7348990294926123
0.04531030181534927,2.6774637101040595
0.10169918896929864,3.7835124451619184
0.15465697111731133,3.259862371659671
0.08751514689358626,4.482214201098012
0.08208867051209522,2.618832352814419
0.48950428463106144,3.4918807997441124
0.34479895609061634,4.016163346490692
0.2966243327997961,4.4815134713243845
0.6437519472906602,5.5917459986125815
0.5934945860984335,4.773525010553995
0.44440739047744093,5.005770122042109
0.398674911081761,4.660639959104534
0.5645355377465384,5.185387190527185
0.43442661403922184,4.074823254617901
0.15397293978287926,4.482214201098012
0.14622819051266106,4.892885070592647
0.07820940484043001,2.793530386782253
0.3194811988710954,4.599051354498056
0.19500717670593046,2.618832352814419
0.13497602363505914,4.307899717125913
0.07175251758040282,5.297401767459915
0.4429769642132776,3.7260771257733665
0.07536745174881314,3.201369017847549
0.1021698542428944,5.358640985267001
0.06297201205734135,3.0268620835315057
0.6308928610768886,4.075855393012616
0.07314842126833997,4.540144828614026
0.483135998460098,4.834764228361081
0.40140448556477626,4.1910016894278215
0.7630318323189168,5.006090958003932
0.22074152564049765,3.4339349652974853
0.11213960825992958,3.2592863014566062
0.05501158719601476,4.4815134713243845
0.47800323534671474,3.201369017847549
0.31995195324623893,5.5917459986125815
0.42833553465862734,4.016844141911171
0.3827747724012262,3.7838637881361534
0.33718204727051043,3.2592863014566062
0.31200449685802545,2.6195131482348986
0.3504983095172295,3.667124932521902
0.3517362118054861,6.000129843551594
0.09180109199783797,3.318493728949312
0.8800827377485411,3.550352984949913
0.11028564573028861,3.783353273078079
0.31184822533690937,3.4918807997441124
0.43331356665630344,2.9686895656812062
0.1491215606811124,4.370094898947867
0.3375825823647411,3.725212496493365
0.3290163213999072,3.667445768483726
0.29868157211492574,3.2006549441669656
0.3440787589068878,4.015842510528868
0.11718442939366125,4.249109187752432
0.218745908403669,2.618832352814419
0.10297209360552817,2.677718944345301
0.6378158138376538,3.783353273078079
0.08908409785160934,4.660971367725621
0.13270821183465825,5.8833776440303875
0.43633177531664996,5.650632590143464
0.06657692128051138,5.6509534261052865
0.4329559271877386,2.4450394921789584
0.6725360979269549,4.07846325353006
0.47977528019757576,3.7831916092000957
0.7019108745862831,4.0750896437133
0.2257895887695959,3.9576367144184657
0.2726153337943749,5.06440147933175
0.09806851037586095,2.9108239576908814
0.19307600507561046,4.308100504500729
0.19326293687046095,4.016268071708106
0.10741894184734585,5.6509534261052865
0.3155812221573118,2.618832352814419
0.2784900396721619,2.967844870754353
0.41895890075158443,4.540845558387653
0.6248418028893875,3.5505971109125896
0.06574781587244734,4.2492139129698465
0.32749341139757004,4.016163346490692
0.5293168450888469,3.259807924793246
0.24982529936767944,4.540579169292255
0.21891325657840516,2.735584552335626
0.12084099285657164,3.375814123065919
0.5623886900334631,3.201369017847549
0.28444272196017945,4.249109187752432
0.1454462632395872,4.598700011523821
0.10330660339390739,3.667124932521902
0.14956236676288612,3.7841190223773946
0.5210281255746522,4.1910016894278215
0.13996459434899713,5.184516716010454
0.2132340884720869,3.4929721124277857
0.4112332912955963,3.2594765161721595
0.42400875366453233,6.115622755518501
0.08677138798549473,4.016137450461836
0.1682268380015326,2.4443539693359453
0.17975445996937994,5.708498198133788
0.8019311079627935,4.951516427882288
0.3486002266316494,4.307740545042073
0.2774756479358192,3.2006549441669656
0.795992252676852,4.714459312586126
0.1942412296214871,5.941177650300131
0.4465670633674644,3.551632020554996
0.058566494566892,5.650272630684808
0.13268993747026686,5.126395873778888
0.4276648276740337,3.726332360014607
0.6944357944029144,3.492566322587126
0.11746527955237075,5.358640985267001
0.44290503248835605,3.7841190223773946
0.1735593213644722,2.212473544729022
0.4381134931313823,4.598645564657396
0.21975944917484744,1.9211627352730392
0.2647695107311607,4.016268071708106
0.1846324930276636,2.968610620053669
0.4643144590432453,3.900349598561962
0.313314443912174,4.30757888116409
0.06086306275727547,4.016108899624267
0.08987718596338196,4.719271316394175
0.4413881705372183,3.491965753622949
0.9662897200349437,4.6614057084038505
0.6325367993832016,4.307389202067839
0.26306006716797065,2.968264004501968
0.7682727830913596,3.2006549441669656
0.4606331665727491,5.417621729356035
0.13060577125894696,4.718950480432351
0.5492893594222521,3.667124932521902
0.1917631500056236,4.249109187752432
0.4653485554961184,5.010582125850158
0.37865934663210304,6.407254400936307
0.1611621814823455,3.318493728949312
0.729155233615909,4.773145116742191
0.37663298489864233,5.005770122042109
0.16263195005085673,4.773145116742191
0.19081737943300137,5.125990083938228
0.27163269923384314,3.9587565779397087
0.4186878043759346,4.017224035722975
0.1705383187125517,4.4815134713243845
0.08178273841895607,4.893650819891963
0.5492163547724956,4.660639959104534
0.05388117707553422,2.9104639982322253
0.06994137061361924,4.3073347552014125
0.24683211950607725,2.6195131482348986
0.6917919952872535,3.783597399040756
0.41851576350707465,2.6769531950459853
0.4472384408828061,3.551118734249229
0.4626633241607307,5.358640985267001
0.09652137727060899,2.968584840463792
0.8271392322704327,4.540144828614026
0.24749958929831647,5.650272630684808
0.5665916247925856,5.649951794722984
0.5215761341307145,2.967844870754353
0.33033784654970566,3.4350215505586243
0.19895792216554936,3.492967385005252
0.14409899405824647,3.027562813305133
0.4433144696062832,4.075475499200811
0.1627758212157744,2.735584552335626
0.11574705313313158,3.5512779063330693
0.24770845474769507,4.540845558387653
0.35450408978074605,3.4336007854287063
0.3175954645296931,6.407254400936307
0.03854912804221172,3.7835429521743302
0.25959786541929986,3.784197968004932
0.24678333039543696,4.1910016894278215
0.6082764769063055,4.248788351790608
0.4901227764446088,5.708903987974448
0.4608411388887861,5.417953137977121
0.4106633549091308,5.708498198133788
0.5804610106141871,6.465885758225948
0.27818273701871193,3.3185270072094153
0.21579239109764844,3.550407431816338
0.25350127668124406,6.2333198107760115
0.2786311320109218,5.297401767459915
0.03897741059132641,3.4336007854287063
0.2547211938825876,3.4918807997441124
0.28387149390382277,5.126395873778888
0.7760165422603379,3.2598956499197747
0.3525098358808006,3.259541535697848
0.27938380273782903,3.2603212110990127
0.33124193711255806,3.375814123065919
0.2378613612267411,3.492232142718347
0.09885583755822999,4.540579169292255
0.42707910563983825,3.84214380245156
0.43766313472832535,3.551632020554996
0.5680706465719635,2.9690953555218664
0.5402087695678633,4.016458286423659
0.18001609683155573,4.54052472242583
0.10431134966078684,2.9104639982322253
0.28142746953488745,5.6498668408441475
0.3805139284099374,4.657331368813462
0.6191800424495952,4.307474155946675
0.0816915545573949,3.4336007854287063
0.07079404296506739,5.9416881653582045
0.6335754673959635,3.724826641005853
0.7626321033365246,4.892885070592647
0.29322090898986747,3.8418229664897363
0.13854293153973948,2.969455314980522
0.4329848341351328,3.5505971109125896
0.3145017467702274,3.9576367144184657
0.05730677000104211,3.2602422654714758
0.352643406891665,4.249109187752432
0.38435369607646,4.714459312586126
0.23507432895257663,5.417300893394211
0.10089109299520872,3.143389905140818
0.4039083994104807,3.6090387891059788
0.3075920482428873,4.249109187752432
0.06768959164588731,4.773145116742191
0.1021112225123797,5.127076669199368
0.10064809790894251,5.185387190527185
0.8736587740777108,3.6090387891059788
0.2370261486563914,2.967844870754353
0.2592948705760807,3.3174071436881727
0.5190106971033761,3.4922865895847726
0.9191379233261406,4.540144828614026
0.22795958004242725,3.6094186829177834
0.35893077683078645,3.4924873769595886
0.36786948661460755,5.708498198133788
0.7540071033865114,4.248947523874449
0.06288641436361651,3.375814123065919
0.31792326224099166,5.127076669199368
0.09097642374096118,4.016458286423659
0.5332598699522956,5.941177650300131
0.1583301133678754,2.1530764381400656
0.5646400448611872,2.502985326625586
0.6557883656453775,5.476338040524512
0.2972142555786528,5.8833776440303875
0.3207981057167295,3.550352984949913
0.2890953603999499,3.783353273078079
0.5228633701231123,2.1530764381400656
0.29394900134223845,3.725232430846513
0.9370162324721392,4.773145116742191
0.5025060622840793,4.428726256237508
0.2421609082344217,4.075855393012616
0.5706306134601363,5.6509534261052865
0.33225698285274885,4.718950480432351
0.2579350083129526,4.3697740629860435
0.12555353400975866,6.757196567681931
0.5237058884152777,3.8419846303677194
0.6110090319041689,4.540419997208415
0.29728154033261317,5.6498668408441475
0.25736096905738,2.910143162270402
0.291667613204048,5.18528246530977
0.20432515619106267,3.2013357395874453
0.0781354533543617,5.417706683234871
0.14191026434415907,3.6094186829177834
0.42835783803163213,4.540335043329579
0.6794186452536566,5.417272342556641
0.03975487333226199,6.000895592850911
0.5158194790297558,3.783163058362526
0.6293428572075065,2.1530764381400656
0.03943478785913617,4.3073347552014125
0.6467095400470179,4.016268071708106
0.10511529031082627,2.618832352814419
0.5718860138023124,3.4929721124277857
0.10064865188155378,3.7835429521743302
0.19357863726915303,2.968584840463792
0.27294123632029005,2.9682307262418646
0.10187909940334276,5.5917459986125815
0.24361314403117768,3.7842781944612347
0.387465050647731,4.307474155946675
0.5741059463414097,5.650377355902222
0.8173491872256652,5.417300893394211
0.17308639341833684,3.4924873769595886
0.3275547097831089,5.9414984862619535
0.8959273154117079,4.719271316394175
0.4058193689288727,6.698565210392291
0.3579369913401321,3.375814123065919
0.15532190393585382,3.0268953617916092
0.10782260865675912,2.735931167887326
0.24272724984995284,3.550917946874413
0.6641525264870558,5.35932178068748
0.2780108515859137,5.418387478655351
0.22189024484320527,2.910143162270402
0.07924925431853708,5.767563896101659
0.12526645404176887,3.7249115948846896
0.2558934315069112,4.835445023781561
0.09616780273870107,5.767563896101659
0.06794588044860748,4.831645852785562
0.07267478671213706,5.358640985267001
0.3119596347581742,4.133295439823702
0.8235849083709814,3.608717953144156
0.5456039651037617,5.475827525466436
0.609442829403652,2.1530764381400656
0.8659401028942012,3.7831916092000957
0.3507022881475925,4.834764228361081
0.3084013365363734,4.249953882679285
0.29404814878700075,5.6498668408441475
0.11089130956828226,2.5030186048856895
0.38773034634621556,3.492912938138826
0.44985391432899696,3.4344454803555595
0.31050225909551976,3.5507873256281424
0.33600449274958155,4.1910016894278215
0.24876111805705234,5.126395873778888
0.1107981456933361,4.773525010553995
0.3030574180713969,5.94226423556127
0.06990535868762483,3.4936529078482654
0.07128851189112524,4.190582555680206
0.3699944353531715,2.7356647787919286
0.48052182712184044,5.127076669199368
0.3670639459564261,3.551632020554996
0.5720673214590576,3.667445768483726
0.27153634298204943,3.1427091097203386
0.3775931846273491,2.386408134889318
0.11439512457619998,3.201689853809372
0.38868199096484984,4.307740545042073
0.48884005603999,3.9583222372614792
0.36251856074403316,2.504105190146829
0.5575582050555604,2.910143162270402
0.4745683173542533,2.6774637101040595
0.15124346120883053,3.0262098389485956
0.04733380541622369,4.773090669875766
0.46020875275535505,4.6614057084038505
0.25052964744340755,6.115622755518501
0.2134262041541439,6.115622755518501
0.17018341858711578,5.126395873778888
0.24866481857156728,5.650272630684808
0.44505314373399163,4.4815134713243845
0.5000207671068798,4.481893365136189
0.075556042625073,3.725232430846513
0.14324125449118563,2.1530764381400656
0.6051674153005876,3.492566322587126
0.4289168613694419,5.185027231068529
0.19862814402485682,6.174254112808141
0.6810082561981572,4.54052472242583
0.6919987229802269,3.2592863014566062
0.2176798421944246,2.2127943806908457
0.07985012418314336,3.0268620835315057
0.4630914820584441,2.1530764381400656
0.4336198086004533,2.794650250303496
0.3728563807747614,2.618832352814419
0.6549405247081199,4.370094898947867
0.25759040380329074,3.783163058362526
0.5395766027845923,3.4336007854287063
0.0514414685344562,4.773145116742191
0.4386182507523385,3.667445768483726
0.27983213283264674,4.427639670976368
0.05138914111663824,4.773525010553995
0.39827175607678167,3.725651564594128
0.36420584615915197,4.3697740629860435
0.748742285425698,4.772824280780368
0.6376502475804168,2.618832352814419
0.5071117507886641,3.375814123065919
0.1458864450810604,5.126395873778888
0.3291602050829116,2.1530764381400656
0.7717174504420585,5.6509534261052865
0.06607266774891454,3.201369017847549
0.908516491253454,2.968774519560043
0.30281659874962413,2.9686895656812062
0.24820751368931035,3.4342815808491856
0.2001288150599344,3.958158337755105
0.5743874610932853,3.2006549441669656
0.3925760148934777,2.6774637101040595
0.5466948350509223,3.4926512764659625
0.2771778081617337,4.427639670976368
0.35364542848918484,4.074473867818509
0.41103669720183056,3.784544583556633
0.1511632474647858,2.4443539693359453
0.08439406955083006,4.074388913939672
0.09019611950779623,5.883056808068564
0.18881913362487462,3.667445768483726
0.2960113448599561,2.968931456015492
0.08143061485053832,6.406933564974484
0.3104830005674703,3.7259132262669925
0.2722259790534434,4.017224035722975
0.2799423236124961,4.9519507685605175
0.6948150905397017,4.773145116742191
0.21674815586866958,3.9587565779397087
0.09446391270555628,4.016458286423659
0.10382145660598302,3.7838637881361534
0.12808027275238307,2.9104639982322253
0.11467934043620255,4.832156367843636
0.10130109372959037,4.190582555680206
0.252561917978535,3.2592863014566062
0.23491284347815453,4.249633046717462
0.5131881291702515,5.475827525466436
0.3678934118173136,4.660639959104534
0.27174688577941103,3.784197968004932
0.2662396502661754,4.07846325353006
0.7107692453317354,4.016163346490692
0.17058398321798007,3.4918807997441124
0.5951302923445133,3.783353273078079
0.41405488241440136,1.8625313779833983
0.2811553932313067,4.540579169292255
1.3164010162229252,3.550407431816338
0.10861612503080988,2.7356647787919286
0.6178297088708796,5.6509534261052865
0.09818000689426692,2.211707795429706
0.09036199595641498,4.249789983172912
0.13490879912675474,2.212473544729022
0.36407416848054025,2.967844870754353
0.22858805811238486,3.5512779063330693
0.2470236651424509,3.4929721124277857
0.05721223458249132,2.9682307262418646
0.12820837982639696,4.893971655853787
0.9593862841437699,3.375814123065919
0.4129517651645075,4.599210526581896
0.25624617545809214,4.249268359836272
0.5942986228087155,3.2604061649778493
0.11367100673527336,2.9108239576908814
0.1063461642417627,5.708903987974448
0.48599543920541133,5.417272342556641
0.16585323588804626,4.016268071708106
0.2192946644521305,3.2020212624304585
0.5877716239384488,3.7835124451619184
0.45114466408404597,4.016458286423659
0.19049979893870408,3.8418229664897363
0.1232833664642761,3.7252457747534677
0.4736775049642487,5.417621729356035
0.1974341123359088,4.017387935229349
0.39650889556840074,3.725232430846513
0.14504273133052242,4.016543240302496
0.2994604618042909,3.958158337755105
0.23208576989119228,4.0750896437133
0.7566803196277836,3.4350215505586243
0.846337816459412,2.9100582083915656
0.6450420503409269,6.174254112808141
0.09399063746760705,3.9576367144184657
0.38245283897863935,4.249268359836272
0.4385568247655168,3.2017748076882087
0.5755975425578111,4.719271316394175
0.38573258072584454,5.243148073300095
0.2320518384636476,5.941177650300131
0.41752685923822486,3.725651564594128
0.08503281941059611,4.307389202067839
0.49314723771908847,3.725232430846513
0.1375527472870674,6.174688453486371
0.36533785526666174,3.550512157033753
0.32984859759017376,3.3185270072094153
0.921918036842427,4.773090669875766
0.2654106021917049,3.8422287563303965
0.04672875106912322,2.9693505897631076
0.14720755849548073,2.9104639982322253
0.8173909182154379,2.968584840463792
0.1603008295206995,3.2017748076882087
0.8336955714937547,4.719271316394175
0.06694079974837186,5.35932178068748
0.03782880110151784,4.369008313686727
0.7991450163982641,3.2017748076882087
0.8120065827816048,4.9526030131434275
0.626504813313933,2.677718944345301
0.8742152382042557,4.07846325353006
0.316006465950329,4.016163346490692
0.5376922756122862,6.465564922264124
0.4319477779678579,4.369008313686727
0.41586058011810373,3.7249115948846896
0.10843781044481861,2.386408134889318
0.3103087489137293,5.356033124749556
0.37358769019978244,3.783353273078079
0.1236890928960549,3.2598956499197747
0.5143191296073957,2.1530764381400656
0.29338785348467106,5.184516716010454
0.4155305012407779,5.767563896101659
0.30200749444553954,3.7831916092000957
0.1282808731633664,4.834764228361081
0.24179946500716648,4.016458286423659
0.7235411980981096,3.2011765675036052
0.41557061698135417,3.958158337755105
0.047992018366972984,5.5917459986125815
0.4249689824382258,3.8419846303677194
0.5537827935914467,4.307740545042073
0.47548806732503657,4.773525010553995
0.16134754783561367,3.4926465490434286
0.5488572176718031,3.8418229664897363
0.6055704980712902,3.0268953617916092
0.5567415364233851,3.958158337755105
0.22492852275735686,4.307389202067839
1.009014061968146,3.550917946874413
0.9368996762262812,4.190582555680206
0.3349456540902941,3.7834579982954937
0.2315511784549584,2.793530386782253
0.32869381267479697,3.957477542334626
0.2814893080891051,4.0747947037803325
0.16291473623946223,4.4815134713243845
0.0483000032372399,3.434019919176322
0.06515002481425228,3.3188736227611164
0.23514775781797898,5.942009001320028
0.20471346591757614,4.248788351790608
0.8197015138485608,4.249268359836272
0.1509626504575119,4.308421340462552
0.7918872800774283,4.657331368813462
0.21914748907960255,2.7942961360815692
0.5639389858654721,4.074388913939672
0.23546643888279514,6.407254400936307
0.23043848747823123,5.064455926198175
0.388894219052183,3.4936537462089117
0.3974118126835345,5.650953635695448
0.046515281497702746,4.7730899013785075
0.5028352815356915,3.259285369944777
0.0796317853785392,3.0272154991195603
0.301653252257127,5.650378427140826
0.04892087201232403,3.375815171016727
0.22625133216452378,6.407255076282383
0.04769164127881982,5.475827082998318
0.29113654664924926,4.133455659858351
0.08227972000109807,3.2594763298697935
0.3551254509969397,3.7833539251363595
0.7624777969281101,3.027562487275993
0.3189548743263874,4.016164347865908
0.11654115607976569,3.9574767738373664
0.68889565114664,4.3073898774139145
0.5600557963219943,4.01687695441536
0.1191766860725799,5.708902986599232
0.6359384714551878,5.358640566086677
0.07393231183880385,5.883056109434692
0.1933083040051464,4.481892317185381
0.43191408011041477,2.734900100731216
0.3386488502626758,4.015756811440569
0.2794001028751414,3.7833539251363595
0.14912868570377896,3.259862907278973
0.39609268620337496,2.444708549313787
0.18051954674736767,5.417621566341464
0.17057568542833676,3.2016899935361463
0.14534376087194495,3.9003494821229836
0.4305575128270626,6.407255076282383
0.271492378326905,3.0851625212437703
0.12990691771563487,3.957637459627929
0.4514222513334857,2.4443871777326613
0.08152765150383735,2.677463081333575
0.17399213981016518,3.725232244544147
0.2789588686823656,3.491720859163013
0.17295276042214264,3.5515984395535476
0.2734845316086964,3.491881544953576
0.37217898047130776,4.9522825032107445
0.23466526393572287,2.444354574818634
0.33895060800881094,4.016164347865908
0.8791686784016531,3.724531281892562
0.3296581410273451,3.375815171016727
0.44303210770896156,6.465886759601164
0.11678467257649008,3.7252462172215868
0.07756683053498435,5.649952260478898
0.9520848317142124,3.7260775915292803
0.7376813958965325,4.074793702405116
0.2513125417859546,3.5507880242620145
0.29473218742049845,2.734900100731216
0.5058653392647736,5.358640566086677
0.4362496494821319,4.016136402511028
0.22788567995237058,3.5509184359181236
0.07759160197548047,5.649866095634684
0.30568460564815597,3.492647713433215
0.10038151632687274,4.4815127261149215
0.07960841324078867,2.7359853120124074
0.6275642118077756,2.9682647729992273
1.184499941197053,2.502986258137415
0.7955384043371095,2.3864075526944246
0.13107669699194838,5.4173001947603385
0.4725937018741432,5.1845177173856705
0.5156124283625811,5.006091284033072
0.4443833803332764,2.9678455926760203
0.390648642143198,3.259862907278973
0.3151506239890671,4.01626914294671
0.3631524566494887,6.000130844926811
0.8463830150726641,3.957637459627929
0.3426866328825358,4.016164347865908
0.0908445117358681,4.01626914294671
0.4861567273781463,3.3174070505369895
0.20537558833110164,4.835445303235109
0.19922743025694503,2.91046446398814
0.2571596228558523,3.9574767738373664
0.3386529347139332,3.492233190669155
0.09454457074713221,2.7360179149264345
0.30573967010214426,4.307899880140483
0.30173085683101714,2.154163023401205
0.4393511851082181,5.883056109434692
0.9935280189491114,2.6777192470866455
0.37371204899556887,5.126396036793458
0.1879431503646258,4.5403353693587185
0.5622591308613893,3.200656015405569
0.47193829872330706,4.661406290598744
0.1118903275813682,3.7838639278629276
0.3765064565784964,3.0268964563180085
0.646048244697053,3.491881544953576
0.4586774469743634,4.5405240005041625
0.3718679192528641,3.551631042467575
0.14134474272003686,5.5917467438220445
0.18121220160643084,3.433934522829366
0.8335767476210689,4.482213688766506
0.25958654328259545,2.444708549313787
0.22146223742726553,4.4815127261149215
0.1416021387872377,2.7359853120124074
0.2953422834175723,3.5505132282723566
1.1412940106926521,5.358640566086677
0.21411676784980127,4.016457774092153
0.435037928942444,5.417621566341464
0.2578605978934027,5.0647229673518535
0.39639939823760934,3.8419856084551403
0.20647237695068613,4.0173869571419285
0.24067114695774755,3.72521361430756
0.4551825938197892,3.259541535697848
0.41901288698607886,2.9678455926760203
0.4935794611585626,5.5917467438220445
0.6951509126093234,4.714458218059726
0.44901658518087817,2.503340232632568
0.30946930356603125,4.016844351501333
0.2558748738404423,3.201336019040994
0.46586910670679305,3.3174070505369895
0.1956486945756222,5.417621566341464
0.23571557301275817,4.015842976284783
0.16084088750329445,5.649952260478898
0.4159907712455527,5.12675699762733
0.2961886724836838,3.7259122481795717
0.338260449203294,4.075154663238989
0.7460772123700252,5.883377481015818
0.1892238905667647,4.602339125499743
0.4361187957659234,4.0748239765395695
0.5405899823712221,5.650378427140826
1.0698656565695845,4.248946825240576
1.0585025618955952,2.4443871777326613
0.5752609225074347,4.893394654138893
0.05964868323981905,2.15307641485227
0.6372833148506716,3.1427089932813597
0.629928277067947,4.015842976284783
0.31298363350206415,5.534458766317099
0.06768139956032977,4.831456103825923
0.22479098956403978,3.725232244544147
0.4321009059364465,4.4815127261149215
1.110288109180071,6.465565388020039
0.13401784226819638,3.491881544953576
0.06635455800557293,5.126396036793458
0.7514894884759782,3.491720859163013
0.3644676499543634,4.720037973917525
0.28962609388287613,6.465565388020039
0.09325490526261612,5.650378427140826
0.31593222911995755,3.259285369944777
0.35437039479922217,5.941582997672672
0.12716488943818388,2.9689308039572118
0.31746979810440046,4.307068505832789
0.09198963302866489,2.503340232632568
0.15294257988434584,2.444354574818634
0.4982240117041015,2.9690961473069213
0.05202255891438273,5.476337085724887
0.9206095964969645,4.71895043385676
0.08703572311937294,5.243147071924878
0.6296174049444689,2.15307641485227
0.17260951524055068,3.491720859163013
0.20033741770512978,3.084841149662645
0.19285621576134399,4.951516334731106
0.22840969992109456,2.91046446398814
0.1796282665364181,2.9100592563423735
0.81759633207659,3.375815171016727
0.5866459521974358,5.185027720112239
0.04989085354796431,2.502986258137415
0.3277571693379752,3.7260775915292803
0.1039512510878321,5.476337085724887
0.10705176560110397,5.5917467438220445
0.2051252644156149,4.307068505832789
0.45747291204336904,5.184622512466472
0.2691791417934921,2.735584761925787
0.24866903198559123,3.724531281892562
0.37633903189593715,6.115622010309036
0.2983980202429855,4.893394654138893
0.04655468888853779,3.4342815109857985
0.06243855254357168,5.767564944052467
0.19809108297055295,4.598699243026562
0.6480496258131667,4.540845372085288
0.14024772718649361,3.783032553555234
0.21113734975251194,4.660970808818523
0.606235434255723,2.73593175008222
0.1332537473311223,4.598967052677501
0.28499368323413,2.6773000667634386
0.3691090993424662,4.016522979920207
1.163682854621966,2.73593175008222
0.4703627594697678,4.719271805437885
0.25487751135378034,5.70958531901423
0.1279710769146048,4.834765299599685
0.17518336245557992,3.200656015405569
0.07188146347968419,2.91046446398814
0.22973495307814018,5.12675699762733
0.6066450139512541,3.1427089932813597
0.8162669944682869,4.714458218059726
0.39595615963819786,3.724531281892562
0.4162978614697183,4.307333986704154
0.6637755195339223,4.540013997777593
0.2902690167659815,4.074388494759349
0.3368575914723582,5.184622512466472
0.1616769141652901,4.307899880140483
0.18289280202286806,2.7360179149264345
0.2688910367038747,2.5030188610514426
0.6801511435565455,3.72482703689838
0.11038706042368863,4.951951816511325
0.0824710841063047,3.783190910566223
0.08327156091476391,3.8996904375037196
0.16710201090991195,3.2016899935361463
0.1814924781644716,2.9686117611556595
0.5358459678737674,5.708902986599232
0.1863445037062879,2.6769530786070064
0.40574106772912927,2.9100592563423735
0.1523406527897868,4.016543938936368
1.01135891782714,5.708933260733685
0.1523885694540747,3.2016899935361463
0.7444854109494429,4.6603187505379795
0.23348765612783268,4.5405240005041625
0.15092486096320268,3.1427089932813597
0.4502857905901143,4.016522979920207
0.27966343652426273,6.1742536936278185
0.054669207691175385,2.4443871777326613
0.3288808094426776,2.6188313980147937
0.2587186730283895,4.541264552408495
0.7728632706298482,3.143388996916784
0.1023805148464196,4.366785400432762
0.23752661113647955,2.15307641485227
0.2820708045315608,5.005769912451947
0.16888419314187983,5.417621566341464
0.47796475527759114,3.7255932053780194
0.4973144649194732,4.249268196821702
0.9718085711980894,5.243147071924878
0.11684794375198627,3.492652370992362
0.3004280303368939,3.375815171016727
0.5036502808375103,2.7360179149264345
0.39999409353403037,3.7835122821473486
0.3922026245706567,4.248702303385373
0.13153691631927242,3.433934522829366
0.39192314221147145,4.016136402511028
0.3883632403887243,5.650378427140826
0.3602777593441593,3.259862907278973
0.39309855651776043,3.0265308379249887
0.39060401573131187,4.369009384925332
0.5240823700625966,5.650273632060023
0.16407906315153709,4.015756811440569
0.32119167867469706,3.2011776620300045
0.10020043898779579,4.3073898774139145
0.7007972882827128,5.126074665212333
0.1879880415094638,5.475827082998318
0.09429916330075162,2.968774775725796
0.9555921651365176,3.725651424867354
0.11424365224749233,3.0272970064046283
0.18550284201431685,4.4815127261149215
0.045314831017965775,3.9574767738373664
0.05167882208588015,4.893394654138893
0.3211930023394564,4.831644734971367
0.19903493158194469,2.968583815800779
0.10342242810698142,4.075089457410934
0.28492076821538725,4.017223942571793
0.4546149307330004,3.4924870276426523
0.0963965290214136,4.427638739464539
0.1308492157483085,3.4925662061481466
0.17676918847524883,4.2499528580162735
1.0488057720586426,4.482213688766506
0.5725008923892567,4.248702303385373
0.12762265053095487,3.2587753672182087
0.2568346820669323,4.1905829515727335
0.06443596266540735,2.9678455926760203
0.19778342546149053,2.3864075526944246
0.05652426712289291,5.942009164334598
0.47328730220803444,3.0272411156948675
0.48632540008747865,3.957637459627929
0.4810874695398266,3.200656015405569
0.1538070086101775,3.0272411156948675
0.755635962882076,4.834765299599685
0.4364224822807079,4.249268196821702
0.1784954742353797,2.9686117611556595
0.40765773430064556,6.115622010309036
0.2899722511269387,5.476337085724887
0.9577879358772877,6.465886759601164
0.6166201515775985,5.708497778953465
0.29510651981443825,3.3181080131885743
0.3004487929641189,4.9522825032107445
0.11258948730724865,3.2594763298697935
0.24218742384906172,5.475827082998318
0.6009146801131298,5.5917467438220445
0.412717159200753,3.5504084331915546
0.6114900051603495,6.2914402105394585
0.24742316089511251,2.9686117611556595
0.6681659264456691,2.15307641485227
0.21325109109719653,3.725232244544147
0.3520068211859615,3.8996904375037196
0.17332221416596946,5.123086841019696
0.29332377029757345,5.650378427140826
0.3614397479078893,3.667124536629374
0.19741416081262933,3.492652370992362
0.6859616536600924,4.01626914294671
0.14882280568739334,5.941582997672672
0.34225678220669026,4.541101537838358
0.21165785255487535,3.841717798804203
0.14781065597441997,2.444708549313787
0.06578420977027229,3.5504084331915546
0.22701773406017844,4.540144409433703
0.9236063735120976,3.7831629652113428
0.12093069315467053,3.7260775915292803
0.12027003316379016,2.678040618667771
0.2640499786700643,3.725567588802712
0.5591802866311774,4.892884651412324
0.3540554004054937,4.074388494759349
0.3055507642314907,5.70858394379768
0.35879336386404853,6.174689175408038
0.2802065550845142,2.154163023401205
0.19330879565205702,4.016108457156148
0.180427419680118,5.708933260733685
0.10039392095661735,4.714458218059726
0.5188353629565949,5.243147071924878
0.4800875353616323,4.540579891213923
0.2391864111066987,2.444354574818634
0.5600860515164934,2.7360179149264345
0.5226811763673583,2.7935294552704235
0.0805902321212767,5.708933260733685
0.22257037174478722,4.1905829515727335
0.4830275838870797,5.650953635695448
0.11770961169131987,3.7263314285027787
0.2577747865980047,5.999809473345685
0.27864300445179524,3.6094197075807952
0.7972561430047944,4.831777475407049
0.4974074996425578,3.1427089932813597
0.048050770437523815,2.9100592563423735
0.6263271525426948,3.9003494821229836
0.46207321436695303,4.370094596206523
0.23212133154425457,3.259807016569212
0.48500135713821296,3.725232244544147
0.2820577947979262,4.016844351501333
0.05283472179171722,3.491965381018217
0.5666744983085977,5.999809473345685
0.7472310698502337,2.4443871777326613
0.46412111284460905,3.085928689723409
0.3491774688533876,5.941177790026905
0.09445043927324699,4.835445303235109
0.6017951062730528,4.602339125499743
0.17123108857917294,3.0272154991195603
0.15125857575852744,2.968583815800779
0.30758909450388633,4.7730899013785075
0.339237691985614,5.708933260733685
0.060114613235104766,3.493001687928367
0.29809497665108414,3.6094197075807952
0.16053610423770942,4.540579891213923
0.7053760337802162,5.0647229673518535
0.12855738476500372,2.5041040723326335
0.36286363299900193,2.7366699732069786
0.12100875155647815,3.783598446991564
0.5007431348360806,3.724531281892562
0.3624775010792075,3.492647713433215
0.04293064605345259,5.126396036793458
0.06940851733830936,5.185707723747663
0.558411804690901,4.016164347865908
0.5657626823843819,4.541264552408495
0.3209821236337978,3.7831629652113428
0.6146554548848149,3.550352542481794
0.6581563735355819,3.2587753672182087
0.2212518125495245,4.248788468229588
0.7727467881310268,4.307769468484374
0.1045023494556327,4.598699243026562
0.5949846619913115,6.174689175408038
0.05606567401227322,3.72482703689838
0.13000286450119003,3.667124536629374
0.6506765330755487,3.2594763298697935
0.31494606105526024,2.9108230960424395
0.08416484553234903,3.375815171016727
0.09371338491625644,4.015842976284783
0.3501463914572204,3.4350220628901305
0.7617410829420578,3.9574767738373664
0.42153617020730155,5.126074665212333
0.05742057725992795,2.968774775725796
0.5598591375577503,3.841664236874015
0.10339928288318963,3.4342815109857985
0.38483699746985733,4.893972191473089
0.05985177123289407,4.074663290749007
0.354866579989007,5.476337085724887
0.410539163386751,5.185027720112239
0.2798896319221364,5.125990829147692
0.25880898478396924,3.201368621955021
0.1244407873634736,5.649952260478898
0.5519837104296417,4.482632869089713
0.3359340894792672,4.016457774092153
0.8759794027115196,3.3178425323172105
0.0979767956490933,3.491965381018217
0.21154280717779264,3.7259122481795717
0.3756758380325174,5.125990829147692
0.11317670281348254,2.4443871777326613
0.7401460596784133,4.191323503477066
0.631054526683175,2.9689308039572118
0.2930818800175534,3.0264772759948015
0.367356453744128,3.200656015405569
0.3512949920973845,3.4350220628901305
0.5374619734499492,3.2587753672182087
0.46384957247397984,4.016136402511028
0.07928415319374485,2.677463081333575
0.5585570296244965,4.773145792088268
0.35508108931800536,2.5030188610514426
0.07796899770786328,4.016543938936368
0.10162197930133472,4.1910021318959405
0.07011682926052577,5.941687792753473
0.23573247810268452,2.6769530786070064
0.42997850404233656,5.243147071924878
0.2092633808242325,3.7841969433419202
0.38525414096401334,4.892884651412324
0.2215264162585967,4.4287262795253035
0.16445793382465174,4.074793702405116
0.2077978192026974,4.660640122119104
0.5701243468613545,3.6674459082104995
0.16018745094010073,4.893394654138893
0.16350273951532288,2.734900100731216
0.219077636453828,3.0265308379249887
0.1482473897070141,4.370094596206523
0.5172628492225056,3.5509184359181236
0.06856768766418699,4.4815127261149215
0.18409658057399994,3.375815171016727
0.6718585729342809,3.783842968846767
0.7240049134131579,2.6195137304297917
0.5830315910245903,4.369009384925332
0.15046899082008788,6.000130844926811
0.24401033713662398,3.725567588802712
0.3990573170743528,3.5514400825425585
0.5246262071837176,3.7252462172215868
0.6045846352058672,5.358640566086677
0.3192215738658967,2.6777192470866455
0.2158048186078839,2.9689308039572118
0.43983829373965316,6.406933704701258
0.24071422279091562,4.3073898774139145
0.3448951486239888,3.5511187109614335
0.3993352866738131,2.968774775725796
0.420469296411278,4.540144409433703
0.11231182025973341,3.841717798804203
0.250254820186267,3.725651424867354
0.13858928870002693,2.9678455926760203
0.5333170118035762,5.534458766317099
0.49932189707448665,2.6188313980147937
0.49655052125837157,3.550352542481794
0.5700812332091933,5.125990829147692
0.7772332552853081,4.1905829515727335
0.06447196634686124,4.016136402511028
0.4211617621753755,3.2600003052738025
0.21946301199375995,3.725567588802712
0.30059084110229206,3.841664236874015
0.4540850866393354,3.6674459082104995
0.7647722752409337,4.6603187505379795
0.07307215665919521,4.248946825240576
0.7540816022646862,5.650953635695448
0.2125804847111246,3.2594763298697935
0.24378421737673653,3.957637459627929
0.28870085221610137,4.3077415231294935
0.24893312201457501,3.492647713433215
0.09155618954847254,5.1845177173856705
0.09864793150106899,5.184622512466472
0.3497658945674014,5.649866095634684
0.062481779652712226,4.1905829515727335
0.07856767236901367,5.475827082998318
0.721114785958634,6.115622010309036
0.08049810505402702,2.7360179149264345
0.5093030857397308,4.773525383158728
0.06826683757388684,2.154163023401205
0.2226115944472922,4.95260387479187
0.163987427731198,3.2587753672182087
0.2040565753079214,5.358640566086677
0.11082012571394972,5.649952260478898
0.19804180482251263,3.7841969433419202
0.04892053164138592,3.0262094663438632
0.0667422026850923,3.2594763298697935
0.5841483858915373,4.248702303385373
0.6264024123390112,2.9682647729992273
0.3380820191937357,3.6090377877307627
0.22584368123764192,3.5504084331915546
0.9889738557971384,3.1427089932813597
0.6747127723453371,3.260321676854927
0.43480004747569506,2.6195137304297917
0.14223954009734696,4.598645681096375
0.6201358051783907,3.0265308379249887
0.4391859161082669,4.598645681096375
0.7232610138184119,4.369009384925332
0.5238596161930973,4.4815127261149215
0.7131603171348964,3.201336019040994
0.38147904907039154,3.259154958288668
0.07170401676394714,3.5514400825425585
0.09250767759647525,4.540013997777593
0.09319639928025354,4.0748239765395695
0.5598530865188506,4.482213688766506
0.30407521839577095,4.249789843446138
0.244050652183294,3.492286752599342
0.7615693847132755,5.0647229673518535
0.16472731851267283,5.650273632060023
0.6067592273104881,3.084841149662645
0.2807542119239405,3.4342815109857985
0.789442739025409,2.734900100731216
0.5463467895045332,4.714458218059726
0.340385914435847,3.260321676854927
0.2720992975285563,3.7835122821473486
0.11042885041109048,3.3178425323172105
0.48656063422470897,5.941177790026905
0.7113676968608263,6.407255076282383
0.6020787487214816,4.6603187505379795
0.18345539736457833,4.661406290598744
0.18332420327743174,3.434339730475133
0.10432652895659997,5.417707731185679
0.23132561992892894,2.9682647729992273
0.06645784167579413,4.540144409433703
0.6380170033172742,4.892884651412324
0.6301109428047351,4.1905829515727335
0.47707563074924964,3.6090377877307627
0.2161331631061851,4.248788468229588
0.08705069944064998,5.1845177173856705
0.13717342123545656,3.201340676600141
0.454171692133589,3.551631042467575
0.9130571435701335,3.783598446991564
0.7241036209852112,3.957637459627929
0.8375435818098287,3.783598446991564
0.21121922787262504,3.7838639278629276
0.338105013141555,4.249268196821702
0.673981353018322,2.7935294552704235
1.0383696209061184,3.783032553555234
0.32229546380800944,4.249633815214722
0.317184453801281,3.434020687673581
0.39794997695568674,3.724531281892562
0.3719957852686159,3.841717798804203
0.41039998949205525,4.5403353693587185
0.33935667053798163,5.5917467438220445
0.531281593593651,3.7260775915292803
0.5361216683336403,5.650378427140826
0.3259950689913561,4.660640122119104
0.6775374729417568,3.491881544953576
0.3068371016446119,3.492647713433215
0.4736836452559723,4.831644734971367
0.35185607467936986,4.016457774092153
0.1452472089824998,3.7252462172215868
0.19448901297047272,5.418387734821104
0.07817669961809941,5.942009164334598
0.7173688146897175,4.1910021318959405
0.09791961333149005,5.883056109434692
0.0893535357509538,2.6188313980147937
0.2112495965241035,4.3077415231294935
0.636035666267516,3.317786641607449
0.7007481235916518,5.94149916160803
0.5442958655074273,4.4287262795253035
0.3198365106940904,5.126396036793458
0.3496702503337912,1.8625313546956026
0.053439485310760565,3.783032553555234
0.13918089120946317,3.200656015405569
0.6361460977274377,3.433601507350374
0.03878636514895584,4.307899880140483
0.5682080584797695,2.444354574818634
0.0922875710564945,4.1910021318959405
0.2802019411673531,2.968583815800779
0.11907933998427914,3.491720859163013
1.1205639078017497,4.831777475407049
0.15294791236237631,5.70858394379768
0.8598738062998007,4.2499528580162735
0.11035151057015223,3.084841149662645
0.4947529845151954,4.016164347865908
0.06581049397049335,5.650953635695448
0.3581760444392881,5.650378427140826
0.09364803369613844,3.4344445255559344
0.3423813957890333,4.016522979920207
0.41078952512123085,3.609803956210402
0.3021868026121181,5.184196345804545
0.05673325487889526,5.417707731185679
0.25461671157719834,4.720037973917525
0.0545388456218775,5.185707723747663
0.41210713884166544,3.433601507350374
0.40447602240913677,3.201368621955021
0.26117274749219554,4.657330926345343
0.8440942096088092,3.551277067972423
0.18852457956491175,4.016457774092153
0.395396438539965,3.259967702359775
0.7116335643824869,4.307420151548368
0.6811268735791405,3.8996904375037196
0.18962488535085678,5.708497778953465
0.3712703035235212,2.9689308039572118
0.2812895019526154,5.358640566086677
0.048420564552288735,3.259285369944777
0.5082157896874203,4.0748239765395695
0.14242020142749953,3.201340676600141
0.47289587562920266,3.7838779005403684
0.06801492526068892,4.1905829515727335
0.2782785806340539,4.248788468229588
0.2928751614011385,3.8996904375037196
0.6352369291327404,3.259807016569212
0.049606908547590506,3.550597064336998
0.26323993365634474,3.7835122821473486
0.2089550047543007,6.465886759601164
0.3891755923610244,4.5403353693587185
0.6931858377266085,3.783032553555234
0.06785491310078196,4.0748239765395695
0.6198449771212684,3.3185271935117813
0.8450570811737422,4.5405240005041625
0.48844666741179493,5.064401595770728
0.4385592553922049,4.71895043385676
0.5753063052991833,3.8996904375037196
0.14263837919883096,4.832157066477508
0.4404944532703518,3.7838639278629276
0.9728909507812937,2.91046446398814
0.052691765997709104,5.5917467438220445
0.46037060329651774,3.491881544953576
0.3369598918487582,3.2600003052738025
0.3965729874160477,2.6188313980147937
0.7285696658832055,2.4443871777326613
0.23627453773112853,4.07846385901275
0.34278049962346924,2.154163023401205
0.37917435962942464,3.784120093615998
1.0676260157967907,3.2594763298697935
0.2880875037856189,3.7252462172215868
0.7785270430400746,3.2604055129195686
0.4674049360175522,3.725567588802712
0.3191118609668445,1.9211628051364262
0.5301058010974309,4.831644734971367
0.056960547027569544,3.724531281892562
0.20638304848892763,4.719271805437885
0.15687707883398463,2.91046446398814
0.33536612384053327,5.883377481015818
0.25198931266790575,3.783032553555234
0.05912557092693008,2.9100592563423735
0.5201722643635227,6.465565388020039
0.08952005277767806,5.417621566341464
0.08823526594327494,3.2604055129195686
0.5620499918294145,3.7249108729630214
0.06689245754477333,5.12675699762733
0.6903066777800905,4.249468471865012
0.04825506863837881,2.5041040723326335
1.133010138438806,5.941687792753473
0.07842267434937687,3.0265308379249887
0.396873270221451,3.2587753672182087
0.24085040898515456,4.719271805437885
0.2902299875650777,3.784120093615998
0.6337665266800856,4.016457774092153
0.3204768618856633,3.7842248886968
1.1656536023536492,3.7842784506269878
0.29662192686891053,3.433601507350374
0.3038809044091006,2.677463081333575
0.19480423427815993,3.842910133945769
0.9179879838936198,6.407255076282383
0.3549376796960798,5.942009164334598
0.5226478956534094,3.783598446991564
0.05190959358192182,4.370094596206523
0.06984676383062842,3.201773829600788
0.46258187982446874,5.064401595770728
0.24788776722563893,2.9694547793612203
0.09831489744762043,3.492966756234767
0.1069285891404996,3.841717798804203
0.610009391579551,4.598967052677501
0.904017647833673,3.2016899935361463
0.06558153778612162,4.307420151548368
0.6600102605785126,2.91046446398814
0.14467580181539166,5.184196345804545
0.37854883348315627,3.259862907278973
0.5979542093313955,3.3185271935117813
0.16303669606305776,5.5917467438220445
0.04538680056188045,3.842227801530771
0.07556915568019681,4.540579891213923
0.6405573050854024,3.201340676600141
0.49367892511047834,5.126074665212333
0.13362671824130962,4.249268196821702
0.6403999780740073,4.1905829515727335
0.10923271129656963,3.1427089932813597
0.2385568761471592,2.502986258137415
0.18200628700505211,4.01687695441536
0.949552093744709,3.492286752599342
0.3903048674957023,3.783032553555234
0.6332147475704087,5.708933260733685
0.2515949362076103,5.883377481015818
0.253629295485728,3.7257562199481558
0.45235146399453846,3.3181080131885743
0.29880279692638995,4.307899880140483
0.16055278241367701,3.433601507350374
0.38006575329735354,4.893650819891963
0.4336605612128737,3.0851625212437703
0.16902813222970917,3.7259122481795717
0.40068882843771536,4.307420151548368
0.10695891997298494,4.249789843446138
0.253824441490247,5.94226533008767
0.19860908971937022,2.9678455926760203
0.621362275125397,4.191323503477066
0.2986328005522983,4.719271805437885
0.5698622612390063,2.7942956237500627
0.13996752626643907,5.883056109434692
0.652926384976486,2.9678455926760203
0.6272355647575295,4.248702303385373
0.40901770529337883,4.541264552408495
0.1746414541031084,4.366105396797337
0.0846379611363283,3.259541535697848
0.459293896562282,3.7249108729630214
0.9027378531063621,3.084841149662645
0.2834639806002569,2.968229841305627
0.331178010723006,3.491965381018217
0.22218465583391717,4.5403353693587185
0.2737340991443207,3.608718744929211
0.20608499700411861,2.794616995331188
0.2123186260027351,2.9678455926760203
0.17149858231753787,4.016108457156148
0.3806084558486807,5.127076040428882
0.8369135173843855,3.4344445255559344
0.586720833803821,1.8625313546956026
0.17118479813158932,3.8419856084551403
0.23386100522795122,4.016164347865908
0.6535118229900431,6.000214680991452
0.1372400961203339,4.307473713478556
0.1848961875456173,3.434020687673581
0.16759880120358672,2.735663940431282
0.3168168531881173,5.5917467438220445
0.7979629799862791,4.075089457410934
0.07524784551461666,5.0647229673518535
0.6640103754812213,4.307769468484374
0.3991015652963077,3.9583221208225003
0.3190667050890546,3.026861524624408
0.5755975115462368,3.433601507350374
0.3568943965813142,3.492233190669155
0.510648685515077,4.482213688766506
0.06494878821216664,3.5504084331915546
0.08319516654865376,4.249214634891515
0.052484026268479846,3.7252462172215868
0.3931443174994403,5.127076040428882
0.3413680736872731,4.249789843446138
0.05673159084319781,2.445474717793426
0.16049333095648635,5.417707731185679
0.06568701495794402,2.444354574818634
0.27834067942076324,3.5515984395535476
0.35278006831937153,4.5403353693587185
0.6802559021674985,3.8427494481552062
0.9715203904704858,4.074793702405116
0.6133552379012173,3.9574767738373664
0.3592652692602478,4.016522979920207
0.042789543390107536,4.831777475407049
0.24478089912152223,4.249789843446138
0.11935405715033073,3.7834587202171615
0.44947986784664523,2.9101430924070146
0.16825492291529226,4.016844351501333
0.33893510222163015,3.725232244544147
0.06792718519664162,5.709263947433104
0.11242202480569628,4.5405240005041625
0.38666970587663874,5.94149916160803
0.28933957719097,2.7360179149264345
0.11139342383071404,6.1742536936278185
0.2002336802069911,2.9693499842804183
0.23176666502673915,3.201336019040994
0.15933516211106183,3.259541535697848
0.4221038332940904,4.482632869089713
0.8781615586147653,4.657330926345343
0.5224149306557665,3.433601507350374
0.2996692678778503,2.444354574818634
0.07534575888781428,4.893394654138893
0.5521890675623041,4.834765299599685
0.24628170804464874,5.417272249405459
0.6108293073504759,4.599211574532704
0.3123003577532957,2.9686117611556595
0.2720671513844011,2.9678455926760203
0.3224857311624155,5.883377481015818
0.44780789016064027,3.550597064336998
0.13843702943371033,5.417707731185679
0.46250435088856484,3.084841149662645
0.6267681220025187,4.773145792088268
0.5978184391460809,4.893972191473089
0.3137158092089417,5.358640566086677
0.4304841439804023,6.233320858726819
0.2564322501611015,5.185027720112239
0.31308037448647497,3.957637459627929
0.34609249794628955,5.649952260478898
0.06941918229437027,4.01626914294671
0.395120359890161,3.7834587202171615
0.3257150949852603,3.491881544953576
0.11807562390677241,3.4929714137939136
0.39682297096059627,4.016457774092153
0.21478302505166397,4.773525383158728
0.03971580472396735,3.667124536629374
0.4042744471757867,3.667124536629374
0.08359506458194524,5.064455157700915
0.6886952104830837,4.835445303235109
0.4952121070917188,3.433934522829366
0.045421556216561264,3.4929714137939136
0.23625294308605482,4.1905829515727335
0.1739691458623459,4.481892317185381
0.35192653146355957,4.016164347865908
0.7016417863991682,5.417952253040883
0.49627141708911765,2.7935294552704235
0.3975112766354502,2.15307641485227
0.4846802738865916,4.598645681096375
0.42219384249772507,3.9583221208225003
0.45457786811973905,3.8421439654661294
0.22773928262998822,3.9574767738373664
0.9074228699745436,4.016136402511028
0.3063591073905197,4.248702303385373
0.698651438612866,2.968688610881581
0.5529579276925118,2.794616995331188
0.48991290977520624,3.201336019040994
0.13570381298165723,2.9108230960424395
0.5434082537388107,4.307473713478556
0.2385073710851601,3.2598955101930005
0.7164539732460518,4.893650819891963
0.13141725702502857,4.016164347865908
0.12635802121988673,5.29740064964572
0.18008818331179713,3.084841149662645
0.7650494884605314,2.9682647729992273
0.24533362370602718,2.3864075526944246
0.7687031813862256,3.2602424983494322
0.463145382822014,3.550087061610429
0.5535365582873065,6.233320858726819
0.18279485083067734,4.016108457156148
0.21578148428912652,3.7257562199481558
0.47474749353254597,4.248788468229588
0.04008302714719985,3.027562487275993
0.5096536678059888,4.01687695441536
0.37394459798428736,3.259541535697848
0.2591793083646379,3.4925662061481466
0.08370636587870871,6.174689175408038
0.22521115857764568,2.734900100731216
0.31451004588353554,2.9689308039572118
0.30561853586716864,5.650273632060023
0.1890955707230955,4.71895043385676
0.13120698342326,4.6603187505379795
0.29780864905414356,4.893394654138893
0.4425257113910333,2.91046446398814
0.1471279475105484,3.493001687928367
0.5592181056243012,2.9108230960424395
0.44307181765174164,2.7942956237500627
0.1889199771380215,6.1742536936278185
0.43729269731248743,5.005769912451947
0.7087430587380319,3.783542556281802
0.3206848285288513,3.4350220628901305
0.4931434081678447,3.4936537462089117
0.18906206309518778,4.075154663238989
0.07973892658605905,4.016522979920207
0.18334833179504473,3.492652370992362
0.5318783773051452,3.201773829600788
0.4795232759842246,5.127076040428882
0.42385636543544913,4.307769468484374
0.29642065418750546,5.358640566086677
0.18326369288843358,5.185027720112239
0.14568787589037877,3.4929131943045792
0.4371236464132239,4.4815127261149215
0.2038241775951754,3.3174070505369895
0.4134860193309607,3.550597064336998
0.3123741426088803,5.942009164334598
0.11942356845969236,4.016108457156148
0.08263627746826963,3.7255932053780194
0.1744379122821159,5.476337085724887
0.40678638469907225,2.735663940431282
0.5436408405465223,4.015842976284783
0.2060261128318248,5.358640566086677
0.4651592442058585,4.307899880140483
0.4755976644979699,2.91046446398814
0.2876550057802547,3.5511187109614335
0.2569134968486023,4.428404907944178
0.17975685111303918,3.841717798804203
0.7975193631969365,4.0748239765395695
0.5798687886296434,5.417272249405459
0.43378687664990734,3.957637459627929
0.137321671688502,2.6188313980147937
1.0222209108422382,5.126074665212333
0.49979841638784706,5.125990829147692
0.6040056264211413,3.5507880242620145
0.3034558189263886,3.667124536629374
0.2060443794055036,5.242828029123326
0.3141328014271252,3.842227801530771
0.13617416779913843,4.835445303235109
0.16867244459937944,5.185386352166538
0.43129573957283995,3.725567588802712
0.48667484758394297,3.958159106252364
0.3610544858249367,4.772824420507143
0.16731436455630233,5.709263947433104
0.055309180692817025,3.957637459627929
0.37639262140919366,4.249789843446138
0.04286279877978842,4.951516334731106
0.5447580136034006,3.2016899935361463
0.1626366845727869,4.773525383158728
0.31616905165489906,6.115622010309036
0.3666024942972111,3.0264772759948015
0.31190609474997966,3.783190910566223
0.41129667781902157,3.550352542481794
0.2294847048006397,4.482632869089713
0.21189274632116756,3.259285369944777
0.3758635715143842,4.541101537838358
0.5281010162719361,3.259154958288668
0.3722082145529924,4.893650819891963
0.19397471248298162,2.212794473842029
0.13661332194729248,3.491881544953576
0.3566367357811615,3.724531281892562
0.25336165047139053,4.481892317185381
0.260798490736242,2.9689308039572118
0.6266028530025677,5.94149916160803
0.6321289642778233,2.15307641485227
0.623440428797552,4.1905829515727335
0.09298915119793488,3.433934522829366
0.2507663977062532,3.957637459627929
0.4359346172694103,3.492647713433215
0.11285202675751435,3.2016899935361463
0.17573332625358684,5.534458766317099
0.8412944695478513,3.201773829600788
0.5632620905590335,2.5041040723326335
0.232232935392963,3.201340676600141
0.7422885056388789,3.201773829600788
0.5103003725884065,2.9689308039572118
0.48003231963167153,2.6773000667634386
0.7029904116939644,5.184706348531114
0.5426779689815893,4.370094596206523
0.2980624144980045,4.0748239765395695
0.17546575687723565,5.47593187807912
0.40708023827564443,4.307420151548368
0.4716588163641218,3.433601507350374
0.317191752866954,4.074793702405116
0.48751556380108596,5.006091284033072
0.25437349763241895,3.433934522829366
0.5567576019316641,2.212794473842029
0.2615317253749271,5.29740064964572
0.4625739378359128,3.958159106252364
0.42589329640509926,3.5509184359181236
0.3573302604770665,5.883377481015818
0.8038491280760737,4.249109839810713
0.28239793882208203,5.123086841019696
0.21442624067053365,2.5030188610514426
0.4953070327644597,3.259862907278973
0.23540103244694718,3.491965381018217
0.6148063526673792,2.968229841305627
0.40653867029411106,5.126074665212333
0.6210718252582058,5.064455157700915
0.21122191302113685,4.541264552408495
0.13550639783755078,3.724531281892562
0.39645045387832645,5.358640566086677
0.09294928997918235,2.15307641485227
0.18935009254681895,3.841664236874015
0.663104232405974,4.657330926345343
0.4529996815366811,5.70958531901423
0.796592419675471,2.9690961473069213
0.35751179164406094,4.248946825240576
0.11758484683300431,4.54041920542336
0.6406238665133004,3.8996904375037196
0.38443422519308845,4.074388494759349
0.09826403090186887,2.9682647729992273
0.064965693302093,3.433934522829366
0.0841375024003205,4.133294974067788
0.4071895351657724,4.773525383158728
0.18331819005752503,5.123086841019696
0.4220887056968408,2.9100592563423735
0.04539220867789716,4.5403353693587185
0.8143329311599337,4.773145792088268
0.21390747754185394,3.5514400825425585
0.3343425527916365,4.5405240005041625
0.8466091726515446,3.6674459082104995
0.3561528795831351,5.708933260733685
0.16182395441055558,2.73593175008222
0.18151267350679973,4.074793702405116
1.2471542889153895,3.492286752599342
0.45583837516055664,4.951951816511325
0.12457886450736874,3.725232244544147
0.26963886947390553,2.677463081333575
0.5761099589030648,4.482213688766506
0.16160452861245103,3.434700691309005
0.4988499160403011,3.7833539251363595
0.4127387160268336,3.725651424867354
0.3909046767266464,5.184196345804545
0.46312155685634593,4.307769468484374
0.5151423382780519,3.9574767738373664
0.48144674997450315,3.5507880242620145
0.32832990016984265,5.708902986599232
0.5817325086107864,3.4344445255559344
0.28415720274421685,3.4924870276426523
0.41827541662016393,5.649952260478898
0.2500574806801468,4.5405240005041625
0.3418858535221316,4.599050888742141
0.9497479961290903,2.9111444676235645
0.6099488811905529,3.7841969433419202
0.29669431242174954,3.0268964563180085
0.29399233445801676,2.91046446398814
0.4130575301388676,4.2499528580162735
0.3123616245221563,4.308156045893553
0.39399751398431415,2.735584761925787
0.36162048487602816,2.502986258137415
0.20666143409731222,4.0173869571419285
0.22565439717705707,3.492647713433215
0.1853097004164334,3.9574767738373664
0.4223432275205643,2.9682647729992273
0.4979138959604861,4.892884651412324
0.23635354160776423,4.249109839810713
0.16518349120773262,3.551631042467575
0.48359033050476247,2.154163023401205
0.25877963724530517,3.259154958288668
0.05484582238906372,3.7833539251363595
0.38927770364245873,3.202456162015786
0.12580397297062246,3.491965381018217
0.522284076939558,2.444708549313787
0.22840777115244523,2.9100592563423735
0.3823798974866014,3.434700691309005
0.4228159649346123,4.016543938936368
0.32183819436214905,2.91046446398814
0.060622560131751074,3.2016899935361463
0.08007804949740052,4.249268196821702
0.08513951662313668,5.708933260733685
0.07903855665239862,5.359322898501675
0.4138471907152934,5.417707731185679
0.5821927657571034,4.834765299599685
0.6525720210109156,3.2016899935361463
0.3535736620710822,2.9689308039572118
0.5689251065893975,6.174689175408038
0.26723437571008485,2.6188313980147937
0.16364573312832412,3.842227801530771
0.3500817209789786,4.074793702405116
0.20901857848174188,3.783190910566223
0.07867314954083608,6.1742536936278185
0.5086106199756333,3.7834587202171615
0.10767509824577111,3.725567588802712
0.4055682349305533,5.125990829147692
0.08237733082235069,3.5505132282723566
0.38738221570709186,3.783842968846767
0.44071720713985124,3.2598955101930005
0.1134664719387974,5.475827082998318
0.29939731149829674,3.7842784506269878
0.08542849154959595,4.0751756222551485
0.208732780350705,5.243913240404517
0.22480165452010073,3.8421439654661294
0.12312548060161954,5.650273632060023
0.07065756522421045,5.708902986599232
0.5092845544331001,5.941177790026905
0.852666262590259,3.4929714137939136
0.21887420808981486,3.9574767738373664
0.04255461180482224,3.9587576026027205
0.24767299316368863,3.4928083992237777
0.06804744959477543,2.735584761925787
0.26521658115095537,4.249214634891515
0.36075904385065327,5.94149916160803
0.32474564291552377,4.481892317185381
0.27151888944108477,4.075089457410934
0.26365847645324625,4.893972191473089
0.5394024659871335,2.6773000667634386
0.822049140326991,4.249214634891515
0.22190116466146087,2.9100592563423735
0.6552098957813035,3.201336019040994
0.10621691132789517,3.492286752599342
0.5260194588903998,2.444708549313787
0.7480460691520524,5.184706348531114
0.2776968867008161,6.115622010309036
0.0685705619076644,3.492233190669155
0.7925529730199136,4.660640122119104
0.6985474363817755,3.084841149662645
0.05942029434034417,3.7249108729630214
0.6523814132855714,4.370094596206523
0.3308163476917627,3.7831629652113428
0.5054655925074546,4.248702303385373
0.27651402205288167,4.307420151548368
0.5288918114181556,6.407255076282383
0.6901693948350509,5.417621566341464
0.11729231692119141,3.724531281892562
0.23260008217820924,4.015842976284783
0.22606189682796649,2.968688610881581
0.5611048951912496,5.184196345804545
0.29203788671236974,5.883377481015818
0.07967629833344596,5.064455157700915
0.13306741315200113,4.893394654138893
0.11997791926090161,4.0173869571419285
0.08573316135820161,4.951951816511325
0.33259830300977183,2.7359853120124074
0.28604773639148456,4.370094596206523
0.45390128633275345,6.232808527220677
0.5914947253058435,3.201336019040994
0.0919520787684929,3.2016899935361463
0.6539966624818906,4.01687695441536
0.7994685541025393,5.418387734821104
0.16876400438173228,2.9101430924070146
0.5967617764782008,4.714458218059726
0.4278772807843759,2.6781454137485725
0.13913028939666347,1.8625313546956026
0.26352266844893857,5.999809473345685
0.24640197244278259,3.201368621955021
0.590978496049703,3.725232244544147
0.2759615622013286,3.841717798804203
0.2659595352708733,5.708497778953465
0.6465996456167986,4.951516334731106
0.09694717356129672,2.7359853120124074
0.31342607790261995,3.5505132282723566
0.09220013354439219,3.957637459627929
0.4469649048039098,2.6195137304297917
1.061369997954245,3.958159106252364
0.379022705466998,4.714458218059726
0.17895905945309173,4.0751756222551485
0.4507921869080425,4.660640122119104
0.6058307710292979,2.9686117611556595
0.27305611805458957,3.4344445255559344
0.16845880510722286,3.783190910566223
0.4237111405018536,3.375815171016727
0.3728287864111616,3.7831629652113428
0.06391406056029834,4.481892317185381
0.29873249141817276,5.185027720112239
0.39809104180003874,3.492233190669155
0.42170975938573996,3.7835122821473486
0.6510690942241741,3.5507880242620145
0.337427674974707,3.9574767738373664
0.1614039366729222,4.016136402511028
0.04896179216288402,4.598699243026562
0.08199316549019871,3.72482703689838
0.31268974210649875,5.417272249405459
0.20945304307474855,2.9108230960424395
0.2924555218534363,3.491965381018217
0.24380743823851456,3.0265308379249887
0.44684804411515716,3.2604055129195686
0.7836352544413119,2.15307641485227
0.7845610633929835,6.232808527220677
0.1605242290738685,2.503340232632568
0.6384545690677169,3.7833539251363595
0.2338772673949945,2.2117078652930933
0.3828431801523684,3.4342815109857985
0.11521889062317682,4.772824420507143
0.051634422587952755,4.893394654138893
0.42910791082062577,2.445474717793426
0.7477639394633485,3.201773829600788
0.4006986613759275,4.248702303385373
0.6117717566591221,3.5505132282723566
0.1321181186055996,4.4815127261149215
0.3899626056079315,4.191323503477066
0.31505982058657683,4.249789843446138
0.12358119946876181,4.369009384925332
0.071540903446604,4.017223942571793
0.22951061081092958,3.8996904375037196
0.08663487961125335,2.9100592563423735
0.28488366778313273,3.491720859163013
0.3506592170039797,4.369009384925332
0.25436355123722737,4.2499528580162735
0.0877444132315206,3.259154958288668
0.5828916607500321,3.783542556281802
0.47485565585288014,3.8996904375037196
0.775911859665561,2.9697761509423457
0.0493362758327963,3.72482703689838
0.6489092515268716,5.184196345804545
0.8991026914872986,3.0268964563180085
0.12154600817279543,5.649866095634684
0.41628046473288133,4.016164347865908
0.3851100506002115,5.243147071924878
0.2531404471806092,3.0264772759948015
0.07838428807135618,4.307473713478556
0.13724474785648813,3.783542556281802
0.06047162453019383,4.7730899013785075
0.30865683813675177,3.084841149662645
0.31016763127406294,5.708933260733685
0.17421648207737583,5.126074665212333
0.2825008064833789,2.735584761925787
0.23489452267203959,5.184196345804545
0.0774553779622484,5.476337085724887
0.08167336808434351,4.3073898774139145
0.08030174884172804,4.016108457156148
0.3108721991159601,3.434339730475133
0.25078122275155773,6.698564441895031
0.35511592061067243,5.708933260733685
0.3297437632277775,5.941687792753473
0.35446407244518996,3.4928083992237777
0.7533713615738205,4.366401151803155
0.20567556858455993,5.184196345804545
0.09523083419635744,4.137095542331531
0.167658744307688,2.968688610881581
0.3733942938153424,4.892884651412324
0.4550676240806928,3.9583221208225003
0.09106855145113374,3.2594763298697935
0.14660037255647082,2.7946495982452157
0.29170628978065993,3.7842248886968
0.24832514388111615,4.482632869089713
0.3432078920647617,3.5509184359181236
0.2950691546492319,3.725567588802712
0.23757214520420064,4.016108457156148
0.3842723599025184,3.2016899935361463
0.39487604919458097,2.9690961473069213
0.11056019577420959,3.5509184359181236
0.29991236836565033,4.598699243026562
0.2720882165635711,4.0173869571419285
0.21421407611910892,3.200656015405569
0.12925132546983306,3.1427089932813597
0.13575494426036064,6.698564441895031
0.1559279355635556,4.427638739464539
0.14256833842356562,5.123086841019696
0.08743830630117623,5.5917467438220445
0.4524645427839788,3.259285369944777
0.056034322066973556,2.502986258137415
0.17170862900534767,4.0173869571419285
0.5720648393985388,4.598699243026562
0.26073949310696887,4.075154663238989
0.30233830549857227,3.0265308379249887
0.3399853734796724,3.259285369944777
0.8548510658230234,4.36570018915157
0.37480641719959346,4.075476034820113
0.060419585595655426,4.773525383158728
0.3670452034307188,3.2610878453345666
0.3499866818492584,4.598645681096375
0.5015554868083807,5.185386352166538
0.4030846616521107,2.734900100731216
0.45590266744886715,4.773525383158728
0.33716487079148943,3.7838779005403684
0.2126797595680747,3.2016899935361463
0.6168527383853101,4.5403353693587185
0.050072649447910615,2.73593175008222
0.34037366108207484,4.016844351501333
0.770596021992074,3.4924870276426523
0.2577373836138052,3.259154958288668
0.354099459532483,3.3181080131885743
0.5109376226225433,4.773525383158728
0.6153672083354057,3.492233190669155
0.054983710437993244,3.2587753672182087
0.14934841405382848,4.01687695441536
0.21613304964920574,4.248702303385373
0.7990816658028823,5.94149916160803
0.07092188216715296,3.492286752599342
0.3533584341812145,4.892884651412324
0.25472407969867694,4.133455659858351
0.41480552400105153,3.6674459082104995
0.3166849405401014,5.185707723747663
0.2268536374490141,4.248788468229588
0.11545212035377155,3.492652370992362
0.45129366675686466,4.248702303385373
0.561240287186633,3.4929131943045792
0.5566675927280295,4.249468471865012
0.285238296481655,1.8625313546956026
0.17114951301100478,5.417621566341464
0.1448989338748223,3.7842831081861346
0.04212056322073992,4.7730899013785075
0.14668830171548375,2.6188313980147937
0.17142010790680587,3.259862907278973
0.39689293609787546,4.0751756222551485
0.2525666952359274,3.7841969433419202
0.1214942339712089,3.2587753672182087
0.09619185263062738,3.2016899935361463
0.26382635496372303,2.7366699732069786
0.20000362727181875,3.3764718868564176
0.06930712461774433,3.085928689723409
0.184180274005783,2.9693499842804183
0.3664145717203787,4.834765299599685
0.5149297955366959,3.725232244544147
0.1868257125747957,3.491965381018217
0.5867041934468464,4.248702303385373
0.3614199307554924,4.951516334731106
0.0812894674851434,4.1910021318959405
0.2660627054841151,4.835445303235109
0.5990721387681363,3.7263314285027787
0.5035455222265572,5.4173001947603385
0.07045027932289867,4.4815127261149215
0.572791720446379,2.444354574818634
0.22321507212056935,3.7249108729630214
0.088465545792406,5.709263947433104
0.5874806173756789,3.375815171016727
0.40531333491689864,6.000130844926811
0.10090928037591593,4.308156045893553
0.08298886394116321,2.91046446398814
0.32295472449614426,4.248946825240576
0.17123112639816607,3.259154958288668
0.32770062994325505,3.9587576026027205
0.05927707381338418,3.724531281892562
0.1566742555738615,5.127076040428882
0.19602945619839304,3.550597064336998
0.2834203753011851,3.318874181668214
0.39114520552291404,2.212794473842029
0.12004126607438405,3.957637459627929
0.12139828718565372,4.5405240005041625
0.49269147120001483,4.249214634891515
0.06148052180975854,4.602339125499743
0.045431351335780336,3.434339730475133
0.2513220343532287,3.2011776620300045
0.6141248544112875,3.433934522829366
0.609663347792468,5.006091284033072
0.15724101100481538,3.201773829600788
0.3736734358035894,4.598699243026562
0.4400417599226594,4.369009384925332
0.22423682785779614,5.185027720112239
0.22220749850576396,6.465565388020039
0.13974303272325594,3.0265308379249887
0.0979769469250658,2.9101430924070146
0.12679169161403783,3.1427089932813597
0.37583494253658944,3.725232244544147
0.30210250407644507,3.608718744929211
0.3962632498623635,3.4342815109857985
0.3063287387390412,3.2011776620300045
0.06093645777467896,4.074793702405116
0.40027660141266547,4.307473713478556
0.07247968431291711,4.074474659603564
1.0805196451225019,3.2594763298697935
0.05795518654672656,2.9100592563423735
0.4836860125573658,6.233320858726819
0.3267896082178949,3.667124536629374
0.24453375200145794,5.005769912451947
0.3561205443440142,3.4929714137939136
0.1158078458030944,3.841822593885004
1.1040491098844307,3.841717798804203
0.32872295296537873,4.7730899013785075
0.4188464834163339,2.15307641485227
0.05764113762782619,4.834765299599685
0.404795214711102,4.307578508559358
0.08802620254928634,4.366401151803155
0.06673399596358444,4.482213688766506
0.04500528255924714,3.0265308379249887
0.07750272734163945,3.7842248886968
0.6325113142983052,4.71895043385676
0.21175349678848557,3.2011776620300045
0.102763280875826,3.4342815109857985
0.19694679369560492,4.834765299599685
0.1505226181523375,3.725232244544147
0.5547471442572007,3.433601507350374
0.07309068796582589,4.016457774092153
0.6258589534078216,4.7730899013785075
0.8414937756416139,4.249109839810713
0.05131031381688144,3.7249108729630214
0.7734744255587296,2.9682647729992273
0.5236678738979594,2.15307641485227
0.23476204273912676,5.650273632060023
0.287554634172504,4.540144409433703
0.27162005524769106,4.773145792088268
0.2748263494847303,3.434339730475133
0.3147573820985654,2.444354574818634
0.37673775754044175,3.8996904375037196
0.3496337928244198,4.307473713478556
0.11681273426938797,2.15307641485227
0.10005593261506958,5.70958531901423
0.6207719206427338,3.2610878453345666
0.16867123439159948,2.9694547793612203
0.2157832239628102,3.3178425323172105
0.2649843347141819,4.016457774092153
0.5507432474551797,3.6674459082104995
0.4817016499881579,3.434339730475133
0.5386854178775053,4.366021560732696
0.158431590727347,3.2011776620300045
0.09239724613655366,5.417272249405459
0.18753455396291582,5.883056109434692
0.08799746011451222,4.540579891213923
0.24072171095155415,4.370094596206523
0.2651356863246635,6.174689175408038
0.5819927032834783,6.174689175408038
0.4115477959333638,4.191323503477066
0.26125957990040793,5.649952260478898
0.2702592900561021,5.358640566086677
0.17610546514592543,5.941582997672672
0.32333911674225496,2.6769530786070064
0.08089429682599239,3.0264772759948015
0.15227586885456565,2.444708549313787
0.5543061747973768,2.794616995331188
0.9175511745230395,3.667124536629374
0.2779197540272949,5.5917467438220445
0.06366014384046487,6.174689175408038
0.6637055543966431,4.831644734971367
0.38329965539937316,4.016164347865908
0.06757365324891995,5.47593187807912
0.29064365171186624,2.444708549313787
0.26971904573932803,5.47593187807912
0.13444769294404196,3.492647713433215
0.37821943005304764,3.491965381018217
0.8768363810957058,4.016457774092153
0.31930522947868667,4.248702303385373
0.2875025574189725,2.9108230960424395
0.1687237271540554,4.016844351501333
0.6584778349771346,2.9108230960424395
0.22242510899219853,2.445474717793426
0.15292132561021024,3.201340676600141
0.3139572456610444,5.417272249405459
0.29845440836173315,4.248788468229588
0.7042112087920019,5.47593187807912
0.17671847320546977,4.0748239765395695
0.6870784485270394,3.201368621955021
0.3402693941180324,3.2594763298697935
0.1402020418428,2.4443871777326613
0.7568299084949958,4.5403353693587185
0.1535453389967536,5.476253249660245
0.34705627716705756,4.307068505832789
0.06893623375217882,4.893972191473089
0.5843427755161938,2.4443871777326613
0.31767825639449904,4.3077415231294935
0.19589372383207154,6.406933704701258
0.28136305989424126,3.492647713433215
0.4482189826158964,3.7831629652113428
0.1538009953902708,3.7838779005403684
0.043211981543300845,3.433601507350374
0.18029357826345271,3.433934522829366
0.05289871152808276,4.248788468229588
0.37339134393387874,5.476253249660245
0.03912605534519418,2.9690961473069213
0.5920306204384083,2.734900100731216
0.3535568704381352,2.9101430924070146
0.2690751773813947,2.73593175008222
0.3375007790884154,5.359322898501675
0.26123189639744127,3.1427089932813597
0.29761686894001255,6.406933704701258
0.219751306178343,3.5509184359181236
0.5929004572802566,2.444708549313787
0.4848425173670929,4.834765299599685
0.3920505922182988,4.893394654138893
0.3426682528518777,2.4443871777326613
0.4283851898620291,3.259807016569212
0.21964514826464437,5.941687792753473
0.4384000374311535,2.968688610881581
0.16594104345899627,2.9678455926760203
0.6849655013812104,4.249268196821702
0.3438296363117177,4.366105396797337
0.21270298042985272,5.94149916160803
0.5587253241438975,3.2020206802355653
0.3227000135774552,2.15307641485227
0.22804149420404082,3.841717798804203
0.90431906520887,3.1427089932813597
0.1000124785919703,4.773145792088268
0.0961976011175822,5.708497778953465
0.049943875776323934,4.5403353693587185
0.4597874344225481,2.734900100731216
0.41240137060816895,4.8902764182901475
0.4926188587332171,4.016844351501333
0.5325734903987615,2.7946495982452157
0.5015029184079386,3.434020687673581
0.06311108769829295,3.957637459627929
1.0173683558345183,3.8996904375037196
0.12250282869882861,3.7259122481795717
0.3461015366856462,5.358640566086677
0.1870986144291773,5.650953635695448
0.34320123592197194,4.54041920542336
0.12895516493468026,5.649952260478898
0.28581072476157743,4.773145792088268
0.3305764618183782,2.9690961473069213
0.2267938456208853,5.883377481015818
0.1867740140111954,3.492652370992362
0.29619218965004435,2.968229841305627
0.13408924452721419,3.5505132282723566
0.2500945432934082,2.6773000667634386
0.3808629776724041,5.534458766317099
0.1556855158176318,3.6674459082104995
0.27792028349319864,3.492286752599342
0.29334475983875724,3.4342815109857985
0.5361008678874222,3.492647713433215
0.21748352807466498,2.7363509304054263
0.36939160722110126,4.366401151803155
0.35170869406316624,4.191323503477066
0.2857660227117051,3.492647713433215
0.2223414155604155,4.191323503477066
0.1399230133115323,3.2587753672182087
0.09754384381581158,5.359322898501675
0.8085163700174869,3.551631042467575
0.14917577035021815,5.125990829147692
0.20274735740396027,3.433934522829366
0.22416221098436281,4.074793702405116
0.2704439601995258,5.708902986599232
0.2523163713204407,3.026861524624408
0.30316994515736556,4.249468471865012
0.15670072886904818,3.200656015405569
0.35542441013758364,4.773525383158728
0.21501663297218992,6.2914402105394585
0.13280491152072854,5.650273632060023
0.1541447700377665,4.481892317185381
0.17932991249966412,4.832157066477508
0.3889736389377431,5.767564944052467
0.27071920683148115,3.8421439654661294
0.2037510356624739,5.359322898501675
0.34811085979031586,3.3178425323172105
0.5887664631418895,4.482213688766506
0.5838602051639337,3.784120093615998
0.39969456710848955,3.841664236874015
0.4405016388790453,4.016136402511028
0.2605864774607898,2.9100592563423735
0.4299100516647824,4.892884651412324
0.5295324651616734,3.6674459082104995
0.17540880147359114,4.482213688766506
0.2026436577248147,3.7833539251363595
0.09555214436193761,2.677463081333575
0.158610852754754,2.968583815800779
0.06718941227878172,3.492286752599342
0.18011325730423827,2.444354574818634
0.32573283209303533,3.491965381018217
0.7259109906665995,4.4815127261149215
0.3973989542258724,3.492286752599342
0.36410462543936767,3.0272411156948675
0.1575353184093051,6.115622010309036
0.20273151124584138,4.951951816511325
0.24265664409674922,3.5509184359181236
0.1484084229797354,2.968229841305627
0.33950851379537383,5.708497778953465
0.8729981314835673,4.016790789571146
0.12949457723360563,3.433934522829366
0.44804955352670156,4.01626914294671
0.6504068836545757,3.667124536629374
0.2924235648042467,4.832157066477508
0.5341645354394815,3.4928083992237777
0.2882222906771123,4.540579891213923
0.8113327504354194,3.784963111821559
0.13799224025558085,3.7834587202171615
0.19287470924898156,1.8625313546956026
0.17385723946169246,2.9100592563423735
0.2665112387425638,6.115622010309036
0.7112406250439303,4.54041920542336
0.05487426227189285,3.7842784506269878
1.0257690887771171,3.492233190669155
0.1192091725876733,3.7831629652113428
0.24670713389829885,3.4350220628901305
0.24497093956196955,3.551172272891621
0.2011541188616391,3.0265308379249887
0.2443406482225676,1.8625313546956026
0.7435856971030266,5.006091284033072
0.4120859602055161,4.7730899013785075
0.2073158539543272,4.307899880140483
0.22837558718929685,5.184196345804545
0.17131406345008665,3.0272970064046283
0.6840275903517392,3.434020687673581
0.31653842976073965,2.7359853120124074
0.5943727506825678,4.366021560732696
0.2962431696527753,3.026861524624408
1.0381079134737015,4.773145792088268
0.4280160764891404,3.783032553555234
0.31584150135545347,5.5917467438220445
0.11128930814264411,2.968688610881581
0.09717647011660657,3.72482703689838
0.08748523967164291,2.9682647729992273
0.5812257341029269,2.677463081333575
0.43213494303025796,4.714458218059726
0.4978114064891205,4.075089457410934
0.07781265399028932,4.1905829515727335
0.623670368275745,2.968688610881581
0.047422332228784954,4.016543938936368
0.051399944830584944,4.541101537838358
0.17267951819682292,2.4450392360132054
0.8157061388002603,3.434339730475133
0.277953375112182,3.491965381018217
0.7398771666373027,2.968583815800779
0.22998588209751686,4.660640122119104
0.42422169690902545,3.725567588802712
0.0658238818940592,3.9587576026027205
0.12497343006262977,2.91046446398814
0.22779691877550895,3.201340676600141
0.15076636156302065,2.677463081333575
0.1080569188003494,5.417952253040883
0.3096340052810856,3.9587576026027205
0.7345462013665661,4.1905829515727335
0.11932603327642596,5.649952260478898
0.26080643272479803,4.249214634891515
0.528516647006367,3.201773829600788
0.21672325285589641,2.154163023401205
0.3429775365776444,3.434020687673581
0.1680727110064216,3.2587753672182087
0.8688981744390117,4.1910021318959405
0.11047748563624774,2.6769530786070064
0.31565618828914666,3.5504084331915546
0.11944198630934366,4.369773224625398
0.4997231565915306,3.491881544953576
0.5021583215587747,5.5917467438220445
0.13850608691515448,2.6188313980147937
0.11664958313305172,3.4344445255559344
0.6938714960719438,4.482213688766506
0.0867345704771278,2.91046446398814
0.42220594457552474,4.248946825240576
0.16565898940827867,5.417272249405459
0.30619985161047514,3.72521361430756
0.7295223263199951,4.1905829515727335
0.8019245195160014,2.7935294552704235
0.5562288924077928,2.9678455926760203
0.19615323776288734,3.2587753672182087
0.4540839520695416,5.708497778953465
0.6564011940647045,4.074768085829809
0.22263481530907026,4.015842976284783
0.17903469743933942,4.3077415231294935
0.2753849738321626,4.307068505832789
0.7451207700339234,5.767564944052467
0.3609072564847056,3.8996904375037196
0.3808164603108618,4.54041920542336
1.111160593351438,3.434339730475133
0.5013372712180562,2.9678455926760203
0.49474163881725824,5.126396036793458
0.40107798587695964,3.7841969433419202
0.40782829795963405,3.7249108729630214
0.19457342496312516,3.259285369944777
0.05495182902678985,2.7946495982452157
0.26998215247449064,3.0265308379249887
0.13590368636031672,5.942009164334598
0.270442182706849,2.7942956237500627
0.35920214936072414,4.834765299599685
0.17926225432096557,4.133455659858351
0.5576089074668817,4.834765299599685
0.26220668094520827,5.417707731185679
0.6081573954862766,5.125990829147692
0.334579980430468,2.968688610881581
0.6150688164796586,2.9690961473069213
0.5575642810549957,3.4925662061481466
0.3516543481700473,3.957637459627929
0.4282558489055456,4.4815127261149215
0.29623882046856603,5.47593187807912
0.06706332375570684,2.15307641485227
0.18915785860477047,3.958159106252364
0.3550382782177892,4.0173869571419285
0.3553834521680305,3.6090377877307627
0.754503284038017,4.482632869089713
0.7238543938205251,5.005769912451947
0.32644742196811033,4.307333986704154
0.24950683614026367,5.0647229673518535
0.4098746836775651,2.9111444676235645
0.37768145487586097,3.085928689723409
0.19957725594334055,3.201368621955021
0.48790056115108665,3.550352542481794
0.2762110540989666,4.369009384925332
0.1553048298328472,2.9682647729992273
0.4901008701710317,1.8625313546956026
0.9397270975210663,4.599211574532704
0.31932572737295983,5.126074665212333
0.5042720250844662,3.667124536629374
0.4278042901276469,4.54041920542336
0.04842124529416497,5.127076040428882
0.6340513036983081,4.016108457156148
0.6064052415348491,2.502986258137415
0.4104699546293344,3.317786641607449
0.24181483112880564,4.36570018915157
0.2164838586294225,4.075508637734141
0.0876438525288043,4.602339125499743
0.14732785870820103,2.6188313980147937
0.10741293698543664,5.006091284033072
0.21305518871281504,3.5515984395535476
0.07645559506002653,3.492233190669155
0.5524916195072949,4.249633815214722
0.5581429116497905,4.2499528580162735
0.47756652127999705,3.492286752599342
0.24166260968148218,2.91046446398814
0.8744738285952596,3.8427494481552062
0.360103602880824,2.794616995331188
0.32684145805746767,5.942009164334598
0.21784942683313813,4.602339125499743
0.6072981479625029,3.492233190669155
0.28103501794788505,4.016136402511028
0.39964729336708477,6.1742536936278185
0.36194277833542954,3.493001687928367
0.4270134949814274,2.7935294552704235
0.09105667628729286,3.200656015405569
0.14985027209258187,2.735584761925787
0.24171200128650192,5.126396036793458
0.6216273862671952,3.491881544953576
0.413254945282974,4.1910021318959405
0.42308637073544775,4.482632869089713
0.3535834950092944,5.185027720112239
0.11010345579425294,3.084841149662645
0.08957795365615066,3.7831629652113428
0.05160458340237804,3.491881544953576
0.5209029273106753,5.417707731185679
0.16700065600834005,3.259285369944777
0.22144839567578223,2.4443871777326613
0.04599958170746605,3.4929131943045792
0.11449397616297904,4.660640122119104
0.213253057684839,4.307899880140483
0.36059260246191527,3.201340676600141
0.5815740470295974,4.016790789571146
0.14589780912120923,3.5505132282723566
0.5132979059834022,4.07846385901275
0.790205926306648,5.127076040428882
0.2861071500296821,3.4925662061481466
0.1152853385940954,3.375815171016727
0.43955578586101807,3.259967702359775
0.2753524873170692,4.951951816511325
0.2861913729273689,3.2600003052738025
0.7371144891896062,5.476253249660245
0.6579801370276249,3.725232244544147
0.048153259908889426,5.709263947433104
0.10861247980933864,3.5507880242620145
0.1302248998098201,3.200656015405569
0.04200665241345091,4.893972191473089
0.39536920886491583,4.1905829515727335
0.1366585912820617,4.773525383158728
0.8804605752067636,2.73593175008222
0.2193474749697666,4.191323503477066
0.1375394712699022,3.201773829600788
0.08127747886432314,2.794616995331188
0.4408673485425529,3.783598446991564
0.16198358838053128,3.491720859163013
0.6889542705859819,2.734900100731216
0.28633644658499197,3.434339730475133
0.7893296602359686,4.137095542331531
0.3343100662765432,3.783542556281802
0.4109457175628323,2.9693499842804183
0.46854555685016724,3.5504084331915546
0.3000807763420308,3.4344445255559344
0.8983871561373954,3.6674459082104995
0.06044454613111716,2.503340232632568
0.18291496395283866,2.7946495982452157
1.0707109110659025,2.6773000667634386
0.3086446226019728,3.2604055129195686
0.399052778795178,3.725567588802712
0.08901010147439618,3.9587576026027205
0.20111289615913414,3.0272970064046283
0.04898077729743219,2.445474717793426
0.5562179248997869,3.841822593885004
0.29739211066387755,2.9694547793612203
0.352538026763379,3.7838779005403684
0.17250940836575188,4.2499528580162735
0.16179430431994646,3.434020687673581
0.22223393398195754,2.6777192470866455
0.17677077687296006,2.6195137304297917
0.1101395351136931,3.201340676600141
0.2986346915019545,3.3185271935117813
0.19347300572020074,2.7366699732069786
0.14791322108377183,4.016790789571146
0.19272952213437916,2.734900100731216
0.08614848954068763,3.492233190669155
0.42740340880053423,2.6195137304297917
1.2737550341089057,3.0272411156948675
0.6302939867314545,2.735584761925787
0.6110463883710068,3.9574767738373664
0.11256471586675253,4.773145792088268
0.12236119656957983,2.968688610881581
0.5140588241250539,4.893972191473089
0.3331438041665901,4.015842976284783
0.17246637035157694,3.7834587202171615
0.7693808977430049,2.794616995331188
0.7889768090301232,3.492286752599342
0.7754103798167389,4.249109839810713
0.45107582935647134,3.9583221208225003
0.35830243551430796,3.201773829600788
0.3069416333416062,4.01626914294671
0.2832970475646082,4.2499528580162735
0.35727992339721865,3.551277067972423
0.22119584043970122,4.248788468229588
0.2754495686724181,3.259154958288668
0.07060170657136654,3.4924870276426523
0.08472006617040016,4.370094596206523
0.15099720869704858,3.5507880242620145
0.06322605743738942,2.794616995331188
0.3917211887881901,2.9678455926760203
0.8518107969657978,4.074663290749007
0.5991712245301207,4.016844351501333
0.6293137184296844,4.248702303385373
0.1676907769948639,3.7835122821473486
0.23896993519005783,4.541264552408495
0.6500385266615495,5.94149916160803
0.08111379826208316,2.444708549313787
0.34784888762494703,3.3185271935117813
0.22267369323400155,3.7838639278629276
0.4240900868129545,5.650953635695448
0.1971788510374128,3.434020687673581
0.04597329750724498,3.550087061610429
0.15983679323585645,2.678040618667771
0.44260361851686847,2.7935294552704235
0.2732308796218148,3.842227801530771
0.17201197514919397,3.7838779005403684
0.7264536932179266,4.481892317185381
0.1545976902994176,3.491881544953576
0.04454230244542508,1.9211628051364262
0.4825079509215581,3.2594763298697935
0.11645557169832642,2.444708549313787
0.26912812397176805,2.6188313980147937
0.2010440277726556,5.417952253040883
0.29256096120626557,4.54041920542336
0.16918636689693933,3.317786641607449
0.186300558036278,5.29740064964572
0.6135730753016105,4.602339125499743
0.49390243535984024,4.016457774092153
0.7896310776111657,2.968583815800779
0.49445345808965463,3.491720859163013
0.15423655673407807,2.6188313980147937
0.12423380401410683,4.249109839810713
0.21349948624403395,4.074768085829809
0.7530438490933681,3.783598446991564
0.943484792677851,3.725651424867354
0.2832036724705855,4.831777475407049
0.3808962583863531,4.773145792088268
0.858933626130742,4.249468471865012
0.5562946974558284,4.248946825240576
0.6437015761737186,3.434020687673581
0.7114406875175554,3.7260775915292803
0.05602150142830457,4.834765299599685
0.6262367651491287,6.000130844926811
0.10051467700166176,5.883056109434692
0.4648305971556123,4.7730899013785075
0.49256553395291247,3.434020687673581
0.368423138445186,3.7835122821473486
0.5858457023029353,4.074388494759349
0.2254813374645224,6.698564441895031
0.14491564986978306,6.000214680991452
0.2788961269727731,4.01626914294671
0.3396492004497946,5.184622512466472
0.6072765911364223,2.734900100731216
0.7828985404552594,3.957637459627929
0.3200268158674896,3.7249108729630214
0.2891702615587545,2.6773000667634386
0.29137813437732435,2.7935294552704235
0.14247556843343284,3.9587576026027205
0.0968427553212818,4.835445303235109
0.1927012335275225,2.6769530786070064
0.3491102645026065,4.482632869089713
0.09573477227973264,2.968583815800779
0.1441323807031952,4.661406290598744
0.4841481606533391,4.249268196821702
0.47913184940539283,4.075089457410934
0.1838070761816369,3.7833539251363595
0.1743549752301953,4.3073898774139145
0.6312334105206506,3.9574767738373664
0.3119837749618561,4.482213688766506
0.5337299952084885,2.5030188610514426
0.44285587120100445,3.3178425323172105
0.39096707806530073,5.649866095634684
0.40889214623620773,6.757196125213811
0.04717087374350453,4.540579891213923
0.2596160042782389,3.7834587202171615
0.17948141538611823,4.5403353693587185
0.13665866692004797,5.1845177173856705
0.2583177917012768,5.883377481015818
0.47303429314403594,4.075476034820113
0.536432162267187,3.3174070505369895
0.28884675789157316,3.7257562199481558
0.649142972904377,5.708497778953465
0.16252666912178967,4.951951816511325
0.20069212204163828,4.249109839810713
0.5894453140684625,2.9100592563423735
0.38317485272206453,4.831644734971367
0.3534448127615093,4.720037973917525
0.04251248144648228,6.000214680991452
0.4423922103453062,3.9587576026027205
0.14843822434631698,5.708902986599232
0.051482314597608665,2.7359853120124074
0.09665634550417439,4.661406290598744
0.3686269449991303,5.70858394379768
1.0529530028446028,4.427638739464539
0.4130000452693193,3.491720859163013
0.691573235859808,3.6674459082104995
0.0757459972920439,5.185027720112239
0.6449567885554989,5.064401595770728
0.15121220967295762,3.725567588802712
0.1753330500303641,4.308156045893553
0.4645575440252582,6.698564441895031
0.36205086501777745,3.9583221208225003
0.24519240758570277,3.7257562199481558
0.7098364058292421,3.259154958288668
0.5330129470988605,3.957637459627929
0.2829446501866803,4.3077415231294935
0.45405142773545515,4.4815127261149215
0.5509149456839619,3.0272970064046283
0.1234164977537075,3.492652370992362
0.3459434154753954,2.3864075526944246
0.2880241569721365,4.540013997777593
0.11127471001129831,4.0751756222551485
0.08917158857503499,4.4815127261149215
0.8310788031252393,2.9101430924070146
0.3119728074538502,2.73593175008222
0.09070514874620675,5.127076040428882
0.2170206992368154,5.941687792753473
0.27352318261966896,4.831644734971367
0.14733871275922755,5.243147071924878
0.09228231421645029,3.7263314285027787
1.01771704695112,4.89407698655389
0.07982103162013089,2.444354574818634
0.4396034377923541,3.7831629652113428
0.3756228914421441,3.5504084331915546
0.7965027886617675,2.734900100731216
0.45910253245707533,4.831777475407049
0.2341781553042878,3.200656015405569
0.3981333990723374,2.9100592563423735
0.6727125257990172,3.4929131943045792
0.7033394810004974,3.491881544953576
0.31330713716924546,2.734900100731216
0.8119741605587997,2.968583815800779
0.17149744774774411,3.957637459627929
0.23485401853040394,4.598967052677501
0.3677528724300521,3.7838779005403684
0.28036910111696045,6.000214680991452
0.3220033499051209,3.7838639278629276
0.4108965528717713,4.598967052677501
0.8363780004417519,3.5511187109614335
0.08088015252256407,3.667124536629374
0.10482502110496532,5.649866095634684
0.46579687242992646,2.6188313980147937
0.3908316860699174,4.541264552408495
0.36843421941017124,5.359322898501675
0.2969629029109151,4.602339125499743
0.37948447537304014,5.5917467438220445
0.11116212286876863,4.4815127261149215
0.0455843669819594,4.951951816511325
0.2606916898996603,3.433934522829366
0.3944165484281263,2.503340232632568
0.10285824436755997,4.3081001551837925
0.4793179188515621,3.259862907278973
0.20596983817005654,4.1910021318959405
0.5396233289069767,5.417272249405459
0.36830525664361896,3.3178425323172105
0.09473132093517775,5.883056109434692
0.26854824535020017,3.9587576026027205
0.3955272922561735,4.599211574532704
0.8101176261863503,4.4815127261149215
1.3044655692851894,2.2117078652930933
0.219326523247576,4.370094596206523
0.2296379095417844,2.734900100731216
0.5432463884482407,4.482213688766506
0.07630443254451053,5.650378427140826
0.3647115824600122,4.892884651412324
0.3544997735746988,5.126074665212333
0.6135560567547049,3.9583221208225003
0.056045289574979465,3.433601507350374
0.5611809113674285,2.7359853120124074
0.709625375847611,3.2600003052738025
0.23074903155976284,2.15307641485227
0.697639402356872,6.406933704701258
0.15809617407733167,2.9100592563423735
0.3610966161832767,2.6188313980147937
0.10075078097573391,3.724531281892562
0.3638901539293623,4.2499528580162735
0.4197885545350488,3.433601507350374
0.2883139639164445,5.649952260478898
0.4827102825347707,3.434339730475133
0.11783373362675231,3.0262094663438632
1.1890756611751065,5.006091284033072
0.348442834911957,5.941687792753473
0.24049082599853308,5.649952260478898
0.2684033986065359,2.9101430924070146
0.3056414919959948,5.359322898501675
0.17286740295466216,4.598699243026562
0.13578523727385286,6.233320858726819
0.4736715431781726,4.7730899013785075
0.19884073105225375,4.773145792088268
0.03801202126474519,2.678040618667771
0.23315515154028787,4.54041920542336
0.7815268455746577,4.369009384925332
0.5821575940934983,3.084841149662645
0.3309961391850735,3.434339730475133
0.37375051091157585,4.428404907944178
0.1383360905410628,4.602339125499743
1.0696118911257235,3.2016899935361463
0.17859490036830228,3.957637459627929
0.31717178443858457,3.3174070505369895
0.5533561616901059,2.4443871777326613
0.5502663499518881,4.307769468484374
0.4125757161664698,3.784963111821559
0.4354626362352248,3.260321676854927
0.5190974485789431,2.968583815800779
0.04924422440353287,3.7260775915292803
0.07339868584582646,3.318494590597754
0.28348916804967733,3.957637459627929
0.6007339053259978,3.5504084331915546
0.32775002154827476,3.6674459082104995
0.1123454413446205,4.5405240005041625
0.41613297065969834,4.191323503477066
0.19726916279299253,5.006091284033072
0.3333258269804952,3.0265308379249887
0.49316912508316896,5.941687792753473
0.8054076487827072,3.6090377877307627
0.18414748493874464,3.2020206802355653
0.19459059478600335,5.358640566086677
0.6513534930524654,2.502986258137415
0.08879910931175827,2.4450392360132054
0.17507780964577133,4.541101537838358
0.3478472235892495,3.7835122821473486
0.29562195487172305,4.831777475407049
0.12218647282134769,4.307068505832789
0.17605191345166207,3.259807016569212
0.3377830600530917,2.678040618667771
0.09708267901365945,4.3077415231294935
0.15380390745274133,3.6090377877307627
0.4108375552424981,4.54041920542336
1.2379510369387028,6.000214680991452
0.16725230358858612,2.9686117611556595
0.2500476855609277,4.714458218059726
0.2941583220188373,2.9101430924070146
0.23626058252266582,4.599211574532704
0.4956538329314053,2.212794473842029
0.3373582014843385,2.3864075526944246
0.278715919470538,2.7946495982452157
0.3086217042921397,3.7833539251363595
0.3142565451726264,4.714458218059726
0.7731249780622652,3.667124536629374
0.288443304872928,4.834765299599685
0.08797892880788154,5.185027720112239
0.08102602037904273,4.075089457410934
0.273547613689227,5.883056109434692
0.8884203386895384,4.660640122119104
0.07890342938996714,5.650378427140826
0.5071742546167898,5.1852815570857365
0.15161377174194654,4.773145792088268
0.9618171714047018,5.883377481015818
0.43047733656164,3.784120093615998
0.5011716240281737,3.2598955101930005
0.21684347943503707,2.9682647729992273
0.4500762733682082,2.6188313980147937
0.26557608849959063,4.36570018915157
0.3316991564482525,4.369773224625398
0.11656532241637181,5.184196345804545
0.1716506524888888,3.317786641607449
0.3224115302979065,2.9689308039572118
0.07911808999493808,4.834765299599685
0.35219950895592744,2.1538421175759943
0.6334560327465389,3.725567588802712
0.23307183629843603,2.9689308039572118
0.05968408181738297,4.016164347865908
0.3892084948850421,5.708933260733685
0.1519049023510139,3.433601507350374
0.40469385980953015,2.444708549313787
0.29840857174206703,3.841822593885004
0.593238937268715,2.6773000667634386
0.4362988141731929,4.660640122119104
0.4114910674436781,5.476337085724887
0.1587733987872003,5.476337085724887
0.20801108050492273,3.608718744929211
0.5814413023637328,3.0264772759948015
0.243369948126058,4.835445303235109
0.20338309467837207,5.649866095634684
0.4531127603261214,5.185027720112239
0.16710946125155735,3.5507880242620145
0.9889560808703701,3.550352542481794
0.12973699697952942,6.698564441895031
0.3443042268564288,5.126074665212333
0.14870813850024184,3.0262094663438632
0.09353767787420307,3.259285369944777
0.37159429883761314,2.9678455926760203
0.21235118815581475,3.375815171016727
0.3205452008062381,3.4936537462089117
0.5349753746520567,4.249268196821702
0.28844130046629246,4.191323503477066
0.12100727661574633,3.7255932053780194
0.2584309461287034,3.7255932053780194
0.1229350997902341,4.602339125499743
0.3713956356667336,3.957637459627929
0.1319300069338016,6.174689175408038
0.4999580125388297,4.831777475407049
0.10433987906117269,2.7360179149264345
0.05292560083219382,3.725567588802712
0.6017727930671097,4.3073898774139145
0.2116141337988242,3.433601507350374
0.6543627503353294,3.2594763298697935
0.6852839373033132,1.8625313546956026
0.9857422228347061,4.016457774092153
0.18980978240823923,3.492286752599342
0.2289486583921024,3.9574767738373664
0.08950375279164169,4.834765299599685
0.06314406586029694,4.5405240005041625
0.26617646501543163,4.660970808818523
0.4312174542570736,3.4344445255559344
1.2554438340182041,3.492286752599342
0.08315212853447883,4.01626914294671
0.5356300214230303,4.95260387479187
0.2423752329689147,3.085928689723409
0.09222210637939714,3.259541535697848
0.8136502983340484,5.417272249405459
0.08453736261461887,3.492652370992362
0.17175144010556387,5.29740064964572
0.19315880552532785,3.0262094663438632
0.5217489381868556,4.369009384925332
0.0790632524549085,4.3073898774139145
0.07822926801854155,4.5403353693587185
0.1084017523796526,3.783598446991564
0.8504795684078386,3.9583221208225003
0.2736421989910297,3.725651424867354
0.745410463521252,4.5403353693587185
0.278663691441034,3.783032553555234
0.3152057640810417,4.01687695441536
0.3896589190931471,2.968688610881581
0.4137655016901459,4.249268196821702
0.5860400919275919,3.0265308379249887
0.5747299438439759,3.725567588802712
0.5640657441629152,2.15307641485227
0.3294403414459449,4.307068505832789
0.5359424063062332,5.29740064964572
0.6414199563185574,4.3077415231294935
0.06115251768239546,3.2587753672182087
0.04217252651729207,3.9574767738373664
0.6548082580743283,3.4342815109857985
0.18962409115200118,3.027562487275993
0.15065305585962163,3.957637459627929
0.9617472062674227,2.91046446398814
0.7644780434744302,3.550597064336998
0.2235727263385415,3.492286752599342
0.055953729792626646,2.735584761925787
0.04749195699512594,4.016457774092153
0.5996704352393554,3.9003494821229836
0.14761615289278407,4.248946825240576
0.5642820688035836,4.308156045893553
0.4910353774911218,4.307473713478556
0.570818325385177,3.2020206802355653
0.3979813667199796,4.249268196821702
0.0886149686342383,4.4815127261149215
0.2993172865088467,3.434339730475133
0.5565363608218896,5.650953635695448
0.32005321352469,2.444354574818634
0.1255426059091436,4.075089457410934
0.17235431267495102,3.200656015405569
0.18301885272694984,4.248788468229588
0.5098843636640442,6.407255076282383
0.3266011939941519,4.016108457156148
0.4330100745311437,6.1742536936278185
0.47336861304325073,6.2914402105394585
0.2575864858312411,1.9211628051364262
0.4672302122693201,2.6769530786070064
0.08411579429826742,4.951951816511325
0.18250285038476816,4.428404907944178
0.4421467650799324,3.491720859163013
0.7661961603320463,4.540144409433703
0.2639401523140326,4.016844351501333
0.7361334645079737,3.6090377877307627
0.0913487901901814,6.1742536936278185
0.7885127699844937,5.650378427140826
0.1227547031930334,3.7255932053780194
0.625275784533852,6.115622010309036
0.49694951163582807,4.369009384925332
0.17914161173290052,4.248702303385373
0.3343144532797455,6.000130844926811
0.07430603912885365,3.551631042467575
0.4300261559736726,3.434339730475133
0.33134403610281965,4.074388494759349
0.5624603279048082,4.074388494759349
0.09674922895128654,4.598967052677501
0.27490686612109094,5.125990829147692
0.053959193914268386,5.0647229673518535
0.806156086656628,5.185707723747663
0.14389975607649044,4.834765299599685
0.47550046968564164,4.540579891213923
0.44503575796466266,3.9574767738373664
0.06391508167311269,3.7833539251363595
0.18593254141418994,3.433934522829366
0.3734114258192274,3.72482703689838
0.2636456936335704,3.491881544953576
0.10510234778154244,6.465886759601164
0.34461143053757376,3.2602424983494322
0.26958800292815394,3.0264772759948015
0.11471646529952659,3.201368621955021
0.12145599896916069,3.725232244544147
0.44930060581923825,3.9587576026027205
0.34271696371502114,4.01626914294671
0.28223743501526444,3.7834587202171615
0.2250712661220806,2.6188313980147937
0.67788351672884,4.4815127261149215
0.42964229319346564,4.016543938936368
0.6974442563523531,3.200656015405569
0.2351611843925558,5.359322898501675
0.5624247780512717,4.249268196821702
0.4519188147132017,5.708902986599232
0.21265937513078095,5.1845177173856705
0.26597299883242537,5.127076040428882
0.7867991914060524,4.482213688766506
0.5733000077139635,3.725232244544147
1.039112764121002,5.941177790026905
0.4446866886581296,5.70858394379768
0.1265662525960266,2.15307641485227
0.3840412858545317,4.248788468229588
0.7130408091166252,4.831456103825923
0.15583614886724406,3.7835122821473486
0.5985740626286953,3.202456162015786
0.09630871331938004,4.2499528580162735
0.25048903321068294,2.9686117611556595
0.4154208390191764,3.72521361430756
0.3672586160089166,3.259541535697848
0.4436504482465364,3.2587753672182087
0.4729363419518452,4.714458218059726
0.4783818987717471,4.370094596206523
0.2488779062846142,3.491881544953576
0.4434537894822924,3.434339730475133
0.6525394966768291,3.7259122481795717
0.15669274906149905,2.7363509304054263
0.24462031967671843,5.476253249660245
0.18255349001656096,2.9678455926760203
0.30377206134689017,3.201336019040994
0.6822342136978066,3.3185271935117813
0.16054344112237542,4.016136402511028
0.33638190417684655,4.951951816511325
0.1076998318672741,4.015756811440569
0.7041196868286422,5.5917467438220445
0.2508401447428447,5.1845177173856705
0.16455698176764308,3.0264772759948015
0.5525407841983558,3.491881544953576
0.18178175564287585,3.3181080131885743
0.8372485936634627,5.650632264114323
0.2014104181780394,2.212794473842029
0.3803705743819317,3.375815171016727
0.19441753507346865,5.5917467438220445
0.6510838436314924,4.1905829515727335
0.1885083173978685,3.7833539251363595
0.09129504940095243,2.6773000667634386
0.9432907812431258,3.200656015405569
0.0713870179635831,4.015842976284783
0.2493138079993596,3.200656015405569
0.1571252470668633,2.9686117611556595
0.39416769945337143,3.201336019040994
0.21379644097804235,2.4443871777326613
0.10011769103084081,2.9678455926760203
0.399860214298372,2.9690961473069213
0.39194772455700194,2.968688610881581
0.21989880025152594,4.482632869089713
0.7542325000472504,2.9690961473069213
0.4776731708406063,3.433601507350374
0.15082335478565828,4.249268196821702
0.09300840106543491,4.137095542331531
0.22229319634418257,3.260321676854927
0.1456357613178541,2.6773000667634386
0.666606649359173,4.017223942571793
0.07665248073822925,4.016543938936368
0.10346542830216324,4.248946825240576
0.19405708225000534,2.15307641485227
0.4257223545561795,5.126396036793458
0.3981833201432609,2.6769530786070064
0.32510257857262653,4.307068505832789
0.17468449211728335,3.5515984395535476
0.21202435641723852,2.9100592563423735
0.7062156154275656,3.492966756234767
0.26250787140644655,2.9111444676235645
0.412904363216716,4.249268196821702
0.2774072310324806,2.9100592563423735
0.1914425039793817,2.9101430924070146
0.937840686144049,2.4450392360132054
0.39017136644997513,2.6777192470866455
0.09060455022449733,3.0265308379249887
0.5184647368239813,2.9100592563423735
0.34424065312898755,3.9583221208225003
0.0607214189797768,5.417952253040883
0.9873453699532259,3.259967702359775
0.31959741901956146,4.834765299599685
0.46724609624643204,5.1845177173856705
0.18501709486663423,3.5509184359181236
0.09782075448346433,4.602339125499743
0.3470262110675241,4.074663290749007
0.23868939389906516,3.9574767738373664
0.27519065984549224,5.5917467438220445
0.12201976669965779,3.9574767738373664
0.11272729971819193,4.248788468229588
0.25654771154710854,4.249214634891515
0.2136241376453701,4.074388494759349
0.23390888407324603,4.598967052677501
0.8849807012649251,3.7835122821473486
0.15542626661976786,3.2016899935361463
0.13158422787967033,4.6603187505379795
0.06594894930431974,5.94226533008767
0.8843854303131558,6.174689175408038
0.6123314777573549,5.5917467438220445
0.533353318036975,4.773525383158728
0.19297583723659473,3.0851625212437703
0.17465643042438547,3.9574767738373664
0.05574848611694356,4.660970808818523
0.2978019172733675,3.8419856084551403
0.10914164316112743,3.2016899935361463
0.7368773641027196,4.834765299599685
0.045533386979228464,2.7935294552704235
0.1540414863675453,6.232808527220677
0.18092689512230456,2.91046446398814
0.44113019054476355,3.2594763298697935
0.040214372510318945,5.47593187807912
0.04047180639651293,4.307068505832789
0.36549114536527394,5.5917467438220445
0.14830094140127745,4.307068505832789
0.3375558435424037,3.841717798804203
0.28783748242207724,3.4929714137939136
0.43856455005124223,3.492233190669155
0.20954804438547564,4.5403353693587185
0.20904096732567118,4.0751756222551485
0.5648463281809913,3.8427494481552062
0.07968314357120138,3.492286752599342
0.3068167928453044,4.075154663238989
0.07275349382313372,3.492652370992362
0.13398149821580438,2.2124735680168177
0.1585622553485899,4.773145792088268
0.6284094663040936,5.417272249405459
0.564014688522198,4.075154663238989
0.19398125516879205,3.027562487275993
0.14438315844659938,3.550597064336998
0.547813788247807,4.1905829515727335
0.7335458889984405,6.698564441895031
0.1273716080545988,4.191323503477066
0.34155077724305444,2.6777192470866455
0.4074576718270204,3.0272154991195603
0.3224774488029214,4.1905829515727335
0.1422567477392183,5.650273632060023
0.3835148454702479,4.074663290749007
0.5043374519425704,4.1905829515727335
0.552631549781853,2.9686117611556595
0.15501316975787613,4.307333986704154
0.4158792052158374,3.7834587202171615
0.3162211662274237,3.2020206802355653
0.1913095323995583,4.249214634891515
0.18217208547090702,3.492286752599342
0.24472175021627657,3.842910133945769
0.34337130793404985,3.434339730475133
0.15070006486807455,4.307068505832789
0.648094630414984,3.957637459627929
0.06585220831990896,4.015756811440569
0.07605618867364564,3.7834587202171615
0.47224349799781645,3.7833539251363595
0.3354556413972575,5.417707731185679
0.15439948095645556,4.1910021318959405
0.7184890132660458,4.660640122119104
0.34120552765482687,5.005769912451947
0.5293694653013097,3.725567588802712
0.04312083776987239,2.9697761509423457
0.2391221944563744,5.476337085724887
0.9008351795623017,3.492286752599342
0.04984883664660372,2.444354574818634
0.7763441307569665,2.6781454137485725
0.5620386461314774,2.15307641485227
0.6252391001105219,2.6773000667634386
0.1286687238807603,5.184622512466472
0.1195231080495943,3.259285369944777
0.3652846158438246,4.369773224625398
0.3934744773094114,2.9693499842804183
0.5265561104028271,3.72482703689838
0.12788882060456044,4.015842976284783
0.2730126262124971,5.064455157700915
0.2739613534740018,3.259967702359775
0.15403520841468674,5.5917467438220445
0.6046962012355827,4.249214634891515
0.0884120697361289,4.834765299599685
1.071007033782062,5.1845177173856705
0.29562467783922797,4.248702303385373
0.6332953020257625,5.123086841019696
0.2012486663444487,3.667124536629374
0.2077421874638122,5.649952260478898
0.13641220054185987,4.951951816511325
0.9113594489688043,3.3181732190166287
0.4282592526149267,3.201773829600788
0.30501547420281583,3.375815171016727
0.124839739921937,2.6773000667634386
0.35808179950842345,2.9100592563423735
0.057616857834240684,4.075089457410934
0.3840333438659757,3.4928083992237777
0.24275769644637613,6.174689175408038
0.3045545363146224,4.248946825240576
0.3664058733519603,4.249789843446138
0.834081252989341,4.075508637734141
0.15751304302235516,3.724531281892562
0.2843400953949638,5.126074665212333
0.24970788190771,4.6603187505379795
0.73976635698745,5.649866095634684
0.20644938300286683,3.3185271935117813
0.7034710910965684,5.477019418139885
0.7368478652880831,3.200656015405569
0.35075932387877845,3.9574767738373664
0.30908615934669365,4.307899880140483
0.5503593846749727,2.7942956237500627
0.35995376403006735,3.842227801530771
0.06239706510811483,3.202456162015786
0.963000905889478,4.249109839810713
0.48025620807096464,4.074793702405116
0.10837047607233918,4.369009384925332
0.1763097255277873,2.9678455926760203
0.760388297558018,4.369009384925332
0.2886823209094707,3.550352542481794
0.754617497397251,2.968229841305627
0.08098994105960258,6.465886759601164
0.2758627789912892,3.143388996916784
0.5558953288884406,3.201368621955021
0.12329574170866307,5.942009164334598
0.5692427861316378,3.492652370992362
0.3617354546151246,6.000130844926811
0.12246432896382856,3.4342815109857985
0.07056778293453445,3.725232244544147
0.5712982484079185,2.503340232632568
0.4207782775850998,3.434339730475133
0.5447353222075263,5.47593187807912
0.34495978128323745,2.6188313980147937
0.042201458047031806,5.417952253040883
0.19386639888667495,2.9689308039572118
0.5147724685253007,4.657330926345343
0.8217946185032675,2.9694547793612203
0.27546095218934835,5.358640566086677
0.21030359223010375,3.7833539251363595
0.23624367743273947,1.8625313546956026
0.2149077520909864,4.832157066477508
0.1708484360067459,5.883377481015818
0.17862186531039959,3.725232244544147
0.13829517039050282,4.3077415231294935
0.07362692346932884,4.893394654138893
0.19331409031109437,3.7263314285027787
0.48042072069105335,3.492286752599342
0.05096971596480812,3.2594763298697935
0.4988563452691322,3.7838779005403684
0.8101683036371363,3.2600003052738025
0.23395910769611447,3.4933323746277862
0.1483400462401675,3.0272970064046283
0.49986611238553874,5.358640566086677
0.3758620965736523,3.492286752599342
0.4585556698165046,3.259862907278973
0.571379937433066,4.661406290598744
0.4231964240054381,2.73593175008222
0.46085922468767776,2.9682647729992273
0.6789360193074764,3.2594763298697935
0.7483493774769056,3.8419856084551403
0.42381589911280665,3.72521361430756
0.09767390333316445,3.841822593885004
0.3083357927041234,2.91046446398814
0.20433027136115864,5.010581171050533
0.3014083742766501,5.4173001947603385
0.23095382140752846,2.503340232632568
0.24445153351040672,3.6674459082104995
0.31333633343193706,6.465886759601164
0.6696836026397287,5.185027720112239
1.203249841607991,3.026861524624408
0.8906512810939138,2.968774775725796
0.8435776021627375,4.248946825240576
0.37725833598079145,4.016457774092153
0.051383833939514185,5.358640566086677
0.08404473241018771,4.307899880140483
0.2658102258860203,4.5405240005041625
0.720151914393701,6.233320858726819
0.29682395593017813,6.174689175408038
0.2851315334640664,4.36570018915157
0.41874626308455576,3.8421439654661294
0.4488346758239525,5.649952260478898
0.2892955180639807,4.54041920542336
0.627928030521627,5.358640566086677
0.15242608589525355,3.72482703689838
0.5426617068145461,5.942009164334598
0.7300865856974028,5.010581171050533
0.32464368291006185,2.6195137304297917
0.06993567628346258,3.551172272891621
0.35995172180443863,4.660640122119104
0.2537135562024079,4.598645681096375
0.38902620733818527,6.233320858726819
0.42836174208629235,2.9689308039572118
0.24864849627232496,3.4928083992237777
0.04259795237094216,4.6603187505379795
0.2616344417602514,3.4344445255559344
0.6930058193193391,3.6674459082104995
0.8692601022032067,4.834765299599685
0.2387660529981272,4.36570018915157
0.37967016662927816,2.9108230960424395
0.6721433499525034,3.2594763298697935
0.8134536395698043,4.831777475407049
0.7897831099635235,2.445474717793426
0.6035782717988419,3.9003494821229836
0.07281460931602185,4.5403353693587185
0.21549852258257393,5.476337085724887
0.1598102443026835,4.482632869089713
0.8015728028799497,5.476337085724887
0.8715228125618062,3.7249108729630214
0.3744402915271616,5.1845177173856705
0.04350129684069823,3.841822593885004
0.1434891552681449,2.154163023401205
0.2866374479512646,4.248702303385373
0.39499404445312736,3.434339730475133
0.39166672943809183,3.7249108729630214
0.1856476131199949,3.1427089932813597
0.09973488718244129,4.1905829515727335
0.3232653318866704,4.191323503477066
0.28232146881798564,5.184622512466472
0.10139703193023411,4.831777475407049
0.1051425493712331,2.91046446398814
0.2639750970636791,3.7249108729630214
0.20562076886352348,4.1905829515727335
0.327955303042951,3.5511187109614335
0.5237680942297376,3.957637459627929
0.15337182545630146,3.493001687928367
0.49185756240163414,2.2117078652930933
0.26176151357714755,3.667124536629374
0.3148361590612424,2.154163023401205
0.15071689432001467,3.4929714137939136
0.6155313427655631,4.366785400432762
0.8139267551737837,3.724531281892562
0.27729498426088905,3.2602424983494322
0.1254856505054991,3.5511187109614335
0.11569703615324155,2.734900100731216
0.5719820158035976,5.942009164334598
0.3591873999534059,4.137095542331531
0.575762780546188,4.017223942571793
0.07452780970453185,3.2587753672182087
0.06768200466421975,2.7935294552704235
0.2650193929208077,4.1905829515727335
0.28202042963271984,5.126396036793458
0.4706554784765464,5.476337085724887
0.19466241305394552,3.608718744929211
0.09010518823929013,4.369773224625398
0.3197253984922926,2.5030188610514426
0.08232998144295964,3.027562487275993
0.46763790101519503,3.957637459627929
0.15216142858137288,4.307068505832789
0.0646693814909677,4.015842976284783
0.3104880337838081,3.8421439654661294
0.14044960497178866,4.5405240005041625
0.3942713234945307,4.016457774092153
0.18341466630898395,4.249633815214722
0.5476057837856259,4.4815127261149215
0.04088354177465219,5.359322898501675
0.807959674438704,2.6781454137485725
0.470961055940987,3.201336019040994
0.34234395498584075,3.8996904375037196
0.04578802225993128,3.725232244544147
0.09491591544061523,3.7834587202171615
0.04513768685417371,5.185027720112239
0.2547816780252045,5.1845177173856705
0.1147168056704647,3.783542556281802
0.2227924070534173,3.5507880242620145
0.20619992892422198,3.433934522829366
0.3154983318118478,2.6769530786070064
0.7271820870254918,2.6769530786070064
0.23460452663276596,4.075855625890573
0.33537822591833294,4.599050888742141
0.3453470477728256,2.734900100731216
0.8993791483270338,2.9101430924070146
0.13521099368226044,5.243147071924878
0.6342339694350962,3.433934522829366
0.09629029546972873,2.9100592563423735
0.09370268214120239,5.417952253040883
0.07076183218825287,5.010581171050533
0.24218178881908625,5.243147071924878
0.3970351355120211,3.6094197075807952
0.59972376001966,3.4929131943045792
0.3741911400004617,5.005769912451947
0.09177712810630204,5.184622512466472
0.37025830508652036,3.200656015405569
0.16715404984445037,3.492286752599342
0.312533133655973,3.5507880242620145
0.30850510833633893,3.4929714137939136
0.43215952537578844,4.307473713478556
0.25270030973863394,3.3181732190166287
0.09791783583881324,4.598967052677501
0.336701172116798,3.72482703689838
0.22284826570626123,2.91046446398814
0.09747977844145979,3.259285369944777
0.10668121510647657,4.248946825240576
0.0758548025352612,6.407255076282383
0.4275940165258784,3.492286752599342
0.2028919015956796,3.551172272891621
0.4227751204220386,2.15307641485227
0.277076012290702,3.5509184359181236
0.045571848895235405,4.599733221157139
0.414641389570894,5.5917467438220445
0.4823415473518132,4.714458218059726
0.04355991628004018,4.249268196821702
0.4516658056492033,4.5405240005041625
0.08120724899409217,6.2914402105394585
0.8217999131623049,5.476253249660245
0.2663387084959329,3.2598955101930005
0.1358600432422518,2.7935294552704235
0.5951624112589936,4.137095542331531
0.25836748585824154,5.417707731185679
0.48967767563797593,3.375815171016727
0.08639699814450438,4.951951816511325
0.46503746704799975,3.2600003052738025
0.0626018171368873,2.734900100731216
0.7448700301095122,4.0173869571419285
0.2844732938887459,4.4815127261149215
0.19378009594436632,4.5403353693587185
0.5621324372344244,4.71895043385676
0.1944625018562929,4.2499528580162735
0.05879904174029883,4.015842976284783
0.3974757267819138,2.6773000667634386
0.5720345842040397,3.9003494821229836
0.1933907872291495,3.0262094663438632
0.41172251968159596,3.433601507350374
0.16425140430320243,3.2587753672182087
0.2825442983254713,2.734900100731216
0.5055223209971403,2.735663940431282
0.098210933035523,2.9693499842804183
0.2906543166679272,2.5030188610514426
0.20346432987560206,5.999809473345685
0.3172215164145424,4.074793702405116
0.32379264210779607,4.307420151548368
0.6522244644641075,3.084841149662645
0.1685805066270954,2.2117078652930933
0.8429573706755065,2.444354574818634
0.14280300527589906,4.249268196821702
1.1081207026841435,3.4342815109857985
0.39057640786633147,5.006091284033072
0.28999668219649666,5.005769912451947
0.2821729536319883,3.0262094663438632
0.38101463183483075,3.433934522829366
0.06401110409665411,3.6090377877307627
0.5880308837256308,4.773145792088268
0.1581612983834909,2.9678455926760203
0.19896557154855554,3.0268964563180085
0.169442174566429,3.491881544953576
0.32724430597222276,3.3174070505369895
0.40284715837529295,5.4173001947603385
0.30093571250058837,5.650632264114323
0.5843866455482175,2.6188313980147937
0.6836002357294397,4.016844351501333
0.8153154686012911,3.375815171016727
0.5319959943737604,4.481892317185381
0.5502035704233025,3.7259122481795717
0.32495776964795536,3.2011776620300045
0.7506869694418903,2.15307641485227
0.18282722388879133,6.000214680991452
0.11776494087826006,5.243147071924878
0.8341689930533883,4.602339125499743
0.39155743254796394,4.307068505832789
0.24606863583738905,3.492652370992362
0.6788679451198535,3.783190910566223
0.2350222752308119,4.074663290749007
0.5547467660672695,4.307578508559358
0.21285232763369877,4.248788468229588
0.40001527217017974,3.491881544953576
0.43206838160236005,4.599733221157139
0.12734800900288953,3.6674459082104995
0.1161790392206049,2.3864075526944246
0.12277852915870142,2.735663940431282
0.21930398312767418,4.370094596206523
0.5007106105019942,2.9682647729992273
0.6975467458237187,3.0264772759948015
0.111235529534422,3.550597064336998
0.7970598624304818,3.7833539251363595
0.45724977998393834,2.6195137304297917
0.4448451502393185,5.534458766317099
0.10180536359899224,3.8996904375037196
0.2647203203231844,5.417707731185679
0.1473468816617423,4.191323503477066
0.24827401260241272,6.000130844926811
0.5191556898283539,3.72482703689838
0.10606143744716305,4.016522979920207
0.5452318855872423,3.957637459627929
0.23398134526407133,4.540013997777593
0.31694683706748394,5.4173001947603385
0.4494136846086785,2.7359853120124074
0.1852879923143803,3.783190910566223
0.324296504553185,3.957637459627929
1.202276002535052,5.941177790026905
0.29667525164921515,3.2011776620300045
0.5414949908766756,6.115622010309036
0.8106338554424908,4.015842976284783
0.16789605848954012,4.599050888742141
0.119047836763007,3.72521361430756
0.40968105043277103,3.492647713433215
0.2954462856486628,4.137095542331531
0.34197053024773594,4.307068505832789
0.3347267937617748,2.968229841305627
0.2243836411891029,4.01626914294671
0.872939133854294,3.259285369944777
0.5087081929778927,2.6769530786070064
0.116485675616853,1.8625313546956026
0.5452697045803662,5.417707731185679
0.23470845322587028,4.307473713478556
0.6574574785426534,4.074768085829809
0.16982951669400337,4.719271805437885
0.10943368142602972,4.660640122119104
0.2887406756158608,3.375815171016727
0.14350696801390622,2.4443871777326613
0.2611703648956288,4.249109839810713
0.8043203527303968,2.6769530786070064
0.09481626239373389,3.375815171016727
0.2920200361476153,4.074793702405116
0.10916214105540054,3.724531281892562
0.39174614932365187,3.958159106252364
0.30607217468968906,3.0262094663438632
0.4609794890858116,1.8625313546956026
0.4274718611780884,3.7260775915292803
0.2815712912703811,3.491720859163013
0.07102176212799304,4.249268196821702
0.08879460885157654,4.366105396797337
0.9338738519552893,2.15307641485227
0.1803279557282023,3.2587753672182087
0.3337161946275195,3.3764718868564176
0.2784991410019521,4.307578508559358
0.6270593282495723,3.7259122481795717
0.07265452151812862,3.7257562199481558
0.4435003068438347,3.7259122481795717
0.11297728326274051,5.006091284033072
0.4555604055610964,5.5917467438220445
0.05956234247851731,3.492966756234767
0.06693016308091779,4.015842976284783
0.3635744409747645,3.4933323746277862
0.46241396349499886,2.9678455926760203
0.3599362916552441,4.540845372085288
0.0987770833625869,2.9101430924070146
0.12381144149889976,3.2016899935361463
0.5124995470385578,5.184196345804545
0.3835734649095898,1.8625313546956026
0.6710235295661064,4.482213688766506
0.3978951394156572,5.125990829147692
0.08478239187106824,2.91046446398814
0.33386765969498045,4.657330926345343
0.5847701301384932,4.1905829515727335
0.263760398639715,2.735584761925787
0.7429427742199213,2.91046446398814
0.4793440139568176,3.027562487275993
0.22406932753725065,3.724531281892562
0.4787710562109914,4.369009384925332
0.16088294222364816,5.126396036793458
0.47024514240115267,4.831644734971367
0.41516745176524666,3.842910133945769
0.4977157244365171,2.4450392360132054
0.11994244504535145,4.540144409433703
0.06873303230212442,2.73593175008222
0.29548614686741537,3.550597064336998
0.43915187901445546,5.359322898501675
0.7910995891141644,2.9100592563423735
0.2837372228255766,5.94149916160803
0.4997012215755188,3.724531281892562
0.5906388814914509,5.708497778953465
0.3683819535616741,3.433601507350374
0.27517383039355214,4.834765299599685
0.30125482916456736,4.4287262795253035
0.09854710606540082,4.016522979920207
0.3230626220835266,3.72482703689838
0.3834312654954442,1.8625313546956026
0.20666703130829453,5.12675699762733
0.06476498790558477,5.650273632060023
0.3219299054204744,4.1905829515727335
0.3308327611347785,4.834765299599685
0.26546123221747353,4.249109839810713
0.5177711364900901,4.482213688766506
0.15916179984658216,3.2600003052738025
0.6937924543763149,4.307068505832789
0.335592319238407,2.734900100731216
0.19620516324044637,2.968583815800779
0.40720882285226556,3.783190910566223
0.08639998584496117,3.027562487275993
0.2405650646820352,4.01626914294671
0.18705867757243855,3.0272970064046283
0.7179338304469877,4.1905829515727335
0.5321351682684561,4.6603187505379795
0.4156447274584696,4.602339125499743
0.22063294254604596,3.7252462172215868
0.11587005804678312,2.444354574818634
0.40135255176703877,3.8996904375037196
0.1466746112399729,4.016136402511028
0.28745967068077005,5.475827082998318
0.5402454513438639,2.677463081333575
0.29580329694375185,6.2914402105394585
0.17144022761114777,5.476337085724887
0.20534230761715264,5.883377481015818
0.37496162634737373,3.7263314285027787
0.24917641159734066,5.649866095634684
0.05885535422106023,2.4450392360132054
0.29575216566504847,5.359322898501675
0.08668737237370923,1.8625313546956026
0.38059181549170623,6.233320858726819
0.17121217908261102,5.359322898501675
0.4383864225936289,3.550352542481794
0.44984330837056535,3.4924870276426523
0.5324725136871208,3.7259122481795717
0.12944688748327646,3.8421439654661294
0.2369339118762427,3.1427089932813597
0.328087215690967,4.427638739464539
0.5515279915624994,3.842227801530771
0.10801667939166563,2.2117078652930933
0.3173120550840809,2.9101430924070146
0.6294638598323862,2.9101430924070146
0.16885877877850064,5.649952260478898
0.15765263292597526,3.724531281892562
0.4773445237903601,5.942009164334598
0.6193279914852655,5.185027720112239
0.17327153671518353,6.465886759601164
0.45949509360570084,3.492233190669155
0.44395716028077076,5.243147071924878
0.29572092717672815,5.47593187807912
0.4742127329697748,5.0647229673518535
0.29373629987456834,4.307899880140483
0.15957202246499647,3.8996904375037196
0.7093716104037501,3.8996904375037196
0.37347734432424234,2.444708549313787
0.08786029062645205,4.366401151803155
0.39648827287145033,4.01687695441536
0.22793737851597087,4.773525383158728
0.7125960577574887,3.783542556281802
0.29860432285047606,3.608718744929211
0.5814515134918762,4.248788468229588
0.35024082548305063,2.677463081333575
0.45900798497426576,4.5405240005041625
0.21911829187143614,4.01626914294671
0.08494955182067562,4.249109839810713
0.07561007583075681,5.650273632060023
0.17718527303759735,5.0647229673518535
0.5957330998652323,4.832157066477508
0.1013674952966044,2.91046446398814
0.35109636674549816,4.016457774092153
0.21580614227264325,3.5505132282723566
0.48381308437426185,3.084841149662645
0.46510554123562264,4.599211574532704
0.13861424923548865,2.444354574818634
0.22585317380491599,4.248788468229588
0.2028698153036953,5.5917467438220445
0.5622039151314285,3.550087061610429
0.3820803710610605,3.725651424867354
0.3841082254723609,5.649866095634684
0.3037601483640562,4.249633815214722
0.18398236721476594,2.6188313980147937
0.6453198508894877,4.075855625890573
0.2542688524784452,5.1845177173856705
0.3673044148095896,2.1538421175759943
0.1789475624791821,4.191323503477066
0.12887113113195908,3.027562487275993
0.37767362634428436,5.999809473345685
0.3650026752500864,4.427638739464539
0.06529252504066922,2.7946495982452157
0.43555037629927207,2.9108230960424395
0.676476650184633,4.1910021318959405
0.5241179199161331,5.359322898501675
0.8923686415716675,3.0272154991195603
0.15565597918400206,3.201773829600788
0.2931617537310309,3.1427089932813597
0.388665792333715,2.5030188610514426
0.5255164662818527,5.127076040428882
0.21905778148243799,3.375815171016727
0.44968749411889514,3.550087061610429
0.26365840081526004,4.834765299599685
0.6543676668044356,4.248702303385373
0.5722864586982446,4.831644734971367
0.43222117033458035,2.6769530786070064
0.19637311738890936,5.064401595770728
0.6476426934471542,4.834765299599685
0.12100485620018639,4.834765299599685
0.3642121448368187,3.492286752599342
0.2170530344759363,4.3077415231294935
0.20823375873643593,4.482213688766506
0.41212529195836484,4.307578508559358
0.1425830500118908,3.1427089932813597
0.3521982231101613,3.5515984395535476
0.16529596489328294,5.126074665212333
0.07588933127598325,5.883377481015818
0.40194630995908304,4.369009384925332
0.22818857226829944,2.212794473842029
0.2897089552968105,2.1538421175759943
0.46479429092221347,3.027562487275993
0.27815158445514404,3.4936537462089117
0.14645306757825344,4.772824420507143
0.15291323234568174,3.2598955101930005
0.1251620712003315,3.491720859163013
0.9711966598893456,5.649866095634684
0.38301714752073807,4.540845372085288
0.6812747458422548,3.492286752599342
0.07207770623500381,2.9690961473069213
0.27720471032430244,4.6603187505379795
0.42428409824767976,3.72482703689838
0.49837264034707823,4.191323503477066
0.26622944942479815,4.773145792088268
0.10509330904218585,5.708933260733685
0.4899715292145482,4.074768085829809
0.8091494599623801,6.2914402105394585
1.00397475941971,5.708933260733685
0.277389342648733,3.5507880242620145
0.7370596516495765,3.551631042467575
0.17195698633319192,3.783190910566223
0.1633798656066635,4.5403353693587185
0.3613208071745148,4.7730899013785075
0.8326736300652717,3.7835122821473486
0.0994233343170871,3.783842968846767
0.26631034425109,5.010581171050533
0.275897232094025,2.9694547793612203
0.6501799696958327,3.841717798804203
0.28591680703728983,3.0265308379249887
0.5909758487201843,4.714458218059726
0.2323127334684543,3.201340676600141
0.3288795614159046,4.016457774092153
0.8127581482862569,5.475827082998318
0.5466342138522744,2.73593175008222
0.49992435363494947,4.831777475407049
0.5198980766633748,5.005769912451947
0.7368603455558139,4.54041920542336
0.1916422260820687,5.126396036793458
0.24151311120166363,3.2600003052738025
0.20373882012769493,3.724531281892562
0.14909268202232506,2.4443871777326613
0.21420764689027785,5.358640566086677
0.050298542293839316,4.660640122119104
1.1189346655779748,2.6769530786070064
0.2983379258629117,3.4344445255559344
0.5045893264367752,4.074388494759349
0.5156260432001059,4.0748239765395695
0.3090494749233635,3.6094197075807952
0.974488803240776,3.9003494821229836
0.14658902685853367,4.598645681096375
1.1238870627275417,4.540579891213923
0.04221753111910945,4.3073898774139145
0.050351148513274574,5.126074665212333
0.15333124567667955,3.492652370992362
0.45363201510171175,4.1910021318959405
0.19501870578816527,3.9574767738373664
0.05787414044446217,5.358640566086677
0.22603440241996545,4.5403353693587185
0.8936646984660215,3.5515984395535476
0.24299875470854745,3.492652370992362
0.2302592755988091,3.7257562199481558
0.6783067112618958,3.7257562199481558
0.355082791172696,4.1910021318959405
0.5698925164335054,4.07846385901275
0.1250126483584992,2.9697761509423457
0.4959193222631347,4.831456103825923
0.28666585001510064,5.12675699762733
0.2614776820337531,4.831644734971367
0.09188793775615488,3.0279816675992
0.35499448382375187,5.126396036793458
0.34747421486006913,4.1910021318959405
0.3294665878271728,3.2011776620300045
0.18232124357978743,4.951951816511325
0.6269780174143561,2.9100592563423735
0.1051717456339247,3.551631042467575
0.11061870175657217,2.735663940431282
0.1593182948401286,3.433601507350374
0.36023286819932127,2.1538421175759943
0.17320505092527183,2.968583815800779
0.15492728282449192,2.7935294552704235
0.08510173544900596,5.5917467438220445
0.19804475470397626,4.893650819891963
0.21538699437185171,3.2594763298697935
0.25147062517721225,5.650378427140826
0.19954514761817843,3.7835122821473486
0.573453174636115,5.29740064964572
0.19380324116815809,4.482213688766506
0.1933247930861484,4.831777475407049
0.37908851051503345,3.491881544953576
0.4393269809526188,2.6769530786070064
0.23734912660174934,2.734900100731216
0.3851005958519305,3.200656015405569
0.2935464107100935,2.444708549313787
0.4907581642715241,3.492233190669155
0.48042261164070954,4.540144409433703
0.24322207586294375,4.369009384925332
0.0659181268249238,2.444354574818634
0.10684039524853481,2.9689308039572118
0.08460623100109739,3.3185271935117813
0.5820577519516513,3.4929714137939136
0.25526197923787736,2.444708549313787
0.5799901875975709,4.016457774092153
0.32850677960068286,3.783542556281802
0.6753148507158687,3.783032553555234
0.04207030177887833,5.417707731185679
0.08529370465810257,3.7831629652113428
0.051980050366111544,3.201336019040994
0.05295566693172726,3.5505132282723566
0.23045933807243424,2.502986258137415
0.12800212630795949,3.4350220628901305
0.24197507020267134,4.598645681096375
0.08409291380742749,4.307769468484374
0.27521917536630763,4.249268196821702
0.12929179179247557,4.248788468229588
0.6649426136617239,4.599050888742141
0.31857403706563037,3.375815171016727
0.2548646150771251,5.883377481015818
0.8601551796086421,4.893394654138893
0.24814213777338986,5.476337085724887
0.06530666934409754,3.5505132282723566
0.24564339907870456,4.598699243026562
0.21852869376863546,2.9111444676235645
0.3148094966710901,4.248702303385373
0.1696114523796513,2.4443871777326613
0.26452120332438733,3.434339730475133
0.24949632246017525,3.3174070505369895
0.4205778369215434,4.2499528580162735
0.6637679557352975,2.6769530786070064
0.1813435091505568,2.9682647729992273
0.1655501841650614,4.835445303235109
0.5807102612266489,5.650632264114323
0.10199200033005838,5.417272249405459
0.36491444353912844,3.957637459627929
0.762656680765586,3.6674459082104995
0.23424448981822696,3.783598446991564
0.09655544443051998,3.8419856084551403
0.801669997692278,5.127076040428882
0.7763108500430176,3.8421439654661294
0.45418644154090726,6.698564441895031
0.2086115704777431,5.358640566086677
0.3666992352816219,5.767564944052467
0.23202009009966204,4.540144409433703
0.4421490342195199,5.941177790026905
0.16269606039199136,4.075508637734141
0.431376672218125,3.3764718868564176
0.19359712765563317,3.433601507350374
0.2898371616835003,4.016108457156148
0.17450152382855022,4.602339125499743
0.38397850632594616,3.6674459082104995
0.175512274238778,3.3764718868564176
0.11040211238295192,3.6674459082104995
0.9484092037725065,5.476337085724887
0.8470501421113686,4.369773224625398
0.2018529003975883,4.720037973917525
0.29136032163156306,4.074768085829809
0.5347110198901209,5.5917467438220445
0.6662693039405083,4.015756811440569
0.12025808236196302,6.757196125213811
0.6630841883396185,5.185386352166538
0.35733332381550953,4.1910021318959405
0.09409732333444967,4.835445303235109
0.24288609192803154,6.465565388020039
0.3372209941772852,4.191323503477066
0.4356642114685748,3.493001687928367
0.082607988861413,4.541101537838358
0.574725405564801,3.7260775915292803
0.3426571718868924,3.2594763298697935
0.4642670941580671,2.6777192470866455
0.4444336795941311,3.4344445255559344
0.05886651082403176,4.249109839810713
0.4005878517260747,5.708902986599232
0.6838865255073873,4.249789843446138
0.23503116269419602,4.016108457156148
0.13596699535480603,5.417272249405459
0.15876205308926314,2.6195137304297917
0.32509448530809804,2.968774775725796
0.12042357827587295,3.259154958288668
0.15776635463829866,4.773145792088268
0.04963542406840588,3.202456162015786
0.13935100104053422,2.6188313980147937
0.11052324661792758,3.201773829600788
0.38467551036921854,5.005769912451947
0.1789999417846586,3.4929714137939136
0.7334929424080671,4.01626914294671
0.18044436258903748,2.677463081333575
0.738573545944324,5.1845177173856705
0.24141103773922237,5.064401595770728
0.4326175133825182,2.7366699732069786
0.40500775745245804,5.94149916160803
0.7121528191580773,2.9689308039572118
0.4123892685303693,5.127076040428882
0.20654548106439452,3.4925662061481466
0.4686155219874463,4.951516334731106
0.29936304749052656,4.3073898774139145
0.23850090403733593,3.783190910566223
0.3048116298298783,6.2914402105394585
0.7316477537335548,4.307333986704154
0.09065674043500824,4.3081001551837925
0.20926406156610872,4.016164347865908
0.10381714493821495,2.794616995331188
0.08881359398612472,4.075508637734141
0.5577643435286208,5.4173001947603385
0.3329078892874836,3.317786641607449
0.45176526960111896,4.4815127261149215
0.43655068866739766,3.260321676854927
0.3744176757692735,2.9693499842804183
0.3377380932702675,5.5917467438220445
0.25070815645684247,6.698564441895031
0.30272148753690303,6.1742536936278185
0.3259353528012135,5.941687792753473
0.08116890053506459,3.841664236874015
0.37200433236106184,2.2124735680168177
0.0997267939179128,3.201340676600141
0.6278890769587094,4.016108457156148
0.35205976777633485,2.968688610881581
0.7559903268476464,4.6603187505379795
0.32520900121927704,2.9693499842804183
0.5025387806296006,5.649952260478898
0.24534084713371382,5.359322898501675
0.26414331594509394,4.602339125499743
0.5896620168990621,3.784120093615998
0.492472877419759,2.6773000667634386
0.31270275184013335,3.5511187109614335
0.7190926043963022,5.70858394379768
0.5550810859664843,3.5515984395535476
0.34172187036794666,3.958159106252364
0.3021437267789501,4.599733221157139
0.3150471512238803,3.4929714137939136
0.24516926236191094,3.725567588802712
0.20302392770067493,4.248946825240576
1.5842024502940986,3.9583221208225003
2.0437788547350157,4.3073898774139145
2.3296461945292997,3.958159106252364
1.6915686808230275,3.200656015405569
2.204967185328139,4.1910021318959405
1.4635916301832697,3.783190910566223
2.6223345679233994,2.735584761925787
2.6669938823335495,3.259285369944777
2.4005167185037903,2.9678455926760203
2.6547923405820044,3.7835122821473486
2.4118102262304317,3.4928083992237777
2.5129026639900465,3.957637459627929
1.9187182518932355,3.3185271935117813
2.5299106215777005,4.307473713478556
2.7103756711559766,3.550352542481794
2.3881083068598583,2.9689308039572118
2.0842606831647066,3.783842968846767
2.5151188569871037,4.71895043385676
2.539764360236117,6.000214680991452
2.2868940919423846,2.4443871777326613
2.4800345552560477,2.9678455926760203
2.6887870771211633,3.491720859163013
2.600921832206612,3.72482703689838
2.1420416754291045,3.027562487275993
2.1294540017577654,5.5917467438220445
2.2746781789734527,3.724531281892562
1.7202649764255356,3.725232244544147
2.1132058277419694,3.259807016569212
2.4474516017302017,4.599050888742141
2.5255236183753347,4.540013997777593
1.5957932153066934,3.783032553555234
2.5383283730672046,3.2011776620300045
2.7119357046223347,3.7257562199481558
2.420871278792973,4.07846385901275
2.4574327903954467,4.951951816511325
2.6891573250638454,3.8996904375037196
2.3631723537436535,4.133294974067788
1.8369301409837542,4.599733221157139
1.7013066933624852,4.832157066477508
2.67757261109015,4.951516334731106
2.6654436818054035,3.492286752599342
2.4319968701901447,6.233320858726819
2.4924089298061687,4.307473713478556
2.4210403296922363,5.942009164334598
2.6992523488983924,2.9697761509423457
2.6196584959699565,4.834765299599685
2.1318036958005497,6.233320858726819
2.5519269484247444,5.650273632060023
2.474474028697049,4.017223942571793
2.650814160695308,3.259285369944777
2.3364626898499408,3.433934522829366
2.518652285514664,3.201773829600788
2.464281431860243,4.016543938936368
2.7053222972947686,5.476337085724887
2.126880419275688,4.3073898774139145
2.642428555349959,5.125990829147692
2.3796050844458936,3.7249108729630214
2.2906945225613993,2.968774775725796
2.7102077548265067,4.834765299599685
2.3614130141835323,4.5405240005041625
2.610801287780353,3.259154958288668
1.9366418073044174,4.016457774092153
2.61236396857623,4.016457774092153
2.6601910018504333,2.7359853120124074
2.6176000081742257,3.725232244544147
2.319215338035813,3.72521361430756
1.6166379097467611,5.708933260733685
2.4240325684281947,6.698564441895031
2.2220348969249284,4.427638739464539
2.6617585991154162,2.444354574818634
2.5323125058309954,3.783032553555234
2.4263024643954876,6.1742536936278185
2.580123655128087,3.0265308379249887
2.5153143811815535,3.1427089932813597
2.1876793671913686,2.9682647729992273
2.4348344292442263,3.4925662061481466
2.131229981674861,3.259285369944777
2.2545660384301938,5.649866095634684
2.423604457426033,3.957637459627929
2.344392576328148,4.54041920542336
2.337010308870374,3.433601507350374
2.1573576112643975,3.5504084331915546
2.2099857657156727,3.492233190669155
2.666222753063755,3.725567588802712
2.195276824720017,3.783598446991564
1.8217673720706125,3.551277067972423
2.5246859276776417,3.433601507350374
2.17486591413108,5.649952260478898
2.0478822154889524,4.016844351501333
2.6633606116641424,4.482213688766506
1.940667260932519,5.999809473345685
2.39179187679012,3.201336019040994
1.9953610887882183,5.359322898501675
2.5354734172762865,4.3077415231294935
2.328544905449533,5.243147071924878
2.5550874816801037,2.154163023401205
2.0929280400088284,2.968774775725796
2.3681410130602636,3.259154958288668
2.66004955881615,4.308421526764918
2.5297506472367863,3.7841969433419202
1.8125902151991815,5.5917467438220445
2.6272109488967876,2.9694547793612203
2.330535319057641,5.475827082998318
2.2130033431770237,4.307473713478556
2.0879563551727682,4.249268196821702
1.9232947282511514,3.4344445255559344
2.427080401084045,4.482213688766506
1.6022035346411845,4.016457774092153
2.0071972990661866,3.5504084331915546
1.616128866099314,3.317786641607449
1.8723177510396636,5.064401595770728
2.019544443941258,3.491965381018217
1.8140292278875436,4.3073898774139145
1.9998793238967236,4.4815127261149215
2.199770477482992,5.358640566086677
2.1411631402188376,4.660640122119104
2.027595729387393,3.4350220628901305
2.573594962345118,3.725567588802712
1.6020923468014006,3.259541535697848
2.6423256876886616,2.968583815800779
2.434554946885041,4.249214634891515
2.3736546440677886,2.91046446398814
2.06333694702901,5.475827082998318
2.6365352216514704,3.3185271935117813
1.4837964272596817,3.200656015405569
1.6652043043365354,2.9678455926760203
2.56283394604166,3.491965381018217
2.3047843666396175,3.492286752599342
2.6670842697271158,3.201773829600788
2.5408051389268853,2.9111444676235645
2.2835629950280367,3.7831629652113428
2.5695142929870554,4.951951816511325
2.144013935920513,3.7831629652113428
2.571870794448602,4.016457774092153
2.6440415354066906,4.01687695441536
2.426546018711205,5.883377481015818
1.7188985762039712,2.5041040723326335
1.6372284605530363,3.259541535697848
2.3043857544520923,5.708497778953465
2.225197321129944,5.650378427140826
2.3203567152482907,6.115622010309036
1.937040797681874,4.951516334731106
2.4006263935838494,3.2016899935361463
2.5132706427931417,4.074388494759349
2.1227173045126158,3.4344445255559344
2.407405826291229,4.599211574532704
2.3715144672469104,2.444708549313787
2.045788934219548,3.7260775915292803
2.22748045374483,3.0265308379249887
2.3917098095750413,3.724531281892562
2.6988136485781555,5.476337085724887
1.98991666653811,4.540845372085288
2.2798181583289137,3.434339730475133
2.5970718587066046,4.3077415231294935
2.489418203829935,3.783598446991564
1.897869019173993,2.9686117611556595
2.704728160912793,5.358640566086677
2.44400629145662,6.000130844926811
2.6006385679481143,5.650378427140826
2.698163540086357,2.4443871777326613
1.86312773571057,5.125990829147692
2.684854280026215,3.72482703689838
1.7505500479291762,4.5403353693587185
1.9174150093901878,4.016136402511028
2.669843543465431,4.6603187505379795
2.691778559477259,4.015842976284783
2.2567406305348148,3.783190910566223
1.9452047837275177,4.307473713478556
2.2190384980997266,4.540013997777593
2.61607438999161,3.667124536629374
2.4093652283249756,2.7935294552704235
2.7172091850235236,3.027562487275993
1.9876426104815734,2.968583815800779
2.242659106635084,5.5917467438220445
2.1950790313859794,3.491881544953576
2.286538971596952,4.249633815214722
2.5248277489018562,3.7842831081861346
2.0792065529236363,6.115622010309036
2.4894507281640217,5.358640566086677
2.3460267350210287,2.91046446398814
2.7070767203857837,2.73593175008222
1.5262327412540126,3.5514400825425585
2.501163270334475,2.9678455926760203
1.9900811791581987,4.015756811440569
2.040806660065413,3.201336019040994
2.5362819873492737,4.602339125499743
1.6735675964759416,4.249109839810713
2.615258256119997,4.366021560732696
2.4086179250208484,2.968583815800779
2.4475968266637977,4.661406290598744
1.7122488626430061,3.201773829600788
2.3848267528265024,5.941582997672672
2.519151496223899,3.433601507350374
2.513738463738083,5.184622512466472
2.543138570802626,4.893972191473089
2.23327356711154,5.94226533008767
2.214053954806004,5.650632264114323
2.0737424647971037,5.883056109434692
2.5417793561897555,5.94149916160803
2.068498483210552,4.951951816511325
1.5969758152216758,3.259154958288668
2.528465557850438,4.773525383158728
2.3349359370975313,4.191323503477066
2.6295806870059275,4.773525383158728
2.410932069210096,1.8625313546956026
2.7142093824889404,2.9678455926760203
2.6116087232835468,4.016790789571146
2.231897712141695,4.249789843446138
2.7060782989673147,4.308156045893553
2.673850843976833,2.1538421175759943
1.7854176468296328,5.417707731185679
2.6156757778040847,3.491720859163013
2.6225474888546865,5.70858394379768
2.4689501865613805,2.677463081333575
2.13735249847168,4.249268196821702
1.7690968603470392,3.1427089932813597
2.6212658031777196,5.006091284033072
2.686406371504017,3.9574767738373664
2.043863191089682,6.1742536936278185
2.620370627610478,4.2499528580162735
2.454960562814941,3.7263314285027787
2.0886976074379957,5.649952260478898
2.5527237946098635,5.883056109434692
2.4998059466712603,3.3764718868564176
2.007996036200962,3.2594763298697935
2.302887744134457,3.5504084331915546
2.5856959055749535,3.9574767738373664
1.8785454046373666,2.9686117611556595
2.5705611227167235,5.126396036793458
2.155678447969699,4.07846385901275
1.75246293260138,3.492286752599342
2.2755544450441323,3.259862907278973
2.519781938839273,2.9101430924070146
2.4688832469435518,3.4936537462089117
2.334919674930488,3.5515984395535476
2.7051411443177056,2.677463081333575
2.2537816725128055,4.016790789571146
1.8946555393282605,5.123086841019696
2.55689106946218,5.883377481015818
2.4991391978224873,5.47593187807912
2.6304520366075006,2.2117078652930933
1.850162628487855,4.016164347865908
2.1699067095627504,3.491881544953576
2.6966670425284467,3.7835122821473486
1.4166991042291563,4.892884651412324
2.6180530797118493,6.000214680991452
2.0767048265284944,5.475827082998318
2.268797325542695,3.433601507350374
2.469137390577344,4.892884651412324
2.0390291673885925,4.482213688766506
1.7486625019823652,4.249268196821702
2.607386610891201,5.942009164334598
2.562326415153938,4.1910021318959405
2.554770180327795,3.0264772759948015
2.1108981127815527,3.8996904375037196
2.1919347602976633,3.434020687673581
2.4148342329206143,2.677463081333575
2.046485560072889,6.2914402105394585
2.6109586147917483,2.6769530786070064
2.152222926567974,3.4929131943045792
2.1797332185461182,4.074388494759349
2.6678485915781485,3.957637459627929
2.628319423585247,5.184196345804545
2.481320779212189,3.4928083992237777
2.2901677039871844,3.4924870276426523
2.655271129034953,3.725232244544147
2.574315414164127,4.541101537838358
1.9251327313169702,5.184706348531114
1.9095081924977866,3.609803956210402
2.180711217708301,5.184622512466472
2.6570947608833846,3.5504084331915546
2.5464167211266004,3.5505132282723566
2.300575112704934,3.491881544953576
1.6409925849386522,4.36570018915157
2.240321514670099,3.200656015405569
1.6306906912117178,4.248702303385373
2.6037435072835815,5.941687792753473
2.607708072332754,4.016457774092153
2.330774335094184,3.8996904375037196
2.658857504152887,3.492233190669155
2.417969049260649,3.725232244544147
2.2507395127059238,5.006091284033072
1.9504347722866135,4.016457774092153
2.4718577107527415,3.3178425323172105
2.564567568686457,2.9101430924070146
2.4862705290322378,2.9686117611556595
2.5141794331979073,3.491965381018217
1.967911685389003,3.9574767738373664
2.483523735561653,3.9587576026027205
2.348774284871476,3.5507880242620145
1.8458599616401556,3.434700691309005
1.9157982474341437,5.064401595770728
2.441843423239868,3.4924870276426523
1.8783063886008238,4.016844351501333
2.530803149815423,4.016543938936368
2.2213008302683943,5.650378427140826
1.806779326905703,3.72482703689838
2.3166300316658672,3.491720859163013
2.411904017333379,2.9101430924070146
1.6730914553525122,2.3864075526944246
2.5917700140605735,2.6195137304297917
1.7032827357532059,4.016522979920207
2.155023044818863,2.1538421175759943
2.6283148853060725,4.54041920542336
2.6302141551407514,3.7259122481795717
1.7779434792185682,5.5917467438220445
1.88268128972539,3.9583221208225003
2.13590819112428,3.7833539251363595
2.0691830069860937,3.4929714137939136
2.5500968873474816,3.201340676600141
2.4254186345261837,4.892884651412324
2.685265750671402,5.650953635695448
1.9899204484374224,3.3178425323172105
2.0622795279812673,3.3764718868564176
2.273425613921191,5.47593187807912
2.185327404008997,5.476337085724887
2.670003139616414,4.369773224625398
2.343603293941653,4.772824420507143
2.209542527116261,3.7249108729630214
1.916127272674321,4.5405240005041625
2.279118506956123,3.084841149662645
2.5634685487462785,4.541101537838358
1.6884342426729233,6.465565388020039
2.5194529135990957,3.4929714137939136
1.7815582185813448,3.7831629652113428
2.5433219929192767,3.375815171016727
2.0644764332918313,3.9574767738373664
1.9934754337910634,3.72482703689838
2.0566687021614145,3.4344445255559344
1.8236212591135434,3.5505132282723566
2.399537584771814,2.6769530786070064
2.4349312458666232,3.2598955101930005
2.033853638179595,2.9682647729992273
2.5467903727786645,3.492286752599342
1.9825268352817116,4.249268196821702
2.1489179247588814,3.9574767738373664
2.2200467524564083,3.491881544953576
2.51845562675042,4.773525383158728
2.0312910232055232,4.3073898774139145
1.4695844278336734,2.968583815800779
2.5358440434089,5.184622512466472
2.5293142160561373,3.493001687928367
1.9798205081337692,4.016108457156148
2.232389737242236,4.835445303235109
2.4769451217077605,2.5030188610514426
2.593528597240832,4.248702303385373
2.5707812292567045,3.3181080131885743
2.251096524001013,3.433934522829366
1.8520127336314733,3.317786641607449
1.9866010754109429,3.2598955101930005
2.3139910223256854,3.958159106252364
2.272702514772663,3.550597064336998
1.9396177838733326,5.942009164334598
2.14946100550014,5.184706348531114
2.065183270273316,2.7942956237500627
2.0449304430756365,4.074768085829809
1.9980817871535472,2.15307641485227
2.599243425291776,3.259154958288668
2.3087905325812264,3.5505132282723566
2.4590366938938284,4.015756811440569
1.5024200122335858,3.1427089932813597
2.046297977866995,3.492647713433215
1.9263550411747328,3.317786641607449
1.8600209054254466,5.1852815570857365
2.6100025506455773,5.0647229673518535
1.7367593520865674,2.6769530786070064
2.348618848809737,5.1845177173856705
2.0215231336614976,4.016457774092153
1.656839121247473,3.841717798804203
1.9130090966912603,2.735584761925787
2.0269959201564487,3.7249108729630214
1.8150730320977615,3.550597064336998
2.6422250891669528,2.9690961473069213
2.3759355075430872,4.481892317185381
2.393246395265663,4.01626914294671
2.563039303174323,3.200656015405569
2.0393453341711076,6.2914402105394585
2.2061940334650765,3.7252462172215868
2.3738047854704902,3.3178425323172105
2.3973077769372324,3.5505132282723566
2.7009814332640145,3.433934522829366
1.7143413875325484,3.259285369944777
1.7337228651286543,2.3864075526944246
2.577164318916146,4.07846385901275
2.108428910720497,4.54041920542336
2.2958084068116054,3.842910133945769
2.2262849953721857,4.249109839810713
2.673578925416273,5.650632264114323
2.0433696532294157,2.7360179149264345
2.0992960020710205,2.968229841305627
2.2505016312391746,2.502986258137415
2.5695679959572915,5.417707731185679
2.3553615970937867,4.017223942571793
1.871407826065104,3.841717798804203
2.649859609308862,4.6603187505379795
1.9742509050164212,4.660640122119104
2.5211154365368196,5.29740064964572
2.7021995830325336,3.143388996916784
2.0909822528126067,4.369009384925332
2.177150937695622,2.9111444676235645
2.411648360939862,3.491965381018217
2.467337962884512,2.6777192470866455
2.5678184893353824,4.075508637734141
2.144942014011772,3.7252462172215868
2.60343755162921,2.154163023401205
2.1684816899018444,4.307578508559358
1.6419762569498033,3.2016899935361463
1.7550107981681333,5.883056109434692
2.558092200683793,3.725567588802712
2.2394615107664633,4.831644734971367
2.165192950259795,4.016543938936368
2.3342506569421273,4.773145792088268
1.6903176285304908,3.7842831081861346
2.061428600635981,4.016164347865908
2.4581426528963806,5.0647229673518535
2.4976029903217967,5.184706348531114
2.6207125113083176,5.4173001947603385
2.1851333925742717,3.841822593885004
2.459840725687641,4.369773224625398
2.49974165438295,3.375815171016727
2.035561165719136,2.73593175008222
1.722348424756728,4.54041920542336
2.0109500777538654,1.8625313546956026
2.3259864505647054,3.783598446991564
2.4437748392187024,5.29740064964572
2.478129234382468,3.551631042467575
2.3432992292369375,4.893394654138893
2.532465672753147,4.481892317185381
2.3036887504088197,5.125990829147692
2.7049112048395125,2.6188313980147937
2.5486782969154067,4.602339125499743
2.1677642636022854,3.317786641607449
2.7204990592353666,2.9101430924070146
2.5962723651919664,3.084841149662645
2.2761009294947714,3.4924870276426523
2.205955773808396,2.968774775725796
1.8929381788505066,6.407255076282383
2.475163847131628,2.6777192470866455
2.5966312674367122,4.015756811440569
1.9965531434514818,3.0272154991195603
2.3672186078179736,4.133455659858351
2.6297221300402107,4.191323503477066
1.889785209393772,3.957637459627929
2.6771755116623503,2.4443871777326613
2.183964785686745,3.433601507350374
2.033767032685341,2.91046446398814
2.0175014619327083,3.3178425323172105
2.3198159036466195,4.540579891213923
2.4877333676862676,5.417952253040883
2.5140576560400487,5.243147071924878
2.489749876399631,3.783190910566223
2.4599727139736434,4.307473713478556
1.6002078263740396,4.4815127261149215
1.4480162560551468,3.958159106252364
1.8874635014058996,3.7259122481795717
1.9666719787944034,4.016108457156148
2.6288938940907984,3.783032553555234
1.475430865980688,3.259285369944777
2.090080269826603,6.406933704701258
1.7785811074426359,6.465886759601164
2.184431472061893,3.783032553555234
2.2024745354913464,5.005769912451947
2.6657057674277516,2.7935294552704235
2.564938951198933,5.417272249405459
2.0062041723067545,6.1742536936278185
1.92526093770366,4.831456103825923
2.6059604566605015,3.841664236874015
1.8230789347521474,2.445474717793426
2.4681820828110355,5.883056109434692
2.3187770159055074,3.5514400825425585
2.2789604235648655,3.200656015405569
2.18652550971116,3.2016899935361463
2.56630610780036,3.027562487275993
1.9498932043050803,3.2600003052738025
2.499936800387469,4.3073898774139145
2.6721580658446102,2.91046446398814
2.240241716594608,5.650273632060023
2.5769218991702223,4.660640122119104
2.2417166573264375,3.5509184359181236
2.405259598431451,3.259862907278973
2.047204120942242,4.248702303385373
1.8846792671321224,2.154163023401205
2.5459118375683976,2.677463081333575
1.9036640234903595,5.417272249405459
1.6553479183485997,6.407255076282383
2.363698415938006,2.9100592563423735
1.4577175841712746,4.4815127261149215
2.250717199499981,3.492286752599342
2.022119917372992,4.307068505832789
2.5423250842605323,4.482213688766506
2.350941313177472,3.200656015405569
2.1143385065860287,5.883377481015818
2.585686450826673,3.7835122821473486
2.384236020153908,4.249109839810713
2.379090367949478,4.89407698655389
2.3985576946599756,3.7263314285027787
2.5998787843762563,2.2117078652930933
1.864580363236457,4.074663290749007
2.6747724928392613,5.126074665212333
1.972765753156448,3.2594763298697935
2.4782423131719082,3.4933323746277862
2.4709387092198325,3.2602424983494322
2.608339649517922,5.650273632060023
1.816607726838727,3.7259122481795717
2.3216489902433324,6.1742536936278185
1.7260361547762337,4.366105396797337
2.4377960345957543,3.550597064336998
2.158877556598045,2.5030188610514426
2.701861481234006,3.492966756234767
2.1699883985878983,3.2016899935361463
2.4190884914571154,4.0748239765395695
2.3490893170841973,4.307473713478556
1.8342067952889065,3.0279816675992
2.0817351308038963,3.957637459627929
2.5412695561624457,2.9697761509423457
1.9680769543889542,5.4173001947603385
2.3601184700489033,4.074793702405116
2.1742929563852536,3.0268964563180085
2.5401172114419626,6.407255076282383
2.1553724923153275,2.91046446398814
2.3771491190324316,5.417621566341464
2.0130944146639873,3.7838639278629276
2.538338206005417,2.7360179149264345
2.345495378167639,4.016108457156148
2.4511321461410147,4.834765299599685
2.4303059830075777,5.649866095634684
2.5975903571023324,4.834765299599685
2.482746555252958,3.375815171016727
2.604119806265164,3.201368621955021
2.6713067603093923,3.434020687673581
1.5702287105247705,3.9003494821229836
2.217961034985628,3.550352542481794
2.213395526135718,4.599050888742141
2.639174230991652,3.200656015405569
2.1865697579331154,3.7260775915292803
2.13839403354231,3.2604055129195686
2.4738292148642875,4.599733221157139
2.5200791961252262,2.9678455926760203
2.5026824592882595,2.73593175008222
2.2573287158778905,2.9111444676235645
2.3006435650824884,3.7838639278629276
1.9822602113801882,5.417272249405459
2.688377875615563,3.492652370992362
1.7088338075639231,4.308156045893553
2.426653424651677,2.9686117611556595
1.6946974461241626,3.7834587202171615
2.306077398014522,2.91046446398814
1.9409024950697493,2.7942956237500627
2.5307002821541262,4.541101537838358
1.7947305738863788,3.72521361430756
2.4861200094396048,5.184706348531114
2.231901115851076,3.491965381018217
2.2164830687343486,4.016164347865908
2.3214050577376835,3.783032553555234
1.828696946180694,3.084841149662645
2.7194730299519168,3.5514400825425585
1.9355102630301522,2.6188313980147937
2.3844905419776317,3.259285369944777
1.6356222879150668,5.650378427140826
2.3420114925210704,3.841717798804203
1.63735477599007,4.1905829515727335
2.029449994620255,5.29740064964572
1.4643415808169153,2.6188313980147937
2.6116125051828596,5.184196345804545
2.1214492336731734,4.951516334731106
2.572942962903663,5.185707723747663
2.3153604480667,2.73593175008222
1.5820138651620221,4.369009384925332
2.470905428505884,2.445474717793426
2.686453645245422,2.7363509304054263
2.322856550693776,4.893972191473089
2.715076193811339,3.783542556281802
2.438620866835785,5.4173001947603385
2.0036786199459447,4.773145792088268
2.352714645765049,3.7835122821473486
2.4362545324360263,5.649952260478898
2.376897622728158,2.3864075526944246
2.263910733441164,3.3185271935117813
2.2407942520841475,3.7834587202171615
2.4963791677043092,5.127076040428882
1.5540463415570103,3.9574767738373664
2.6750708846950086,2.9101430924070146
2.345506345675645,5.883377481015818
2.3932929126272056,4.4815127261149215
2.0036627359688324,5.010581171050533
2.2188944077359247,5.126074665212333
2.36948661283561,2.6777192470866455
2.282350896298418,4.951951816511325
1.5263654859198772,3.7260775915292803
2.6661626208646876,3.2610878453345666
2.6383853267950887,1.8625313546956026
2.3079119973709594,4.366401151803155
2.2038829147952783,6.2914402105394585
2.476888015028144,3.491720859163013
2.3746678148935763,2.9693499842804183
1.5726305947780657,4.540845372085288
1.8150238674067005,6.1742536936278185
1.8264660037763185,2.502986258137415
1.6262246463137235,3.433601507350374
2.2543398808513135,4.249268196821702
2.5686626092619065,2.4443871777326613
2.3068844553277845,5.476337085724887
2.284513386325239,3.784963111821559
1.7842316432052692,2.7935294552704235
2.6031841643752798,2.91046446398814
2.0229912669745653,3.492233190669155
2.1659103765593546,5.999809473345685
2.247621336722863,4.307420151548368
1.498187688713097,4.07846385901275
2.325106780784645,4.016164347865908
2.2140573585153853,3.0279816675992
1.881290685348226,3.5507880242620145
2.496382193223759,2.9100592563423735
2.6481316595130338,3.842910133945769
2.2999851364122024,5.650273632060023
2.290995183556734,3.0272154991195603
1.9508821709752686,3.492233190669155
2.092016602274544,5.70858394379768
2.3942936031852624,3.200656015405569
2.0149021625353067,4.248702303385373
2.4923869947901562,6.115622010309036
2.3022622179881886,4.893394654138893
2.4980087881180153,5.650632264114323
2.167622442378071,3.7260775915292803
2.2303770104281853,4.5403353693587185
2.359131394328371,2.154163023401205
2.6686435468136116,4.133294974067788
2.461038831389805,2.968229841305627
2.1255703693538783,2.6195137304297917
2.0531817909953967,3.7845439314983524
2.2751520509572942,4.074793702405116
2.339029464913256,4.307420151548368
2.1555994062740704,3.260321676854927
1.7512534812012797,3.201773829600788
2.524224914151462,3.5504084331915546
2.4693189217443385,3.259154958288668
2.1955759729556266,2.9101430924070146
2.148084394150432,3.492966756234767
2.720385980445926,3.0272154991195603
2.2636165016746603,4.249633815214722
2.62173627145218,4.307769468484374
2.310403890827889,3.433934522829366
2.4549526208263845,4.016108457156148
2.5691542561725167,5.883377481015818
1.8017240620948394,3.9574767738373664
2.6968118892721114,2.735663940431282
2.4664760680312194,4.369773224625398
1.8523750395855998,3.4342815109857985
2.427838293706247,3.491881544953576
2.7123728921828465,4.0751756222551485
2.540551373483024,3.0262094663438632
2.3416680960635063,5.184706348531114
1.818416231089909,5.708497778953465
1.586250726961686,3.260321676854927
1.9129444262130189,2.9689308039572118
2.4899707393194745,3.259154958288668
2.171084014818696,5.125990829147692
2.719397391965669,4.074663290749007
2.2981501588658335,2.968583815800779
2.5044527663563865,2.968688610881581
2.313918409858888,4.366105396797337
2.0670364009363844,4.01626914294671
2.501845524970429,3.7259122481795717
2.6007187442135367,2.6781454137485725
2.0754080132542776,3.491720859163013
2.5368791492506992,5.417272249405459
2.470511732787464,4.36570018915157
1.972254818559345,3.0265308379249887
1.6146970390196453,5.476253249660245
1.7243475367332541,3.72482703689838
2.209473696548776,5.29740064964572
2.706083971816283,4.4815127261149215
2.686734640364332,5.883056109434692
2.525245270585943,3.7841969433419202
2.174846626444587,2.9111444676235645
2.329897312643642,3.491965381018217
2.57201072472316,2.154163023401205
2.663021375295821,3.259967702359775
2.5840258188386045,3.0264772759948015
2.06937134557185,4.015756811440569
1.4801756368580052,3.1427089932813597
2.174351954014527,3.3178425323172105
2.277881069501111,2.968229841305627
1.7984084709676722,3.957637459627929
2.5611483535181305,6.406933704701258
2.342786403690178,6.465886759601164
2.5829177223400763,4.191323503477066
2.6588276271483187,3.433601507350374
1.4182311516406034,3.493001687928367
2.2821508338247924,3.957637459627929
2.1694381322379463,3.7249108729630214
2.1747777958771017,3.3174070505369895
1.6140106242944479,5.005769912451947
2.4749732394062836,3.434020687673581
2.3886271834455175,3.492647713433215
2.4810344894342418,3.493001687928367
2.673808486704534,2.6769530786070064
2.7005181505982474,4.714458218059726
1.952142299826155,5.417707731185679
2.5491824240937473,2.7359853120124074
2.671120312673292,2.9686117611556595
2.6716459966777135,6.1742536936278185
2.336733095650776,5.767564944052467
2.5165635425244344,3.5514400825425585
2.3849394534260115,2.91046446398814
2.656000657412312,4.598967052677501
2.3849027690026814,3.4936537462089117
2.1297694121604183,5.941582997672672
2.1063768521535975,4.89407698655389
2.4961098964732673,5.5917467438220445
2.283299774835895,4.016457774092153
2.503545866901277,3.4925662061481466
1.8015606840445444,3.7259122481795717
2.068485246562959,6.000894684626877
2.384646734419233,4.015756811440569
2.0717437310105087,3.084841149662645
2.094573922589578,3.725651424867354
1.7928418933697738,3.4929131943045792
2.4753688260743587,4.366021560732696
2.7143145192898244,2.9689308039572118
2.615365283870538,3.201773829600788
2.06758477633668,3.8996904375037196
1.9472473875461362,4.714458218059726
2.309182337349989,3.667124536629374
2.180633688772397,2.735584761925787
2.009229691756662,4.249214634891515
2.666074502610709,3.2587753672182087
1.90706924563123,4.016164347865908
2.221536442595556,2.9690961473069213
1.9914052221074643,4.2499528580162735
2.0426889113531868,1.8625313546956026
2.494288155574492,3.3178425323172105
2.383316262241136,3.2587753672182087
2.685430263291491,3.084841149662645
2.686001708277592,2.444708549313787
1.6188783068994173,5.94149916160803
2.3505585849670587,4.016164347865908
1.9248789658731094,5.356032332964501
2.1632823347271786,3.7249108729630214
2.4577829942717733,3.7834587202171615
2.28153627518653,3.201773829600788
2.43821922912881,3.72482703689838
2.2754504428130415,4.016136402511028
2.6385574032138024,3.7834587202171615
2.437224211419722,2.6195137304297917
2.6854820753120707,4.366021560732696
2.5690464720421136,5.941177790026905
1.9861691825094685,5.47593187807912
2.6286015532739513,4.3077415231294935
1.659060230713636,3.551172272891621
2.437332751929987,3.491881544953576
2.4251936115170967,3.2598955101930005
2.3374947701722903,3.0262094663438632
2.2584228193489633,3.434339730475133
2.519034635535146,3.3764718868564176
2.302208515017953,3.201340676600141
1.794101265840798,3.0262094663438632
2.346541451517444,2.6769530786070064
2.365978144843511,3.0851625212437703
2.4979811802530354,5.185027720112239
2.3732265330656266,2.503340232632568
2.160947390091713,3.143388996916784
2.684257874504652,2.6188313980147937
1.939099663667536,3.72482703689838
2.562355535778644,6.232808527220677
1.9776886514913783,4.07846385901275
2.0689825663225374,2.6769530786070064
2.3349835890288673,3.492286752599342
2.46281783682635,6.115622010309036
2.071318267337866,5.243913240404517
2.6544894104470824,5.417621566341464
2.318547076427315,3.0272154991195603
2.39344078489032,3.2587753672182087
2.2374397073940626,2.677463081333575
2.223260232302141,3.2598955101930005
2.4849986762934826,6.1742536936278185
2.3998000485840936,4.307068505832789
2.5872022360710756,3.957637459627929
2.6563867893321063,4.01626914294671
2.1302096252403797,5.47593187807912
2.1811306303420444,2.6773000667634386
2.300422702162645,5.767564944052467
2.638458695641749,2.9689308039572118
2.5199623354364737,2.9678455926760203
2.6603086189190486,3.200656015405569
2.335570161612218,2.3864075526944246
2.282000692422091,4.249109839810713
1.6649259565471437,2.7942956237500627
2.4077212366938823,2.503340232632568
2.3306529361262562,4.191323503477066
2.6539433041863747,4.4815127261149215
2.3180614805556043,2.4450392360132054
2.572351473851206,2.6188313980147937
2.635494064770771,4.834765299599685
2.5586991955234306,3.784963111821559
1.8944649316029163,3.2016899935361463
1.814949742180178,4.07846385901275
2.615007516195586,2.9694547793612203
1.812205596039112,2.7935294552704235
2.491292891319084,3.433601507350374
2.2563847538095194,2.6188313980147937
2.2125162345455887,2.444354574818634
2.327608507179787,4.074793702405116
2.5337795045742695,4.482632869089713
2.6375491488571203,3.492233190669155
2.2280507641611376,4.772824420507143
2.5572987582080544,3.492233190669155
1.937342593247002,2.4443871777326613
2.2672066586919066,3.783190910566223
2.6590617267157555,3.784963111821559
2.2542275584417357,4.248788468229588
1.6980058516426362,4.540579891213923
1.9280848819202172,3.9574767738373664
2.1514185165842297,4.248702303385373
2.319773924564252,3.841717798804203
1.8139921652742823,2.7366699732069786
2.051027242957131,5.883056109434692
2.185222645398044,2.9101430924070146
2.5679788418662275,5.883377481015818
2.354152145693686,2.444708549313787
2.5226663934448283,3.201336019040994
2.35707593205209,4.0751756222551485
2.2706799550204004,3.7249108729630214
2.5745948965233123,3.433601507350374
2.261223315789784,3.0265308379249887
2.1972437905523883,3.2587753672182087
2.3492920268873414,3.492233190669155
1.6789473482478077,3.5509184359181236
2.69683911894716,5.477019418139885
2.3466367553801164,3.2594763298697935
2.541169714020599,3.6094197075807952
2.3932153836913015,4.370094596206523
2.707110757479595,3.0262094663438632
2.5956067509129874,2.6769530786070064
2.4727986473016625,3.842910133945769
2.4252458017276073,3.259541535697848
2.646284958078797,5.708933260733685
2.1723331761615765,5.709263947433104
1.9083532004477843,4.133294974067788
2.351598985467896,4.307420151548368
2.338323762501565,3.2600003052738025
2.2954094164341488,2.678040618667771
2.3391928429635507,5.005769912451947
2.1624495604985916,2.91046446398814
2.645597786973737,1.9211628051364262
2.2394842021623376,3.2598955101930005
2.6131248867178813,3.492966756234767
1.80888546663277,5.941582997672672
2.699960698639602,4.369009384925332
2.3852786897943323,5.184706348531114
2.0327988664613708,4.71895043385676
2.407938695904344,3.724531281892562
1.5417351247254063,4.308156045893553
2.289895785426624,3.4924870276426523
2.051542715833409,3.492966756234767
2.3598064633556315,2.735663940431282
2.5450162838112247,2.6777192470866455
2.577129525442472,2.968583815800779
2.6208013859421593,4.482632869089713
1.807239205862089,4.015842976284783
1.8322341566075668,4.4815127261149215
1.7015290690420535,6.000130844926811
2.176938773144198,3.9587576026027205
2.6476649731378856,4.015842976284783
1.4390834098792955,4.540579891213923
2.5416575790318965,3.550087061610429
2.0933531254915403,4.191323503477066
2.4837147214769284,4.892884651412324
2.424783275441703,3.550087061610429
2.4701864894465992,4.015842976284783
1.4954424080022373,2.9697761509423457
2.3295826586208515,3.5509184359181236
2.7166887956781394,3.0268964563180085
2.68557964831433,4.482632869089713
2.4433505101158532,5.941177790026905
1.9203293410003113,3.0272154991195603
2.3070160654238556,5.356032332964501
2.3040003789121606,2.6769530786070064
2.444248711202544,4.4815127261149215
2.5321366475129694,5.064455157700915
2.715565949772292,3.201340676600141
1.4008627790484791,3.491881544953576
1.7606269186470236,5.126074665212333
2.479023275379916,4.773145792088268
2.162813001022512,3.725651424867354
1.6979703017891,4.016136402511028
2.6438021411802164,2.7360179149264345
2.231112589844444,3.260321676854927
2.3806704454821923,3.375815171016727
2.4234244390187634,4.307473713478556
1.7605282110749705,3.0265308379249887
1.5424211612606729,4.016136402511028
2.1190163378455162,3.8996904375037196
2.605558818953526,3.5509184359181236
2.5317123184101202,4.249268196821702
2.515826828538382,2.968774775725796
2.1285130652088444,3.259807016569212
2.3492685791116044,4.0748239765395695
2.3165683867070754,5.649866095634684
1.9199693041857722,3.0272154991195603
2.716480034836096,4.074474659603564
2.675121183955863,3.608718744929211
1.5174333961238884,4.719271805437885
2.105614799442152,2.5041040723326335
2.5705675519455546,2.9690961473069213
1.8272689010003378,3.725567588802712
2.604992668626462,4.307420151548368
2.4767458156139983,2.15307641485227
2.14856620812283,3.724531281892562
2.1972048369894708,3.084841149662645
2.6410258488949956,3.0272154991195603
2.507798612678053,3.2020206802355653
1.5177741452519342,6.232808527220677
2.689427730864681,2.15307641485227
1.9602858636155118,3.201773829600788
2.5024241555652242,4.892884651412324
1.6820352690363696,4.8902764182901475
1.5853903448681184,6.407255076282383
2.64360472603611,2.3864075526944246
2.4609098686232524,5.242828029123326
2.311103920390612,4.5403353693587185
2.3061246717559265,6.000130844926811
2.4777650374786857,4.5405240005041625
2.3386940104442475,2.444354574818634
2.00040652066087,3.2594763298697935
2.270839551171383,5.358640566086677
2.0348316373417776,4.307420151548368
2.4606477830009044,3.201773829600788
2.021394927274808,5.649866095634684
2.301313717640643,2.15307641485227
2.203328866546014,2.9694547793612203
2.149481805946358,2.9678455926760203
2.6536940770216884,3.0264772759948015
1.991717228800736,4.540144409433703
2.202502521546258,4.481892317185381
2.071690028040273,4.6603187505379795
2.6913065784430734,4.4815127261149215
2.203814462417724,3.7260775915292803
2.587311911151135,3.3174070505369895
1.692534199717479,3.9583221208225003
2.1255007824065304,3.492286752599342
1.762449794115593,2.503340232632568
2.5607913422230415,2.677463081333575
2.635187730926468,4.951516334731106
2.6204126066928457,4.137095542331531
2.218651987990001,2.6777192470866455
2.1914007561147546,5.418387734821104
1.987326443699058,1.8625313546956026
2.6460792227562027,3.4928083992237777
2.2835039973987636,5.010581171050533
2.5028473500982797,2.9100592563423735
2.089384022163193,3.492647713433215
2.141793961024143,2.6777192470866455
2.1380442078559145,2.6769530786070064
1.7708698147446849,3.783190910566223
2.06575849715873,2.444354574818634
2.5083382897099304,3.493001687928367
2.6579899364506256,3.201336019040994
1.49551955874821,3.4924870276426523
2.0979988106068728,3.667124536629374
2.122622378839875,3.1427089932813597
2.3363794880650683,4.951516334731106
2.6409154174350737,3.7834587202171615
2.6606213819921827,2.677463081333575
1.9931112368872808,4.54041920542336
2.52229728007194,6.465886759601164
2.1375272222199118,4.248702303385373
1.7861426369278168,4.016108457156148
2.2929579892998615,3.724531281892562
2.585912608405553,3.1427089932813597
2.6231457853259057,3.0851625212437703
2.481532943763614,2.6195137304297917
1.8760947338829417,2.734900100731216
2.3988859635202906,3.492647713433215
2.3262595036950597,5.29740064964572
1.7054013557480034,5.184196345804545
2.623736139808569,4.6603187505379795
2.392534263625141,4.016108457156148
2.230044959668558,3.1427089932813597
2.469329132872482,4.599050888742141
2.5447515508593583,4.249633815214722
2.1903176201516876,5.359322898501675
2.389768938847926,3.492286752599342
2.5567416844393405,5.417707731185679
2.4755216148065795,4.720037973917525
1.7967712867553411,5.185386352166538
1.9174017727425947,6.407255076282383
2.1618123104644553,2.6773000667634386
2.7102353626914875,4.016164347865908
2.4279426741272685,2.445474717793426
1.8514677619405586,2.5030188610514426
1.8131945627093005,2.9100592563423735
1.3634911846132933,5.650953635695448
2.541052853331846,2.444708549313787
2.355138843224287,4.4815127261149215
2.359485001914079,3.317786641607449
2.5441237555735023,5.708902986599232
2.2095001698439622,2.9100592563423735
2.2292352550257766,5.708933260733685
2.718695849643222,4.248788468229588
1.6677332604067263,3.7838639278629276
2.670839317554382,5.649866095634684
2.4177474299609436,4.016164347865908
2.2488867602327867,2.2117078652930933
2.6687456580950464,4.016457774092153
2.1212510621492044,2.677463081333575
2.620953418294517,4.01626914294671
2.443468127184468,1.9211628051364262
2.382729311467854,3.667124536629374
2.4511847145414567,5.125990829147692
2.0508056236574252,5.941687792753473
2.352845877671189,3.7834587202171615
2.394418405862571,2.968688610881581
2.2891802500767207,4.540579891213923
1.8617961289626797,6.174689175408038
2.597886101628561,4.137095542331531
1.8987728931096528,4.1910021318959405
2.4031474076654846,6.465565388020039
1.969244048516756,2.15307641485227
2.5713931405654478,3.0268964563180085
2.578891890522043,4.540144409433703
2.525690778324942,3.9003494821229836
2.0554683273196637,2.7366699732069786
2.3803690281069954,2.6781454137485725
2.0876114459554787,4.249633815214722
2.400728883055215,5.1845177173856705
2.6723883835127342,5.12675699762733
1.770278325692228,3.4344445255559344
2.344412998584435,3.2020206802355653
2.415186705936528,2.9111444676235645
2.610494197556187,3.492286752599342
2.2097664155555545,3.6094197075807952
2.6069244627952277,3.841717798804203
2.6104938193662557,4.369009384925332
2.2073524292244593,4.249789843446138
1.5904951525599744,3.667124536629374
2.0833961409818955,3.491881544953576
1.3781282695220134,3.201340676600141
1.8938341107976107,3.434339730475133
1.5923796729873354,2.9101430924070146
2.2977299898522277,4.307769468484374
1.5736010301416234,5.127076040428882
2.5892709349949503,4.075089457410934
2.5224349412069107,5.650378427140826
2.515298497204442,5.126396036793458
1.7905806957708994,3.550597064336998
2.2755820529091126,3.4928083992237777
1.9827908118537159,3.783542556281802
2.590675154209638,3.260321676854927
2.5555878269591323,3.608718744929211
2.416171134327542,3.784963111821559
2.348431644793774,3.7833539251363595
2.4972989256170806,3.0272411156948675
1.8160896066329304,2.9678455926760203
2.323482076840045,3.724531281892562
2.6488627006501173,4.4815127261149215
2.2142540172796292,3.492286752599342
1.9093300650401732,4.248946825240576
2.465270776720362,3.841822593885004
2.428212323548242,2.6188313980147937
1.8268926020187557,4.015842976284783
2.3311529032153535,4.598645681096375
1.7240495230674382,4.307473713478556
2.537316336811211,5.418387734821104
1.9296044490639332,4.07846385901275
2.3359929779553426,3.3181080131885743
2.7125597180088783,4.482632869089713
2.2705808692584157,4.0748239765395695
2.326265932923891,4.016164347865908
2.582980501868662,5.126074665212333
1.8453872242261078,4.892884651412324
2.1700693312331834,4.832157066477508
2.5091650128996172,5.417621566341464
1.548617425094083,5.242828029123326
1.9084719520861932,3.1427089932813597
1.9800950740238485,3.375815171016727
2.5919473851383246,2.7363509304054263
1.5981459348689275,3.3181080131885743
1.9804343103921693,4.427638739464539
2.126950384412967,3.7831629652113428
2.1141335276432973,3.5509184359181236
1.6829066186379429,3.0262094663438632
1.7291259665144514,4.831644734971367
1.5421537809792873,3.3185271935117813
2.376332606970888,3.2604055129195686
2.5968695270933924,3.2016899935361463
2.1478313850864335,2.7359853120124074
2.27688226989271,3.550087061610429
2.644828926843529,5.650273632060023
2.6383770066166012,4.249468471865012
2.2678215955201004,3.957637459627929
1.7254223525178338,3.7835122821473486
2.5384751107605257,4.016543938936368
1.8723907416963927,2.444708549313787
2.217256467143731,3.7831629652113428
2.5318197243505915,4.1905829515727335
2.362430723288495,3.783032553555234
2.7048858661141195,4.307333986704154
2.642486418409438,2.9100592563423735
2.0649419850971857,3.2011776620300045
1.8513478757323563,2.3864075526944246
2.518347464430086,2.15307641485227
2.3977532846762313,4.016457774092153
2.317900371644897,3.8419856084551403
2.5776998358587795,3.550087061610429
2.1541229527825156,5.476253249660245
2.3742189034451964,3.724531281892562
2.4411842381897193,5.006091284033072
2.0960885732641876,2.503340232632568
2.4435622964773462,3.550087061610429
2.539692504149182,2.6773000667634386
2.133789949319414,5.184622512466472
2.4267733108598795,3.3178425323172105
2.552507848159127,2.9678455926760203
2.571448356295409,3.72482703689838
2.334451475795615,4.6603187505379795
1.9046053382292119,3.7831629652113428
1.8549781208823137,3.7257562199481558
2.398227534850004,6.232808527220677
2.176445991663794,5.94149916160803
1.899336017917267,4.7730899013785075
2.029490460942897,4.598967052677501
1.526027005931419,5.359322898501675
2.561642269568328,3.492233190669155
2.1088127735007043,2.9678455926760203
2.5808823041301507,4.366105396797337
2.1456983938742487,3.259154958288668
1.6457755529990243,3.433601507350374
2.216983414013377,2.6195137304297917
2.150501784190908,4.015756811440569
2.3700633524807486,4.307769468484374
1.8023495882411076,3.667124536629374
2.203449509134079,2.154163023401205
2.4479931697117356,4.2499528580162735
1.8638080993968682,2.212794473842029
2.2749115221610268,2.6188313980147937
1.7906389370203104,6.000214680991452
2.407654675265984,5.475827082998318
2.2092006434184217,3.6094197075807952
2.6855894812525425,3.5504084331915546
2.4347777007545406,3.491881544953576
2.476748462943517,3.7252462172215868
2.2374726099180804,6.233320858726819
2.712872102892081,4.7730899013785075
2.5321979142818303,5.126074665212333
2.1748016218427697,4.773525383158728
1.8684386569149511,3.3174070505369895
2.268203567350651,2.968229841305627
2.0955269612162986,3.492647713433215
2.149954921550337,4.4815127261149215
2.567599895555127,4.307420151548368
1.6927645173856032,2.9682647729992273
2.4884504157958958,4.657330926345343
1.8937043916511958,5.476253249660245
2.2620424751808463,2.444354574818634
2.1599334628860625,2.6188313980147937
2.4203554277267636,4.01687695441536
2.2754319115064106,3.492233190669155
2.6082250579687565,3.493001687928367
2.105306196458262,4.075855625890573
2.2986973996963354,5.1845177173856705
2.139256684775465,3.608718744929211
2.358682482879991,5.649866095634684
2.090668355169679,3.958159106252364
2.424334742183254,3.202456162015786
2.3272692708114664,3.491881544953576
2.5842065936257366,3.7257562199481558
2.604869000518947,4.3077415231294935
2.5416666555902463,2.9682647729992273
2.1380279456888713,5.942009164334598
2.408282848741771,2.9682647729992273
2.709877973206467,3.0265308379249887
1.6850082200858345,3.7838639278629276
1.8146642087820928,3.6674459082104995
2.1321020876562966,2.4443871777326613
2.53330033793139,2.2117078652930933
1.9124966493344324,5.1852815570857365
2.4924153590349993,4.248946825240576
2.282960916657505,3.3178425323172105
1.9417390511976487,5.417272249405459
2.376482370183658,5.1845177173856705
2.2134987719869463,4.307473713478556
2.1182542851340713,3.7845439314983524
2.672710223144218,4.893972191473089
2.684588034314623,6.465565388020039
2.3654864979329013,5.126074665212333
2.677697035577528,2.9111444676235645
1.7210198435282873,3.259154958288668
2.2237174639290083,5.476337085724887
2.366956144005694,4.248946825240576
2.577137845620959,3.725567588802712
2.5661136091253596,3.0265308379249887
2.3146203303712665,4.36570018915157
2.3595394612641774,4.714458218059726
2.517865272267757,4.772824420507143
2.1548082329379197,4.482213688766506
2.506959409220635,4.893650819891963
2.463158585954396,4.598967052677501
2.3859185871579878,3.551277067972423
2.597438702939906,2.6777192470866455
2.361245476043994,4.307068505832789
1.670127580861397,4.075855625890573
1.7331775152478084,5.006091284033072
2.472795621782213,4.482632869089713
1.8029868382752443,2.9690961473069213
2.640063733709925,6.465565388020039
2.145732052778129,3.492286752599342
1.9527965684071975,4.834765299599685
2.653653610699046,3.72482703689838
2.484178760522558,2.502986258137415
1.900294351203025,2.6188313980147937
2.419639135996998,4.427638739464539
2.694641835446665,4.016164347865908
2.7063869019512055,3.842227801530771
2.0435137435932176,2.968583815800779
2.1459328716316164,3.433601507350374
2.3629121590709614,4.075855625890573
2.276933703723359,2.15307641485227
1.7398956811863278,3.201336019040994
2.3757740204424485,4.016790789571146
2.086484439960388,5.184706348531114
1.9310941392030812,3.8419856084551403
2.178193985525978,4.660640122119104
2.188714094843237,5.125990829147692
2.2855344991395823,4.719271805437885
2.6615747988088345,4.893394654138893
1.623995216669073,5.942009164334598
2.538993609156253,5.243147071924878
2.5285790148298095,5.47593187807912
2.470815419302249,4.016457774092153
2.0262319764953474,3.2011776620300045
1.7081398290401009,4.951951816511325
2.526897204205593,3.4344445255559344
2.389535973850283,4.3077415231294935
2.412375620177633,3.491720859163013
2.087814912138485,6.115622010309036
2.4844832034172044,2.2117078652930933
1.7440417774024943,4.54041920542336
2.3640289539379085,2.6188313980147937
2.105148491256935,3.259967702359775
2.5374521069965255,3.957637459627929
1.8664463523571873,3.2598955101930005
2.3949539228052044,5.883377481015818
2.708292222824784,2.7935294552704235
1.846398125912308,3.550352542481794
2.528217465255546,3.492286752599342
2.1852317219563937,3.7841969433419202
1.8213971241279303,3.259967702359775
2.342498979342437,4.01626914294671
1.9818355040874076,5.358640566086677
1.908737819607854,4.951516334731106
2.4392906412040083,3.492652370992362
2.1225637594005327,3.200656015405569
1.9660880535405714,3.783598446991564
1.9446639721258465,3.725651424867354
2.157542167950842,2.444354574818634
2.7019522468175037,4.714458218059726
2.506964325689741,2.677463081333575
2.548107986499099,2.4443871777326613
1.9146421208143478,4.4815127261149215
2.6155521096965697,2.9678455926760203
2.4334786183407364,4.602339125499743
2.5693584787353854,4.719271805437885
1.7988248580819657,4.831456103825923
2.106886652180907,4.2499528580162735
2.1423862064564627,3.433934522829366
2.4022802181531553,4.248788468229588
2.5293841811934166,4.016164347865908
1.9647617414517184,3.259154958288668
2.4103666752628947,5.417621566341464
2.2521936529915356,3.0272154991195603
2.532854830192391,2.968583815800779
2.067756096375531,3.783542556281802
1.8776517418298502,4.4815127261149215
1.8612129600887102,3.550087061610429
2.5942324087028665,3.7249108729630214
1.944789531183018,2.444354574818634
2.628537639175572,4.307899880140483
2.2509195311131935,3.2587753672182087
2.5216464152002787,3.2011776620300045
2.2313606824393366,5.5917467438220445
2.6485745199225144,3.9583221208225003
1.6872471044787662,3.957637459627929
2.580353216416348,3.375815171016727
2.4508242995369867,3.783842968846767
1.7125480108786157,4.834765299599685
2.641031143554033,4.074793702405116
2.4317605014831205,5.417621566341464
2.2263545823195336,3.551631042467575
2.2438988132296833,2.6188313980147937
2.293218183972553,5.356032332964501
2.594403728741718,4.249633815214722
2.4676023176464468,3.5505132282723566
1.86170158147987,6.465565388020039
2.6929331733373294,4.834765299599685
2.555529963899653,3.725567588802712
2.521282974676358,5.184196345804545
2.1091115435463825,4.369773224625398
2.3312580400162375,6.465886759601164
2.6569529396591696,3.8421439654661294
2.0696368349035796,3.2602424983494322
2.291740595911205,3.492652370992362
2.3827312024175105,3.0268964563180085
1.7725156973254343,2.9678455926760203
2.57825274953825,2.6195137304297917
2.0115578289733658,5.12675699762733
2.504160047349608,3.0272970064046283
2.356970795251206,2.1538421175759943
2.247310086409454,5.064401595770728
1.7103166902843092,3.200656015405569
2.415668141718995,4.7730899013785075
2.2966131949852806,4.369009384925332
1.6143162017588883,2.4443871777326613
1.5512632418530266,3.0265308379249887
1.8250591372321117,2.678040618667771
2.249814838324046,2.1538421175759943
1.6888339894302424,4.074663290749007
2.4613096153805714,2.677463081333575
2.578659681904263,3.550087061610429
2.5208870098183516,2.445474717793426
2.042829598007607,3.491965381018217
2.184673891807817,4.4815127261149215
2.5374884132299242,4.602339125499743
2.3929268247737667,4.660640122119104
2.5891393248988788,3.492647713433215
2.0052711777463896,3.0272154991195603
2.698779611484344,6.115622010309036
2.6731046752424996,5.29740064964572
2.0845575622607284,4.366105396797337
2.573020491839567,3.201368621955021
2.167016203918296,3.8996904375037196
2.6277309600522405,4.01626914294671
2.6200937925808114,3.7249108729630214
2.006772591773406,5.417272249405459
2.635939950699701,4.6603187505379795
2.2717922116081724,4.541264552408495
2.387543291102588,4.772824420507143
2.4065405277285556,4.481892317185381
2.5466655701013554,2.7360179149264345
1.9124716887989706,3.084841149662645
1.7380992790129453,3.725232244544147
2.2334857316629653,5.649866095634684
2.5336724768237286,2.734900100731216
2.3777901509658803,3.375815171016727
2.1774239908259765,5.184706348531114
1.5104028453021663,4.016164347865908
1.4321617777577702,4.369009384925332
2.56993105829128,5.649866095634684
1.74275782258594,3.492966756234767
2.5216452806304845,4.714458218059726
1.7119429069886343,4.831777475407049
2.4098999888877466,4.366105396797337
2.432647735061806,3.8996904375037196
2.287560840791158,4.599211574532704
2.3660515136901714,4.540845372085288
1.6126048923200345,3.4342815109857985
2.715145024378824,2.91046446398814
2.7010018555203015,4.773145792088268
2.621714336436168,3.5507880242620145
2.5490417374393264,3.5504084331915546
1.7537453746582095,5.5917467438220445
2.2865888926678752,4.4815127261149215
2.2994239025542442,2.73593175008222
2.470423992723417,4.366401151803155
2.689626280578581,4.834765299599685
2.7190146637552557,3.259154958288668
2.162741901315439,4.834765299599685
2.02311190956263,4.075508637734141
2.4751317009874723,5.417272249405459
1.7513037804621343,2.9686117611556595
2.1157294891531233,3.433601507350374
2.704796991480279,5.358640566086677
2.3780995103296334,3.201336019040994
2.5116175746036986,4.482632869089713
2.498879381339726,5.064455157700915
1.852656412894441,3.3181080131885743
2.399135568874908,4.541264552408495
1.9146031672514303,2.6781454137485725
1.6864653858908962,4.249109839810713
2.5080164500784465,5.243147071924878
2.3543257348721247,4.249109839810713
2.303648662276109,5.5917467438220445
1.6863160008680569,5.185027720112239
1.8630328100378295,3.0262094663438632
1.99252466430393,4.893972191473089
2.4836856008522235,2.7360179149264345
1.7128759015489996,3.7842784506269878
2.4384499249868656,3.5507880242620145
2.432472633123642,4.831456103825923
1.9023906579918797,5.1852815570857365
2.567798445269027,5.184196345804545
2.3932225692999953,2.677463081333575
2.5462593941152054,6.406933704701258
2.4389185023116697,2.6188313980147937
2.575619413047037,3.8427494481552062
1.9515020242725682,5.942009164334598
1.8350410822772185,2.9682647729992273
2.0285990672749685,3.0262094663438632
1.7841484414203965,2.9678455926760203
1.946008437331399,2.9111444676235645
1.8645175837078714,2.6769530786070064
1.8760485947113306,3.7257562199481558
2.274861979280035,4.427638739464539
1.8146974894960417,1.9211628051364262
2.630800349534171,4.719271805437885
2.4500493883678787,3.667124536629374
1.9443928099451488,3.2016899935361463
2.507754742646029,1.9211628051364262
2.509197915423635,4.249789843446138
2.305080489355777,3.608718744929211
1.981168377048703,5.185027720112239
2.354637741565396,3.493001687928367
2.446063266492626,3.201336019040994
2.1395410836037563,4.893650819891963
1.4793579902266676,4.5403353693587185
2.267277002019117,5.941177790026905
2.4929678945245386,3.3185271935117813
2.31445657413104,4.482213688766506
2.43809102274212,4.4287262795253035
2.344705717591213,3.2594763298697935
2.583287592092827,3.724531281892562
2.5666778685027674,3.2602424983494322
2.5631928482864055,4.893394654138893
1.8937104426900955,4.249268196821702
2.4404596262814664,4.07846385901275
2.2593414426919414,2.7359853120124074
2.594402594171924,2.4443871777326613
2.2111388668160186,5.184622512466472
2.1974026303235084,2.7935294552704235
1.7954948957374115,6.465886759601164
2.3183617633610076,3.4929131943045792
2.277595536103026,4.893972191473089
2.714283507715463,3.143388996916784
2.2219301383139753,4.249789843446138
2.482030641713124,1.8625313546956026
2.5008361360439535,2.7363509304054263
2.649049148286218,2.968583815800779
2.4299092617697085,2.5030188610514426
2.3324795934941376,3.259154958288668
2.2202668589963888,3.2587753672182087
2.5546775237946417,3.6090377877307627
2.544689905900566,3.7831629652113428
1.9236165678826356,2.735663940431282
2.507589473646078,4.1910021318959405
2.1054983169433306,5.708497778953465
2.2230533624097535,3.0272154991195603
2.1481104892556875,3.201340676600141
1.8893623930506476,4.016164347865908
1.7491866732270618,4.0748239765395695
2.3479698748877316,4.249214634891515
1.8298466435716587,5.184622512466472
2.6745467134503116,4.015756811440569
2.3978792219233336,2.6773000667634386
2.578331791233879,2.6188313980147937
1.8722421130534157,2.968229841305627
2.601253882966239,2.154163023401205
2.70819011154335,2.444354574818634
2.460395908506699,2.5030188610514426
2.617455539620493,4.773525383158728
2.5572662338739685,5.941177790026905
2.1083967645763417,3.550597064336998
2.349351402706546,4.6603187505379795
2.3612303484467443,2.15307641485227
1.9246826852987964,4.893394654138893
2.088438169145166,3.200656015405569
2.1563762083928344,2.9101430924070146
2.1941959578965378,5.650378427140826
1.803679304039342,3.724531281892562
2.3024970739354877,4.602339125499743
1.3714978436475416,4.602339125499743
2.5730208700294983,4.36570018915157
2.23712429699141,3.0262094663438632
2.5617220676438195,5.184622512466472
1.7294364604479981,4.249214634891515
2.2927310753411185,2.968583815800779
2.5188731484345075,3.1427089932813597
2.285091638730102,4.248788468229588
2.6105830721900287,4.075089457410934
2.5857450702660145,4.016457774092153
2.0989446636249003,4.482632869089713
1.6915354001090783,3.841664236874015
2.0528206196110634,4.893650819891963
2.679521801995753,3.0268964563180085
1.686739573591044,5.649866095634684
2.6557366808403073,5.064455157700915
1.8251268332298034,4.248702303385373
2.517939019304348,4.3073898774139145
2.083742941148841,3.201336019040994
2.441272734633629,2.677463081333575
2.375525549657625,4.602339125499743
2.5898049391778586,6.465565388020039
2.696734738526138,2.794616995331188
2.0858592920040513,4.015756811440569
2.266320559683015,3.433601507350374
2.7165310904768125,4.133455659858351
2.6640659358859016,5.417272249405459
2.187168810784197,2.6773000667634386
2.407782881652674,5.5917467438220445
2.5949014266912274,3.6674459082104995
2.5107579488899936,5.358640566086677
2.3522903166621996,2.968229841305627
2.4820147577360117,4.015756811440569
2.592633421673591,3.6094197075807952
2.0680215857072604,2.9678455926760203
2.4048190071615587,3.0264772759948015
2.550188787500773,3.724531281892562
2.6110739627207757,3.5507880242620145
1.945115152713814,6.757196125213811
2.2183993571159335,5.4173001947603385
1.7617274513469274,5.1845177173856705
2.0655709149528354,5.185027720112239
1.987554870417526,3.4344445255559344
2.346845894412091,3.433934522829366
2.0521413904945596,2.4450392360132054
1.4995499288454175,2.6769530786070064
2.1738879149688977,3.4344445255559344
2.3821295022369102,2.9689308039572118
2.421235097506824,5.650378427140826
1.7899078958832264,4.540144409433703
1.99799707260895,3.6094197075807952
1.620066201473437,3.200656015405569
1.6194955128671984,3.201340676600141
2.4582039196652414,3.259541535697848
2.2728821549900013,3.783542556281802
2.2360774672617416,3.7841969433419202
2.1035661445846334,2.9689308039572118
1.7133792723474777,3.492652370992362
2.668044872152461,3.2610878453345666
2.075641734631783,5.941687792753473
2.289513057216211,2.968774775725796
2.1981771633026845,4.249268196821702
1.4199935167201743,6.232808527220677
2.6441288972808064,5.184622512466472
2.2730515840791963,5.243147071924878
1.908141414086291,3.491881544953576
2.1460312010137383,5.417621566341464
2.0718450859120807,3.492966756234767
1.7818948076201468,4.4815127261149215
2.6133593644752495,4.4815127261149215
2.3482236403315926,2.154163023401205
1.3904115002987056,5.5917467438220445
2.5251824910573575,4.4815127261149215
2.6385577814037338,3.084841149662645
1.5460007289598443,4.074663290749007
2.1442858544810735,4.366105396797337
2.276209848194968,3.259154958288668
2.3238527029726583,4.95260387479187
1.8369142570066423,4.482632869089713
1.7863479940604792,5.70958531901423
2.3306215463619635,5.185707723747663
1.9874735595823096,5.184196345804545
2.119590051971205,2.968688610881581
1.6050085693611797,4.481892317185381
1.8918357552009466,4.075089457410934
1.9892260917236686,3.491881544953576
2.68352758974743,3.783190910566223
2.66731156187579,4.893972191473089
2.6593544457225335,3.375815171016727
2.0338354850628955,3.0851625212437703
2.393724049148817,5.125990829147692
1.9803359810100472,4.248702303385373
2.3112389341960635,3.084841149662645
2.523300239769584,6.115622010309036
2.3162628092426347,4.893394654138893
2.0360565945290587,2.502986258137415
2.1505989790032363,5.185707723747663
1.4500588598737656,4.772824420507143
1.6551569324333244,5.650273632060023
2.1073302689702493,4.7730899013785075
2.562703848705314,2.6773000667634386
1.7484110056780917,4.1905829515727335
1.8616448529901843,4.773145792088268
2.2047614500055452,3.4928083992237777
1.8029444810029456,2.3864075526944246
2.282991171852004,3.259541535697848
2.527606310326665,6.698564441895031
2.386265009135002,4.016108457156148
2.3191499111777087,4.01626914294671
2.4582988453379824,4.01626914294671
2.3461243080232883,4.015842976284783
1.9778486258322923,3.491965381018217
2.3908505620512677,2.502986258137415
2.4324075844554693,2.91046446398814
2.3218668276437255,4.3073898774139145
2.435354062209748,4.773525383158728
2.5664354487568435,3.5504084331915546
2.080219723749424,3.492233190669155
1.9143925154597305,3.434339730475133
2.420817197632806,4.016844351501333
2.3226300149249646,3.201773829600788
2.591667902779139,3.317786641607449
1.8296719198234268,4.834765299599685
2.7156907524496012,3.375815171016727
2.70789398882719,4.249268196821702
2.242112243994513,4.249214634891515
2.1354615488154876,2.7935294552704235
2.179421968232709,3.0262094663438632
2.67906570493868,3.0262094663438632
2.4110111109057253,3.2587753672182087
2.6280683054709053,5.5917467438220445
2.365355644216693,3.7831629652113428
2.1270449318957767,5.650273632060023
2.16751844014698,4.540579891213923
2.6094999362269613,4.307068505832789
2.2882676777726427,3.2587753672182087
2.5778072417992512,3.259285369944777
2.067392655851611,4.016543938936368
2.676390011175168,4.831456103825923
2.050618041451531,3.6674459082104995
1.701089234152023,4.137095542331531
1.4661742892236966,5.475827082998318
2.6817985053818085,4.1905829515727335
2.3931197016386982,3.72482703689838
2.47194885452617,3.2587753672182087
2.479851133139397,4.1905829515727335
1.6341318413960562,3.8996904375037196
2.5997343158225235,4.07846385901275
2.3874975301209083,5.126396036793458
2.42009788038359,5.417621566341464
1.9822594550003259,6.406933704701258
2.518067603880969,2.91046446398814
2.213322157289058,3.491965381018217
2.481955381916807,4.01626914294671
2.000995362383808,5.5917467438220445
2.1888975169598877,3.2594763298697935
2.398203708884336,3.72482703689838
2.490547857154544,2.9101430924070146
1.9493368869162286,4.4815127261149215
2.530558839119843,4.307578508559358
2.695625507457816,3.5505132282723566
2.336696033037515,4.016108457156148
1.9944205304292284,5.417707731185679
2.1026153750975003,3.492966756234767
1.4038077440430328,2.154163023401205
2.6738833683109196,5.942009164334598
2.6611292910698356,3.7835122821473486
1.370578463924701,5.185027720112239
1.7229996678183204,3.201368621955021
2.6044397549469918,3.7252462172215868
2.1566772475781,5.941582997672672
2.455474522931494,3.492233190669155
2.629741417726704,3.9574767738373664
2.3436169087791776,5.0647229673518535
2.461981658888382,3.8421439654661294
2.3368669748864344,6.115622010309036
2.0790420403035474,3.201336019040994
2.3579215647383394,5.883377481015818
2.2409655721229984,3.493001687928367
2.2803090488596616,5.126396036793458
2.515303413673548,3.2598955101930005
2.482894049326141,5.1845177173856705
2.017284380912178,2.4450392360132054
2.242426141637441,2.444708549313787
2.4542737698998116,4.366401151803155
2.4057259066166683,3.725651424867354
1.5111293481600754,4.249214634891515
2.1143158151901544,6.115622010309036
1.8253503434791654,3.1427089932813597
2.3564606170339655,3.491965381018217
1.9089987706604084,6.407255076282383
2.1585878631107165,2.6769530786070064
2.384940587995805,6.115622010309036
2.25525510048491,4.719271805437885
2.0990528259452343,3.72482703689838
2.141272815298897,3.725232244544147
2.3213233687125356,4.07846385901275
1.9149454291392012,4.249214634891515
2.1032344720149374,2.6773000667634386
2.573282577461915,3.4925662061481466
2.120955317622976,4.307333986704154
2.337379422243263,5.650378427140826
1.7481042936438576,4.95260387479187
2.61331057797412,5.12675699762733
1.8228176055096617,5.649866095634684
2.6963671379129743,2.7360179149264345
2.269731076482923,4.366021560732696
2.5790393845952257,3.201773829600788
2.471175077926856,3.550597064336998
2.522515495662265,3.72482703689838
2.6642448197233777,4.834765299599685
2.3763889572706423,5.649952260478898
2.7198723985193043,3.433601507350374
1.9076013588644825,5.942009164334598
2.009388909717713,4.951951816511325
2.241552901086212,4.540845372085288
2.7069012402576895,3.7834587202171615
2.447487151583738,5.94149916160803
2.5978225657201133,5.417272249405459
2.527231524104807,2.7359853120124074
2.3745728892208353,6.1742536936278185
2.2218359690210967,5.123086841019696
1.849509116286675,3.026861524624408
2.1221069059635966,3.492286752599342
2.4329756257321895,2.73593175008222
2.2471958730502197,4.016136402511028
2.174678710115117,2.445474717793426
2.2258791975759666,3.551277067972423
1.5404054089271721,5.649866095634684
2.464640712294919,5.125990829147692
2.446013723611634,4.773145792088268
1.950999031664021,4.369773224625398
1.5220019304932484,3.491965381018217
2.227486126593799,3.1427089932813597
2.446029985778677,4.719271805437885
2.692817825408302,3.783032553555234
2.4809331345326697,4.074793702405116
2.188552607742598,2.7360179149264345
2.1751975867007762,5.708497778953465
2.5585577524891474,4.370094596206523
2.1951716879191325,5.94149916160803
1.4380112414242345,2.6188313980147937
2.214464669071329,3.085928689723409
2.3358405674130536,4.249789843446138
2.235278351937035,2.968229841305627
2.2765207203184463,5.475827082998318
2.326300348207633,2.9682647729992273
1.951142743837892,4.249633815214722
1.5942849938609147,3.433601507350374
1.8471560185345095,3.783598446991564
2.2372857840920486,5.358640566086677
2.519068294439026,5.476253249660245
2.359053487202536,3.200656015405569
2.367595284989487,4.133455659858351
2.3526374950190765,3.260321676854927
2.3827421699255162,2.968583815800779
2.4448477640536255,3.2604055129195686
2.2028678530198347,2.735663940431282
2.19425457733588,3.725232244544147
2.2252616134182546,3.492233190669155
2.385844083741534,5.064401595770728
1.7149075378596121,4.951516334731106
2.227865451094831,3.4936537462089117
2.423685011881387,4.834765299599685
2.389341206035695,3.201340676600141
2.512420471827718,4.015756811440569
1.7759333997340359,3.200656015405569
2.621804345639803,4.773525383158728
2.3013091793614677,4.248946825240576
2.7186221026066297,5.006091284033072
2.221900261309407,2.6188313980147937
2.14027515026029,3.9003494821229836
1.8553498815847211,3.551631042467575
2.4833433389644526,4.016844351501333
2.426748728514349,5.184706348531114
1.9699270595325724,4.075089457410934
2.6275418650866214,3.72521361430756
2.5462196841724256,4.1910021318959405
1.721458543848524,2.502986258137415
2.1147129146179546,3.491720859163013
2.5415380710136253,4.834765299599685
2.6898214265831,3.259541535697848
2.719004452627112,3.0272411156948675
2.1344063989073323,4.307899880140483
2.3943159163912053,4.6603187505379795
2.59449600708494,2.734900100731216
2.4636997757459977,3.7841969433419202
2.483311571010228,3.318494590597754
1.809157007003399,4.307578508559358
2.0336010073055273,2.6769530786070064
2.478708999547057,5.185027720112239
2.6932043355180277,2.1538421175759943
2.2130116633555112,3.8996904375037196
2.205130941568365,3.7259122481795717
2.3624870735882495,5.184622512466472
2.6409808442931784,5.649866095634684
2.509870337121377,2.9101430924070146
2.6378539699416987,4.307899880140483
2.0825675268425523,5.185027720112239
2.0599464742954576,3.492233190669155
1.6015817903942287,5.475827082998318
2.667598986223531,4.598967052677501
2.451186605491113,4.482213688766506
2.0997331896315323,3.841664236874015
2.5042867409765726,4.773145792088268
2.7130143023062265,3.5515984395535476
2.5107386612035003,4.01626914294671
2.2759008670211465,4.482632869089713
2.0769158565101256,3.259541535697848
2.2171157804893102,1.9211628051364262
1.6996959824453408,4.075508637734141
1.8779743378411966,4.834765299599685
2.5536670002983723,5.0647229673518535
1.954670877706415,2.2117078652930933
1.8635811854381252,5.941582997672672
2.017237107170773,5.475827082998318
2.5541041878588837,5.184196345804545
2.4419542328897204,2.6769530786070064
1.4271575685876237,3.2587753672182087
2.531069017337084,3.491881544953576
2.4455311532593735,2.968688610881581
2.614858509362678,5.4173001947603385
2.1969495587858847,3.318874181668214
1.9294811591463494,3.4342815109857985
2.4324964590893106,3.375815171016727
2.0455763914781917,6.115622010309036
2.582688917431677,4.016164347865908
2.165315105607585,3.434700691309005
2.2568030318734693,2.735584761925787
2.060297434551647,3.0265308379249887
2.4504234182098736,5.649952260478898
1.4903746629236425,5.94149916160803
2.149620223461191,4.016457774092153
2.7043393816634804,2.794616995331188
2.6421452910914613,3.783190910566223
2.6955702917278552,4.249109839810713
1.462906728217797,3.7255932053780194
1.706501510257976,4.540579891213923
2.5437988904225683,4.308156045893553
2.0837089040550296,5.29740064964572
2.7012178019710382,3.492652370992362
2.0807185562687276,3.72521361430756
2.0033594276439795,2.445474717793426
2.453929617062385,4.074663290749007
1.9212146836293402,4.599050888742141
2.436316933774681,3.433934522829366
2.670302287852023,4.307899880140483
2.271664761601345,5.767564944052467
1.9992432084323803,3.4924870276426523
2.3413322634045666,5.476337085724887
2.4624033406617127,1.8625313546956026
1.9447936912722614,4.773145792088268
2.1626647505694665,3.7845439314983524
2.4203440820288264,3.842227801530771
1.6368226627568174,2.15307641485227
2.579783284189972,3.492652370992362
2.6622128052228335,4.540013997777593
2.5898143939261398,3.841717798804203
1.7936470597333805,3.375815171016727
2.005397114993492,2.1538421175759943
1.6302364851043005,2.4450392360132054
2.4063990846942724,3.4342815109857985
2.3529120609091554,4.07846385901275
2.1640281252715807,2.9100592563423735
1.8294801775282887,2.7935294552704235
2.366198251383492,4.366021560732696
2.4555845762014843,4.249109839810713
1.7079178315504637,3.492647713433215
2.293644404025059,4.661406290598744
2.4779129097418,4.075855625890573
2.5594003596559465,2.1538421175759943
1.7355241837711428,4.074474659603564
2.5918097240033533,2.6769530786070064
2.130135878203788,3.143388996916784
2.7001112182322347,3.491720859163013
2.466020349164077,3.492233190669155
2.2129379163189196,5.883377481015818
2.183264756124023,4.893650819891963
2.458661907671971,3.259285369944777
1.9732899244011444,3.200656015405569
1.9138240959930792,4.249214634891515
2.3141407855384557,4.249268196821702
1.944448782054972,3.841822593885004
2.6710480783964257,4.834765299599685
2.3396727659862924,4.7730899013785075
2.5779815873575522,3.725232244544147
2.427391273207523,4.427638739464539
2.201835772697485,4.015842976284783
2.2314340512859965,3.433601507350374
2.2475252764803284,4.893972191473089
1.9716735406350316,4.075089457410934
1.9582534709250363,3.4924870276426523
1.461896582911459,3.433601507350374
1.9242254536719292,4.307068505832789
2.4540918605428863,3.491881544953576
2.312081919552794,3.259285369944777
2.5853301959114456,5.005769912451947
2.479158667375299,3.5509184359181236
2.696528246823682,4.482632869089713
1.893677540166078,4.832157066477508
2.1314576520134665,3.5507880242620145
2.285070081904022,6.115622010309036
2.382300822275761,4.598645681096375
2.614747699712826,6.1742536936278185
2.614847541854673,3.7252462172215868
2.2571093657177723,4.248946825240576
2.1758439132932623,3.7841969433419202
2.200889541489526,5.006091284033072
2.7158412720422342,2.15307641485227
2.623989527062499,6.757196125213811
1.615914432408302,4.3073898774139145
2.260949128089636,3.6674459082104995
2.0978634186114897,3.0265308379249887
2.575061582898461,5.999809473345685
2.61951289284643,4.249109839810713
2.1969525843053344,3.201340676600141
1.6771032941430892,2.9101430924070146
2.515759510730622,4.248788468229588
1.8148082991458947,3.2016899935361463
2.2846189013160543,5.650273632060023
2.036314141872232,3.7249108729630214
2.5839282458363453,4.481892317185381
2.578293594050824,3.492233190669155
2.4538191856024634,3.259862907278973
2.2443197386231515,4.427638739464539
2.456601528926584,3.5507880242620145
2.2733257717793443,3.084841149662645
2.6506280912491387,3.492233190669155
2.663736154265862,5.417952253040883
1.9648774675706773,3.8996904375037196
2.621082002871138,3.7831629652113428
2.6792911061376974,4.6603187505379795
1.647083711971178,4.773145792088268
2.560694147410713,4.370094596206523
2.670201311140383,2.503340232632568
2.3460456445175906,4.248788468229588
2.4683329805936,3.7831629652113428
1.4586116251687222,5.4173001947603385
2.3922525121263685,3.725232244544147
2.043497103236243,4.191323503477066
2.176023931700532,2.6773000667634386
1.749686640316159,3.2016899935361463
1.6029118843823942,2.9100592563423735
2.1043365174745663,4.541101537838358
1.9901889632886016,3.4342815109857985
2.3260133020498235,4.54041920542336
2.6564646964579413,2.735584761925787
2.2717120353427496,3.5505132282723566
2.210722857891656,4.016844351501333
2.4962426411391316,3.433601507350374
2.5769343794379536,4.0173869571419285
2.087175392964761,3.492286752599342
2.3278804257403474,4.249268196821702
2.386739637498706,5.006091284033072
2.576430252259612,2.7363509304054263
2.135636650753651,4.248702303385373
2.2225602027394187,2.968688610881581
1.6236295070055655,4.1910021318959405
2.5742295650497358,4.248702303385373
2.1826437682569293,4.248702303385373
2.5111720668646997,2.5041040723326335
2.7134291766607954,3.7833539251363595
2.380562661351789,2.734900100731216
2.3765009014902887,4.772824420507143
2.593031277481254,4.01687695441536
2.49103836949536,3.550352542481794
2.42460514798409,3.259154958288668
2.5146355302549805,3.724531281892562
2.4379976098291043,4.307068505832789
2.3078424104236115,3.317786641607449
2.1608116199063985,3.7835122821473486
2.4247715515538344,3.375815171016727
2.2864323220363425,3.72521361430756
1.976801417912693,3.2610878453345666
2.691087606472886,4.369009384925332
2.103539671289447,3.143388996916784
2.187906659340043,3.957637459627929
1.724377413737822,3.7838779005403684
2.610859907219695,4.249109839810713
2.444613286296258,3.3178425323172105
2.381336437951103,3.958159106252364
2.561138142389987,3.027562487275993
2.0145413693409053,5.126074665212333
2.6365840081526,2.212794473842029
2.519572043427436,4.370094596206523
2.4668830003972317,2.735584761925787
1.6581627860068073,3.551172272891621
1.5261007529680104,3.492647713433215
2.277460900487505,3.7845439314983524
1.600253209165788,4.719271805437885
1.7017185421976038,5.650273632060023
1.4806816549860022,3.201340676600141
2.5141979645045383,5.650953635695448
1.6312814238843123,3.433601507350374
2.646553472929976,3.2594763298697935
2.5664312886676,3.725232244544147
2.6051242787225335,3.725651424867354
2.305665549179403,5.708902986599232
2.1253850562875716,4.1905829515727335
1.725761967076086,3.957637459627929
2.471945072626858,2.678040618667771
2.1950952935530226,4.249109839810713
2.111563727060532,2.4450392360132054
2.518804317867022,2.5041040723326335
2.191482445139902,2.7359853120124074
2.4597953428958927,3.4344445255559344
2.6080786984653677,4.54041920542336
1.8264391522912007,4.540013997777593
2.5388642681997697,3.5514400825425585
2.493739401984265,3.4924870276426523
2.5296050441132594,4.307420151548368
2.378006475606549,6.406933704701258
2.1820889636278027,4.4815127261149215
2.124372263651715,2.444708549313787
1.3739817951159154,5.126074665212333
2.5248965794693414,3.7841969433419202
2.3364940796142335,2.154163023401205
1.9152812617981407,5.47593187807912
2.1030990800195544,3.725232244544147
2.6786338120372055,2.6777192470866455
2.6486089352062567,4.016164347865908
2.6641143441971007,5.243147071924878
2.261495990730207,3.7263314285027787
2.6775155044105334,3.143388996916784
2.624633962705329,3.201340676600141
1.8501021180988568,3.725567588802712
2.6777473348383825,4.714458218059726
1.7823346425101774,4.07846385901275
2.5999933759254215,5.005769912451947
2.673622417258365,3.3764718868564176
2.550830197624153,3.492966756234767
2.5100605666567897,3.957637459627929
2.595667639491917,2.6195137304297917
2.0641549718502787,4.893972191473089
2.206304464924998,4.831644734971367
2.6564518380002786,5.649952260478898
2.5159270488701604,4.074793702405116
2.4803677405854683,4.0751756222551485
2.2383791311832586,4.137095542331531
2.7063388718299377,4.369009384925332
1.839317275829731,3.1427089932813597
2.2889355611912094,4.831777475407049
2.5198363981893714,5.243147071924878
2.0625741379377023,5.243147071924878
2.1368888376159814,5.064455157700915
2.614824094078936,3.725651424867354
2.4921986562044,3.492652370992362
1.661133467916685,3.958159106252364
2.273851833973697,2.91046446398814
2.3143756414857553,3.491965381018217
2.1188790549004772,4.7730899013785075
2.670296236813124,2.6769530786070064
2.6510966685739428,2.9101430924070146
2.4011774163136637,2.7942956237500627
1.8174431483968325,5.534458766317099
2.525739186636141,6.000130844926811
2.636288641816303,3.3764718868564176
1.9950014301636103,4.714458218059726
1.4468465145978264,5.125990829147692
2.0385174764116267,2.15307641485227
2.7175756510668934,4.773525383158728
2.690812284202945,3.0264772759948015
1.9432185302086535,2.6188313980147937
2.7091972313302377,3.259807016569212
2.5386921917810565,3.201340676600141
2.6490037654944696,5.126074665212333
2.153433134347937,2.6773000667634386
2.302728526173406,4.892884651412324
1.6322579102867698,3.4924870276426523
2.2566638579787734,4.5403353693587185
2.131883872065972,4.016164347865908
1.6392498857355056,4.892884651412324
2.1006820681690095,2.15307641485227
2.1210154498220426,5.417621566341464
2.4518843659142475,5.649952260478898
1.5746966463724212,2.9682647729992273
2.3920732500989614,3.72482703689838
2.2803264455964984,4.598699243026562
2.7190868980321223,4.54041920542336
2.437022636186372,2.502986258137415
2.5064806207676873,3.9587576026027205
2.5968903275396107,4.540579891213923
2.1880934851660747,5.70858394379768
2.642741696613024,2.9690961473069213
2.7085403154196768,3.084841149662645
2.6634612101858517,3.201340676600141
2.0590671827053284,5.0647229673518535
2.5558113372084943,2.444354574818634
2.652510342536912,3.9587576026027205
2.63463254810741,4.249789843446138
2.4624751967486476,3.2594763298697935
2.579869889684226,4.133455659858351
2.584655883264048,3.6674459082104995
2.309946281011091,5.5917467438220445
1.7712884709985657,5.476337085724887
1.45516934041459,4.4815127261149215
2.698098113228253,4.832157066477508
2.1098493921022285,4.541264552408495
2.48937698112743,4.598699243026562
2.6925629253946473,4.248788468229588
2.5213366776465946,4.540845372085288
2.6364179827727865,4.074663290749007
2.319930495195785,2.3864075526944246
2.4664079938435965,3.491881544953576
1.9565557763237074,2.444354574818634
2.3262852206103837,2.9678455926760203
2.235678098694354,3.2600003052738025
2.4500467410383604,4.772824420507143
2.3088151149267566,2.6195137304297917
2.68359452936526,4.016164347865908
2.308137020380046,2.2117078652930933
2.3144134604788786,3.259285369944777
2.5271695009560844,3.5507880242620145
1.9898909496227857,5.0647229673518535
2.5285385485071674,5.358640566086677
2.39909661531199,3.7257562199481558
2.2559592901368766,3.0264772759948015
2.5150250658841564,2.734900100731216
2.406985279087692,4.598699243026562
1.8630812183490277,3.7838779005403684
2.536542182021966,4.54041920542336
1.6509654534254092,3.7249108729630214
2.690675001257905,4.71895043385676
1.577534205426503,4.307769468484374
1.5590074370749958,4.9522825032107445
2.67975590156319,3.375815171016727
2.428576520452024,4.835445303235109
2.1155328303888794,2.6769530786070064
2.614851323753985,4.602339125499743
2.410401468736569,2.15307641485227
1.669526637060659,4.016136402511028
2.0512435675977994,2.9111444676235645
2.6593139793998914,3.2594763298697935
2.220689297149582,2.9678455926760203
2.390925821847584,5.125990829147692
2.510372951539993,2.6773000667634386
1.6692482892712677,2.212794473842029
2.6797366138766967,3.2594763298697935
2.268309460531398,3.957637459627929
2.704881327834945,4.714458218059726
2.24413896383602,4.598967052677501
2.3981401729758884,3.6674459082104995
1.8104390708702973,3.260321676854927
2.716654380394397,3.2610878453345666
2.4589247496741815,3.7838639278629276
2.662885226920576,5.5917467438220445
2.035373583513242,5.064401595770728
1.7731503000300524,2.9694547793612203
2.039407735509762,4.248702303385373
2.4054278929508524,5.0647229673518535
2.2861933059997996,3.3185271935117813
2.235835047515818,5.126074665212333
2.0295002938811093,4.016108457156148
1.8529147166174769,3.6674459082104995
2.463991738372914,3.2020206802355653
2.390293866472485,3.259154958288668
2.4606462702411793,4.541101537838358
2.1125523155407895,1.8625313546956026
1.829028240560459,3.7259122481795717
2.218293463935187,3.0264772759948015
2.125466745312719,4.01626914294671
2.6550551825842152,4.307333986704154
2.673574008947167,6.174689175408038
2.626932222917465,2.968774775725796
2.481517437976433,2.9682647729992273
2.4129330721362785,5.417272249405459
2.04514828047603,2.212794473842029
2.689318812164484,4.07846385901275
1.9850977704342703,3.1427089932813597
2.1923462309428507,3.725232244544147
2.6471665188085134,4.540144409433703
2.6205483768781606,2.968583815800779
2.363866332267476,2.9100592563423735
2.456072819402713,5.883377481015818
2.697024432013467,4.4287262795253035
2.4039703489558595,4.249268196821702
2.376002068970985,3.434339730475133
2.128246441307321,4.660640122119104
2.6420382633409205,5.185027720112239
2.0055400707874997,3.7249108729630214
2.5825066298848203,3.7263314285027787
2.1916620853572404,3.0272154991195603
2.403531648635623,4.834765299599685
1.6715684844994152,3.8996904375037196
2.595458878649873,2.15307641485227
2.671565064032428,2.9689308039572118
2.063901584596349,5.649952260478898
2.6984638228917603,4.660640122119104
2.006757842366088,4.01687695441536
2.607030355975975,3.7835122821473486
2.587064574936105,3.7263314285027787
2.520371536942074,3.0268964563180085
1.5363712569306518,3.9583221208225003
2.622763813495355,4.191323503477066
2.5216940671316146,6.115622010309036
2.4090305302358295,2.6769530786070064
2.522100999497627,3.375815171016727
2.28274572658663,4.427638739464539
2.419185686269443,3.0272970064046283
2.2310006456247975,4.01687695441536
2.390355511431277,3.259862907278973
2.41444204996192,3.7252462172215868
2.4180363670684097,3.0272970064046283
1.7552838512984874,5.649866095634684
2.347070917421178,2.677463081333575
2.3343815106583357,2.735663940431282
2.454718899448879,3.7259122481795717
2.4862603179040943,2.9690961473069213
2.150776350080987,5.126396036793458
2.179192785134379,3.783190910566223
2.6885972257756814,3.72482703689838
2.226483545086086,3.6674459082104995
1.8251204040009723,4.598699243026562
2.430249632707823,4.714458218059726
1.845716249466285,2.734900100731216
1.8136086806840066,4.307578508559358
2.598716984907492,3.259862907278973
1.9401952798983337,5.650273632060023
2.355141112363875,4.71895043385676
2.198779241673216,3.783542556281802
1.6485654601217703,3.724531281892562
2.6403356522704855,3.5505132282723566
1.8211565953316626,3.842227801530771
1.9647000964929267,4.834765299599685
2.033599872735734,3.6090377877307627
2.5448827827654976,4.366105396797337
2.0523236780414162,3.783032553555234
2.5243742991743012,3.3764718868564176
1.8068878674159685,5.006091284033072
2.6441625561846864,4.1905829515727335
1.8811779847487171,5.941582997672672
1.8685679978714347,3.7838779005403684
2.044114309204024,5.883377481015818
2.078320453914745,3.842227801530771
2.6449567550402873,3.201340676600141
2.4444718432619745,3.492966756234767
2.6840097819097597,4.016136402511028
2.044113931014093,4.01687695441536
1.8365322851760915,4.191323503477066
2.408704530515102,3.4350220628901305
2.6331182756227314,4.074388494759349
2.715038374818215,4.1905829515727335
2.7001520627448086,2.734900100731216
2.48851886817345,3.2594763298697935
2.1319050507021213,4.482213688766506
2.0801077795297775,3.725232244544147
2.6107411555812856,4.719271805437885
1.9319934748595662,3.491720859163013
1.877202452191539,3.201773829600788
2.311212460900877,4.015756811440569
2.5279410084158105,4.714458218059726
2.002910138005668,3.201340676600141
2.2671537121015333,4.016790789571146
2.6148906555068336,5.476337085724887
2.3976027650835987,2.9690961473069213
1.9038296706802418,4.249468471865012
2.6461503224632756,6.115622010309036
1.9780127602624498,2.7359853120124074
2.613278053640033,3.783598446991564
2.2980291380878373,4.89407698655389
2.0569466717608744,4.074793702405116
2.2975802266394574,3.491965381018217
2.6939860541058978,2.794616995331188
2.699730759161409,5.534458766317099
2.343947068589149,4.3077415231294935
2.595093547176297,4.249789843446138
1.9692561505945556,4.4815127261149215
2.6647183135172883,3.725232244544147
1.694193318945822,4.074768085829809
2.1171552651938925,3.725232244544147
2.250062930918938,3.724531281892562
2.1436954999984104,4.540144409433703
2.629860925744975,4.71895043385676
2.6661637554344813,2.968688610881581
1.853764887582901,2.7942956237500627
2.5818338299971466,4.481892317185381
2.1457044449131484,3.957637459627929
2.3860464153547465,4.249109839810713
1.7091136681130399,4.016543938936368
2.0390261418691424,3.259154958288668
2.650926483104886,4.598699243026562
2.6151947202115493,4.074388494759349
2.5413807440022302,4.719271805437885
2.2972201898249183,3.6674459082104995
2.239298889096031,4.307333986704154
2.5168411339339634,3.143388996916784
2.174831120657406,3.2587753672182087
2.44042407642793,3.259285369944777
2.365566674198324,5.5917467438220445
2.3382076581926747,4.772824420507143
2.268709585478648,4.540579891213923
2.6597587307590276,2.7935294552704235
1.6840597197382887,3.957637459627929
2.6721879428491784,4.4815127261149215
2.716571556799455,2.444354574818634
2.051171711510864,4.831456103825923
2.24641415446235,4.893972191473089
2.1713491259604942,4.714458218059726
2.599013864003514,2.1538421175759943
1.833587320181538,2.677463081333575
2.668108408060909,3.7842248886968
2.1804502666557464,3.4925662061481466
2.390779840534126,3.958159106252364
2.5589245967224485,3.0272411156948675
2.321717064430955,5.650953635695448
2.4589368517519814,3.4924870276426523
2.391501048732998,4.951516334731106
2.6742498343542898,4.248788468229588
2.610019947382414,4.773145792088268
2.5457140442343595,2.5041040723326335
2.6430884967799697,3.7834587202171615
2.158003937856884,5.649866095634684
2.1586706867056575,2.9690961473069213
2.584317025085658,2.9101430924070146
2.1062437292978013,2.9111444676235645
2.477443576037133,3.783542556281802
2.0244571311480453,5.358640566086677
1.7479095258292696,4.482213688766506
2.4934599196250797,4.5405240005041625
2.320322678154479,3.0279816675992
2.507278223332669,3.842227801530771
2.1596456603483905,5.4173001947603385
2.3433971804291285,4.95260387479187
1.9869198895229767,4.307473713478556
1.8217851469973807,3.3181080131885743
2.6404559166686195,6.174689175408038
2.503508804288016,2.9108230960424395
2.2516766673555324,5.184196345804545
2.0664747888884953,5.999809473345685
2.0427267303463106,3.783190910566223
2.398976729103788,3.5514400825425585
2.1382155278947654,4.1910021318959405
2.455500239846818,4.249109839810713
2.4065023305455004,3.7255932053780194
1.8630638216121909,2.6769530786070064
2.3693478171308455,2.444708549313787
2.1885389929050736,2.15307641485227
1.8300970053061385,3.7838639278629276
2.2549120822172775,6.406933704701258
2.318553505656146,4.016457774092153
2.4315275364854774,4.834765299599685
1.9524036290686406,4.71895043385676
2.007353491507788,4.01626914294671
2.5934060637031107,4.427638739464539
2.4103920139882877,6.407255076282383
2.256489890610404,5.359322898501675
2.4115999526286633,5.942009164334598
1.8880088512867454,3.550352542481794
1.7326506966735935,2.735663940431282
2.622671535152133,3.8996904375037196
2.5078855963622377,5.125990829147692
2.695564240688955,3.4928083992237777
2.5336668039747603,4.719271805437885
2.2654136602279054,3.9574767738373664
1.7890025091878419,3.491720859163013
1.970202003612583,2.444708549313787
2.3210896473350306,2.6769530786070064
1.876544023521253,6.174689175408038
2.0409677689761208,3.375815171016727
2.1277411795591865,5.359322898501675
2.2500474251317577,2.4450392360132054
1.7884110201353847,3.842910133945769
1.8149433129513468,5.126396036793458
2.303011790431903,5.358640566086677
2.1392445826976654,3.027562487275993
2.6595843852007266,2.4443871777326613
1.70539719565876,5.649866095634684
2.22288128599104,4.540579891213923
2.1485715027818673,3.3181080131885743
1.6791451415818457,3.6674459082104995
1.8191589961148615,3.7252462172215868
2.5828712049785336,4.541264552408495
2.4070775574309144,4.016108457156148
2.5187574223155482,4.6603187505379795
2.2733095096123006,5.12675699762733
1.6598150978163877,3.492286752599342
2.514635908444912,4.0751756222551485
2.4207835387289256,3.1427089932813597
2.4161703779476795,5.359322898501675
2.139369007185043,3.724531281892562
1.698914263857471,4.893972191473089
2.262552653398087,3.2587753672182087
2.414569499968747,3.72482703689838
2.528710624925881,3.7842831081861346
2.212521529204626,2.6769530786070064
1.736345990491724,5.418387734821104
2.512402318711018,4.074388494759349
2.628682107729305,2.6777192470866455
1.873236752572573,4.307420151548368
1.4119747556081264,2.6188313980147937
2.5748963138985093,2.444708549313787
1.6128461774961647,3.4936537462089117
2.398676068108453,2.73593175008222
2.602030685085003,5.417952253040883
2.268213022098932,4.075476034820113
2.4316383461353306,5.94149916160803
1.665816215645279,4.6603187505379795
1.6870576313232155,3.434339730475133
2.223811255031955,3.725567588802712
1.547470753222568,2.9686117611556595
2.5667875435828265,4.249109839810713
2.3738437390334077,3.7255932053780194
2.3241718952746235,4.832157066477508
2.4290583344244223,2.5030188610514426
1.8250209400490567,3.492652370992362
1.7076432656603848,4.1905829515727335
2.6116007812949906,3.433934522829366
1.7782804464473014,3.433601507350374
2.1006726134207288,2.91046446398814
1.6752161263862098,4.074663290749007
1.9603183879495982,5.359322898501675
1.9167588498594892,5.126396036793458
2.6562476154374104,3.72482703689838
2.052990805080121,3.957637459627929
2.5701817982156916,5.358640566086677
2.6895336240454277,3.0268964563180085
2.122072868869785,3.0265308379249887
2.038751954168995,2.4443871777326613
2.237354236469603,3.9587576026027205
2.326655090363135,4.074663290749007
2.5234246642569618,5.184622512466472
2.260876137432907,3.3764718868564176
1.8914500014710836,3.434339730475133
2.3429864661638033,2.9690961473069213
2.3807725567636266,3.2016899935361463
1.9508689343276753,5.476337085724887
2.697361021052269,4.540013997777593
2.6484500954351367,2.6773000667634386
1.763512886012304,3.200656015405569
1.7587038228466763,3.4342815109857985
2.64454225887565,5.94149916160803
2.4152748241905067,3.550597064336998
2.405401797845597,5.010581171050533
2.3666418681728345,3.2587753672182087
2.1590390436986837,4.016164347865908
2.366080634314877,4.249268196821702
1.5561959731261694,4.540144409433703
1.6081554877790147,4.0173869571419285
2.172268883873266,4.3077415231294935
2.074161499240916,4.01626914294671
2.20069212634542,5.0647229673518535
1.8907628303660236,2.9100592563423735
2.623774336991624,4.369009384925332
2.444413223822633,2.968583815800779
2.356965500592169,6.115622010309036
2.6107301880732803,3.7842248886968
1.9510463054054263,4.137095542331531
2.676566625873056,2.734900100731216
1.4510300516171857,5.5917467438220445
2.4531936594561947,4.191323503477066
2.470335118089576,3.492233190669155
2.6947965151285413,4.366021560732696
1.5646908753616466,3.0264772759948015
2.296758798108807,5.70858394379768
2.0354507342592147,3.491720859163013
2.604490054207846,3.200656015405569
2.5080440579434264,3.434020687673581
2.602846440766684,3.259807016569212
2.242239315811409,3.72521361430756
2.418784048562468,4.482632869089713
1.8121080230368523,4.714458218059726
1.8413663088771808,6.407255076282383
2.5356345261869935,2.6195137304297917
1.710681265378023,2.678040618667771
1.7990672778278896,4.4287262795253035
2.4090796949268904,3.7260775915292803
1.6502835769793862,2.444708549313787
2.105396962041759,4.075089457410934
2.6544289000580847,5.941687792753473
2.3554047107459475,5.649866095634684
2.0094369398389804,5.127076040428882
2.2236346403340668,2.9101430924070146
2.454932576760029,2.677463081333575
2.6907744652098207,5.243913240404517
2.48863497248234,6.232808527220677
2.6927315981039794,5.476337085724887
2.541406460917554,4.832157066477508
1.568584340703746,3.201773829600788
2.347677534070885,2.2117078652930933
2.558508965988018,3.7838639278629276
1.7728318641079495,4.016136402511028
2.4096700494095535,4.366401151803155
2.4624430506044925,4.773525383158728
2.5974069349856816,3.841717798804203
2.4759032084471992,4.248702303385373
2.0726328555388505,3.7835122821473486
2.4549106417440174,2.3864075526944246
1.5320447641172843,3.3174070505369895
2.529743839818024,4.307473713478556
2.3246132429243787,2.154163023401205
2.364680575189432,4.075089457410934
2.330211966666432,2.91046446398814
2.19208338894064,6.000130844926811
2.536025196385963,5.184706348531114
2.08736146241093,3.7838639278629276
2.120037072469929,3.783190910566223
2.5469503471195782,3.7835122821473486
2.426123580558012,3.200656015405569
1.9212888088558628,3.5504084331915546
1.8952927893623972,3.434020687673581
1.8354582257713745,3.7249108729630214
1.960524123272192,4.54041920542336
2.531737278945582,2.154163023401205
1.7742587747185121,3.4929131943045792
2.2504967147700685,2.9111444676235645
2.439583738400718,3.492286752599342
2.5602028786900344,5.126074665212333
2.570601589039366,3.143388996916784
2.551681503159371,2.734900100731216
2.198176785112753,3.5505132282723566
2.61056529726326,5.94149916160803
2.1209753616893314,3.724531281892562
2.5438022941319494,4.366021560732696
2.4589966057611172,5.1852815570857365
2.0794856570928903,5.883056109434692
2.6539780976600484,2.2117078652930933
2.2375841759477955,5.123086841019696
2.5299654591177303,2.444708549313787
2.4723035966816718,4.307420151548368
1.8735964111971808,2.4450392360132054
2.2478580836198185,3.7252462172215868
2.1319356840865518,4.074768085829809
2.20162360814606,4.3073898774139145
2.007102373393446,3.375815171016727
2.464678531288043,3.8996904375037196
2.515801489812989,4.074793702405116
2.4321330185653904,4.248702303385373
2.5213366776465946,3.842227801530771
2.3601010733120664,3.492652370992362
2.1392116801736476,3.7835122821473486
2.1739435088887897,4.95260387479187
2.147481937589969,4.661406290598744
2.46856821473083,5.883377481015818
2.4023252227549725,3.0262094663438632
1.9190340404858197,4.835445303235109
2.328216258399287,5.883056109434692
2.528401643752059,3.201773829600788
2.435256489207488,5.708933260733685
2.101016388068224,2.968583815800779
2.6928492151725947,2.7366699732069786
2.3667538123924814,5.417621566341464
1.7032740373847872,5.650273632060023
2.0825051255038978,3.7249108729630214
2.154808989317782,4.951951816511325
2.548135594364079,4.248702303385373
2.2834090717260227,4.1910021318959405
2.3706260990984314,2.7366699732069786
1.4503379640430194,4.951951816511325
1.7690802199900646,5.417621566341464
1.994687910710614,2.6188313980147937
1.9566938156486093,4.248788468229588
2.330054639655037,2.1538421175759943
2.6530076622964907,3.8419856084551403
1.6609250852645725,2.154163023401205
2.2864149252995056,5.1845177173856705
2.170258048008871,3.491720859163013
1.5887951888190577,4.541101537838358
2.3825693371269403,3.9574767738373664
2.6610120521911518,5.126074665212333
1.7065835774730547,5.184196345804545
1.915685925024566,6.2914402105394585
2.349185377326732,3.433934522829366
2.6727499330869984,4.01626914294671
2.0227556546474035,3.551631042467575
2.0037735456186856,2.6773000667634386
2.116772536983479,3.7263314285027787
2.313259981188602,3.434020687673581
2.3328373611690894,5.941177790026905
2.671060558664156,4.951951816511325
2.4730977955372726,3.0272970064046283
2.4679494960033237,3.783598446991564
2.1461363378146228,4.541264552408495
2.2399758490729473,2.9682647729992273
1.8763318589698281,3.492286752599342
2.5304650480168958,3.957637459627929
2.406479639149626,3.72521361430756
2.0204884060096293,3.0265308379249887
2.6546554358268963,5.417952253040883
2.077859062198634,4.540845372085288
1.57192337960665,5.649952260478898
1.586842594204074,5.123086841019696
2.6462437353762915,4.482213688766506
2.7208867039148856,4.598967052677501
2.2801377288208102,2.6188313980147937
1.9758850637093026,4.1905829515727335
1.838806341232628,4.3077415231294935
2.3968717239465147,2.968229841305627
2.3403709045993586,4.248702303385373
2.2055647254194954,3.4936537462089117
2.353566329490198,2.15307641485227
1.9692686308622864,3.0265308379249887
2.3449530538062433,3.9583221208225003
1.9891096092248473,3.491881544953576
1.5848601225845222,4.427638739464539
1.7338631735931438,6.698564441895031
2.5187116613338683,3.2594763298697935
2.0578316361999724,5.476337085724887
1.7746097349747014,3.491720859163013
2.7025444922498227,3.3764718868564176
1.9949791169576674,2.9101430924070146
2.671245493540532,3.433601507350374
2.2953867250382745,4.1905829515727335
2.2858559605811353,4.016136402511028
2.15970049788842,3.8996904375037196
1.8175044151656934,5.94149916160803
2.0234484986014327,4.892884651412324
2.363747580629067,4.370094596206523
2.463613926631607,2.444354574818634
2.5898083428872396,3.0265308379249887
2.6031512618512624,4.1905829515727335
2.2892195818295695,2.9693499842804183
2.601290567389569,4.1905829515727335
2.6089462661676284,3.7249108729630214
2.254052078313641,3.434700691309005
1.5019816901032805,3.6674459082104995
2.1898777852616576,2.9100592563423735
2.713914772532506,3.783190910566223
2.152073919735066,3.842227801530771
2.706781732239418,4.714458218059726
1.8365319069861603,5.356032332964501
2.202007092736336,4.36570018915157
2.51829981249875,3.2011776620300045
2.313501266364732,4.3081001551837925
2.129109092540476,4.598967052677501
2.679771407350371,3.7834587202171615
2.402563860601584,4.834765299599685
2.5959974211119565,2.15307641485227
2.710497070123904,4.892884651412324
2.362557038725529,4.016164347865908
2.699089349038029,2.7366699732069786
2.396061641113802,4.369009384925332
2.2097921324708785,2.15307641485227
1.8945178781932894,4.540144409433703
2.2332799963403716,4.248702303385373
2.263376729258255,4.540845372085288
2.6067678921636954,3.7260775915292803
2.517059349524288,4.369773224625398
2.681553438306366,4.540144409433703
1.9202056728927963,3.259862907278973
2.5772634046781304,3.0264772759948015
2.557338846340766,3.4924870276426523
2.1699218371600004,3.4924870276426523
2.594183622201737,4.657330926345343
1.944011216304529,3.783032553555234
2.601460374668695,2.15307641485227
2.3561660070775305,3.957637459627929
2.1797294366468063,3.5509184359181236
2.0180676122597725,4.07846385901275
2.400538275329871,4.482213688766506
2.507787266980116,3.4929131943045792
1.9545683882350493,4.074793702405116
2.701851648295794,3.491881544953576
2.6785090093598964,3.841822593885004
2.562920929725845,2.677463081333575
2.133549420523146,4.540144409433703
2.3498078779535505,5.184622512466472
2.691407933344645,2.735663940431282
2.57336653562665,2.968229841305627
2.118270547301114,3.6090377877307627
1.885619447301181,2.9111444676235645
1.4872171551877331,4.481892317185381
2.5915843228043354,3.2600003052738025
2.4718819149083413,3.957637459627929
1.9592655071810305,3.434700691309005
2.509048908590727,3.201368621955021
1.8262103473828013,5.883377481015818
1.3926416863232187,4.893972191473089
2.373857353870932,3.3174070505369895
2.1011722023198947,2.734900100731216
2.3713930682789828,4.369009384925332
2.468008493632597,2.9686117611556595
1.907437602624256,3.4928083992237777
2.3363866736737617,2.794616995331188
2.459706468262052,6.115622010309036
1.9246433535459477,4.07846385901275
2.5491192663752305,2.9682647729992273
2.13518433559589,4.248946825240576
2.6576469181829925,3.200656015405569
1.578668018840356,3.6674459082104995
2.455331945327417,3.2598955101930005
2.2222625672635337,3.7259122481795717
1.818752820128711,2.968774775725796
2.288040007434037,3.375815171016727
2.263276130736546,3.259541535697848
2.637802157921119,2.9690961473069213
2.416804602462366,4.248702303385373
2.2086704211348254,5.941177790026905
2.7048646874779707,4.482213688766506
2.2146605714557106,3.4344445255559344
2.4269393362396934,3.2600003052738025
1.4693321751495374,3.6674459082104995
2.5873932219863516,2.9690961473069213
2.539337005613818,4.1905829515727335
2.5330885515698967,4.599050888742141
2.4955562264139344,4.540144409433703
1.7616608899190296,3.0265308379249887
2.387710072862264,4.602339125499743
2.2000064680000846,4.074474659603564
2.5834872763765206,4.598967052677501
2.6948464361994646,4.1905829515727335
2.189629314476834,4.248946825240576
2.3028567325600955,4.893394654138893
1.8298984555922384,3.4925662061481466
2.721346204681341,5.184706348531114
2.5371601443696092,6.2914402105394585
2.4631529131054273,4.892884651412324
2.334764238868749,5.0647229673518535
2.715943005133737,3.7845439314983524
1.86104504375924,3.0272970064046283
2.4538970927282984,4.248788468229588
1.5222042621064609,5.1852815570857365
2.6464403941405354,4.951951816511325
2.206604747730401,4.307899880140483
1.6016165838679026,3.8996904375037196
2.1599973769844416,3.434700691309005
2.0562595006558144,3.7263314285027787
2.430493565213472,5.356032332964501
2.6147057206304583,5.650378427140826
1.7488277709823163,5.243147071924878
2.0522745133503553,3.8419856084551403
2.243353841538769,3.2598955101930005
2.622200688687741,3.375815171016727
2.3893725957999883,4.892884651412324
2.2863922339036313,5.4173001947603385
2.105901845599962,2.9689308039572118
1.4397081796457014,2.9108230960424395
2.182419879817636,4.9522825032107445
1.6869037080212015,6.2914402105394585
2.6959847878924923,3.3181080131885743
2.6993000008297283,4.369773224625398
2.3455645869250557,3.957637459627929
2.571228627945359,3.259862907278973
1.9108473630443017,5.126396036793458
2.30715183560917,3.9587576026027205
2.266634835515874,3.8996904375037196
2.3069812719501814,3.7842784506269878
2.5253821753410515,4.016164347865908
2.621361485230323,2.6773000667634386
2.332337394079992,5.94149916160803
2.275863804407885,2.3864075526944246
2.434170705914903,3.1427089932813597
2.561017499801922,3.491720859163013
2.560617753044603,3.2587753672182087
2.258544218316891,3.4924870276426523
2.5624345774742725,3.725567588802712
2.127924223485906,2.4443871777326613
2.369427615206337,5.649952260478898
2.5036275559264247,3.2604055129195686
1.8630967241362086,3.958159106252364
2.243921882815489,3.493001687928367
2.630184656326115,3.724531281892562
2.048419623381242,5.708497778953465
2.295477868811703,4.016790789571146
2.521512157774689,4.369009384925332
1.7322600264746242,4.660640122119104
2.201360387953918,3.9587576026027205
2.382143873454297,4.482213688766506
2.553107657390071,6.115622010309036
2.570336856087499,4.074474659603564
2.703562579544717,4.1910021318959405
2.5199808667431043,4.307899880140483
2.6637100591606067,4.016844351501333
1.7770441435620832,3.4344445255559344
2.6737944936770788,3.491881544953576
2.3116500266513196,4.481892317185381
2.324601140846579,2.9682647729992273
2.1472727985579945,2.3864075526944246
2.2187949437840087,5.941687792753473
2.0677791659613365,4.660640122119104
1.933059214085796,3.667124536629374
2.385368320808036,3.7842831081861346
2.5267508447022036,4.016164347865908
2.1819951725248554,4.598967052677501
2.4172981403226323,4.482213688766506
2.6430487868371895,3.0851625212437703
2.591767744920986,5.476253249660245
2.5546033985681187,4.893650819891963
2.651773250360929,5.358640566086677
1.6435427196449925,4.307068505832789
2.649769221915296,4.7730899013785075
2.1642130601479566,3.4929714137939136
2.1351839574059586,4.893650819891963
2.173530903673808,3.608718744929211
2.4420412165739056,5.476337085724887
2.514664650879686,3.491720859163013
2.5980415376903,4.1905829515727335
2.204932770044396,3.4928083992237777
2.3612231628380504,5.883056109434692
2.5763686073008207,4.307769468484374
2.314632432449066,3.4929714137939136
1.8490798707147196,4.951516334731106
2.3515199437722667,2.4450392360132054
1.9309489142694858,3.259541535697848
2.322754061222411,4.015756811440569
2.5266124271873704,4.481892317185381
2.5635929732336558,2.4450392360132054
2.325663476363428,3.0272970064046283
1.9013442064521429,4.482632869089713
2.063114571349442,4.951951816511325
2.5970332833336185,3.5505132282723566
2.3459439114260876,5.708902986599232
2.1023956467474507,2.968583815800779
2.7225242663171483,3.783598446991564
2.3336788337660948,3.2011776620300045
2.5804451165696394,3.724531281892562
2.1683693674922666,3.725567588802712
1.5857503816826575,2.7359853120124074
1.6163172046850707,4.719271805437885
1.7949382001586285,3.2587753672182087
2.333557434798167,4.4287262795253035
1.7260815375679823,4.892884651412324
2.668103113401872,5.4173001947603385
2.6950945287943573,4.248702303385373
1.8606649628783456,4.191323503477066
2.5941715201239375,5.006091284033072
1.3947826195239592,4.248946825240576
2.4151390540051922,4.481892317185381
2.58541377588625,2.444354574818634
2.497262619383682,4.831777475407049
1.4377975641130851,3.2594763298697935
2.0852345222376454,3.201773829600788
2.4814342361915607,4.308156045893553
2.072432793065225,2.677463081333575
1.7363274591850935,2.735584761925787
1.798782500809667,3.550597064336998
2.2450587217487916,3.4928083992237777
2.0724093452894885,4.249468471865012
2.5288766503056945,6.698564441895031
2.3764468203301217,2.734900100731216
2.0580910744928023,3.492286752599342
2.441151335665701,3.5504084331915546
2.4780830952108572,6.698564441895031
2.418409640530542,4.835445303235109
2.0991432133388006,3.492233190669155
2.4350193641206017,2.9678455926760203
2.137234125023202,6.174689175408038
1.7817518518261388,4.015756811440569
2.4018309285148436,3.5509184359181236
2.5571546678442534,3.725232244544147
2.694462573419258,4.248946825240576
1.9869478755778884,5.125990829147692
2.198783779952391,3.5504084331915546
1.5608484656602641,4.1910021318959405
2.341539133296954,3.433601507350374
2.7147278808846678,3.72521361430756
1.9570326738269987,4.307333986704154
2.5402064642657347,3.7833539251363595
1.881529701384769,3.143388996916784
2.490954033140694,5.649952260478898
1.7722891615566225,4.249109839810713
2.4734498903632556,3.783842968846767
2.442508659328916,3.9574767738373664
2.007557714070657,4.54041920542336
2.719692001922104,4.307068505832789
2.5436158464958494,3.491965381018217
2.212722726248045,3.492286752599342
2.7026284504145575,4.0173869571419285
2.6728569608375383,3.3174070505369895
2.28847152214558,4.540845372085288
1.7115216034052345,2.677463081333575
2.428773179216268,3.4928083992237777
2.655600532465061,3.375815171016727
1.8084985783331131,4.307473713478556
2.582530077660557,2.6188313980147937
2.70670911977262,4.370094596206523
2.2366685781242674,5.417621566341464
2.1980565207146197,5.5917467438220445
2.4310555554512923,4.893394654138893
2.4672884200035194,5.650378427140826
2.4702886007280336,5.185027720112239
2.0470403647020157,5.883377481015818
1.5403883903802662,4.772824420507143
2.4578124930864096,3.5504084331915546
2.7133421929766106,3.4344445255559344
2.493920554961328,4.249468471865012
1.9493047407720734,4.01687695441536
2.6900880504846234,3.202456162015786
2.359984590813245,3.4925662061481466
2.5027388095880143,3.725232244544147
2.5269221647410545,5.47593187807912
1.8023647158383571,5.883056109434692
2.4964895991642306,5.1845177173856705
2.4439022892255298,5.29740064964572
2.48260359945895,2.445474717793426
2.3416132585234766,2.2117078652930933
2.2302155233275465,4.602339125499743
2.4754433294908127,2.6195137304297917
2.5096952351832136,4.366785400432762
2.644195836898636,5.1852815570857365
1.885835393751918,5.649952260478898
1.5629644383255432,6.698564441895031
2.1367844571949597,5.1845177173856705
2.176801112009227,4.1905829515727335
2.4682410804403085,5.184196345804545
2.572191121320361,4.428404907944178
2.6114181155582026,2.444354574818634
2.605957431141051,6.000130844926811
2.6601391898298536,2.9101430924070146
2.2415513883264864,5.708497778953465
1.3948151438580458,5.417621566341464
2.209639343738658,4.249214634891515
2.6516934522854374,2.15307641485227
1.9276548799683992,4.074768085829809
2.6679563757085516,3.491720859163013
2.3794863328074847,3.259285369944777
2.0839985975423585,6.115622010309036
2.662210157893315,5.12675699762733
1.7058759841117077,5.184196345804545
2.3535659513002667,4.016164347865908
2.1550317431872816,6.000214680991452
2.149918237127007,2.7359853120124074
1.875819411613,3.957637459627929
2.666353228590032,3.201340676600141
2.189562753048936,4.248788468229588
2.4046794550769315,3.027562487275993
1.931798328855047,2.91046446398814
2.0344617675890264,3.3185271935117813
2.0066954410274334,5.650632264114323
2.381443843891575,4.1905829515727335
2.365782620649061,3.433934522829366
2.5835330373582006,6.115622010309036
2.4251781057299158,4.4287262795253035
2.246208797329688,4.0751756222551485
2.4198717228047095,3.7260775915292803
2.1020397700221554,2.9101430924070146
1.9747357445082687,3.434700691309005
2.0275552630647504,2.734900100731216
1.9116929957305508,3.4344445255559344
2.357567200772769,4.427638739464539
2.54370169561024,2.734900100731216
2.0572019499644605,5.356032332964501
2.0622746115121613,3.551172272891621
1.5250384174511615,4.249268196821702
2.5561142673434163,5.185027720112239
1.9703581960541843,3.7252462172215868
2.64843572421775,5.358640566086677
2.3558850119586205,5.650273632060023
2.646436612241223,4.773145792088268
2.1215573959935075,3.0265308379249887
1.8503543707829928,4.075089457410934
2.454517324215529,2.734900100731216
1.98020853100322,3.550597064336998
1.7866403348773265,5.649952260478898
1.8864560034290805,2.9108230960424395
1.9436508013000589,3.7842831081861346
2.433021008523938,3.7259122481795717
2.1961311557746845,4.249109839810713
2.0910749093457603,3.491720859163013
2.60298561466138,4.248946825240576
2.5817453335532368,4.1910021318959405
2.209514919251281,3.1427089932813597
1.9229048144320446,3.434339730475133
2.415614438748759,3.7249108729630214
1.6333516355679112,4.3073898774139145
2.4299535099916634,3.72521361430756
1.8453365467753216,3.2594763298697935
1.949524847312054,3.2587753672182087
2.6564181790963985,3.375815171016727
2.528638390649014,3.725567588802712
1.6338901780299948,3.2587753672182087
1.8291038785467066,3.0264772759948015
1.7544839795939182,3.434700691309005
2.477652336879177,4.831777475407049
2.6753503670541936,3.7838639278629276
1.9303944878302903,6.000214680991452
2.6390153912205316,4.427638739464539
2.2691032811970673,5.941177790026905
2.2124254689620915,4.540845372085288
2.4902551381477656,2.9100592563423735
1.7929474083605896,4.89407698655389
2.4549836324007464,2.503340232632568
2.6198283032490823,4.892884651412324
2.3524896227559617,4.0748239765395695
2.385257889348114,5.475827082998318
1.571021018430715,4.191323503477066
2.090279954110297,3.375815171016727
1.8155174052669667,3.7834587202171615
2.679224922899731,6.174689175408038
2.652645356342364,5.184622512466472
2.591886496559395,4.5405240005041625
2.564384902949669,6.000130844926811
2.6165996958061,3.4929131943045792
2.6625459905522546,4.6603187505379795
2.2002280872997906,3.7259122481795717
2.1095718006926996,1.8625313546956026
2.6065379526855024,4.1905829515727335
2.6601380552600595,5.94149916160803
2.657614393848906,5.0647229673518535
2.101893410518766,3.2011776620300045
2.3740956135276123,4.8902764182901475
1.852472234397928,3.6674459082104995
1.7305842668893066,4.660640122119104
2.086160331189317,3.7257562199481558
2.560499001406194,4.369009384925332
2.215531921057284,3.6674459082104995
2.4122965784820045,3.550352542481794
1.4948127217667253,2.9100592563423735
2.4142839665706624,3.8419856084551403
2.689976106264977,3.841664236874015
2.0512117996435753,3.259541535697848
2.3102851391894803,4.074663290749007
2.633533528167231,4.0173869571419285
1.9422530113142018,5.358640566086677
2.3717413812056534,3.491881544953576
2.4735111571321164,3.085928689723409
1.765614865650127,4.4815127261149215
2.552846328147585,6.407255076282383
2.2196235579233523,2.4450392360132054
2.560834834065134,3.318874181668214
2.305790730046643,2.9111444676235645
2.2687765250964773,5.356032332964501
2.455985457528597,5.1852815570857365
1.9431678527578677,2.5030188610514426
2.2740386597997286,2.7935294552704235
2.0028677807333692,3.7838639278629276
2.658104906189722,5.0647229673518535
1.7425479271741027,2.154163023401205
2.6644494204761777,2.735584761925787
2.3773696037623435,4.7730899013785075
2.584875233424166,4.016164347865908
2.573398303580874,3.1427089932813597
1.9360949446638467,2.2117078652930933
2.39022201038555,3.7833539251363595
2.477432230339196,5.650273632060023
2.7155928012574106,4.01687695441536
2.4143145999550923,3.201336019040994
2.7219774036765774,3.3174070505369895
1.9545449404593127,2.7935294552704235
2.5972783504090606,4.951516334731106
2.561280341804133,2.735584761925787
2.5042765298484295,5.70858394379768
2.507295998259437,3.492652370992362
1.9544840518803832,3.7841969433419202
2.6517728721709974,3.2598955101930005
2.3923217208837855,4.8902764182901475
2.0939540692922782,2.9682647729992273
2.6635591613780427,4.831777475407049
2.320373733795196,3.957637459627929
2.537100768550405,4.249109839810713
1.7999511076971937,3.201340676600141
2.4498553769331535,5.883377481015818
2.617967230597458,2.9678455926760203
2.495293762601655,4.661406290598744
2.60138246754286,3.2587753672182087
1.7540906620654304,2.502986258137415
1.5431975851895052,3.7834587202171615
1.9283481021123592,4.951516334731106
2.5036082682399314,5.356032332964501
1.7688865867452708,2.968229841305627
1.461626933490486,4.366105396797337
2.2063638407442023,4.01626914294671
1.9567906322710062,5.4173001947603385
1.9634482878205273,4.366105396797337
1.9916850826565808,2.7942956237500627
2.46176722519737,5.243147071924878
2.2765002980621594,3.550352542481794
2.533237936592736,4.0173869571419285
2.0618657881964926,4.1905829515727335
2.181043268467928,4.249214634891515
2.566492555436461,5.126396036793458
2.416936590748368,3.783542556281802
2.6319349193278865,4.427638739464539
1.817063067515938,5.708902986599232
2.200253047835252,5.94149916160803
2.044637724068858,5.477019418139885
2.196658352538831,5.4173001947603385
2.550781032933092,4.540013997777593
1.946669513331204,3.8421439654661294
2.618155569183215,5.242828029123326
2.2750427540671665,3.492233190669155
2.2879428126217087,5.184706348531114
2.5667667431366086,3.608718744929211
2.0281407010783075,6.233320858726819
2.5855487896917015,2.1538421175759943
2.517765808315841,2.7942956237500627
2.4960497642742,2.6195137304297917
2.3480436219243233,4.892884651412324
2.685073630186333,4.016844351501333
2.514788318987201,4.191323503477066
2.1381470755172116,2.6777192470866455
1.7281721715078684,3.72521361430756
2.555181272783051,5.941177790026905
2.4902014351775295,3.9003494821229836
2.6059846608161004,4.308156045893553
2.525700611263154,4.540144409433703
2.5257354047368286,2.6769530786070064
2.5529253698432135,3.667124536629374
2.291333285355261,2.968229841305627
1.6941271357078553,2.503340232632568
2.5032996652560406,3.491965381018217
2.363380736395766,3.2594763298697935
2.213409897353105,3.0262094663438632
2.183952305419014,4.1905829515727335
2.229150540481179,2.9682647729992273
2.440071225222084,6.407255076282383
1.5438904291435338,4.602339125499743
1.972269567966663,4.660970808818523
2.287729135310559,4.427638739464539
2.571291785663876,5.5917467438220445
2.0166577201961156,2.6769530786070064
2.688683831269935,3.0262094663438632
2.278305020414029,4.249268196821702
1.9171862044817887,5.4173001947603385
2.396313893797938,4.369009384925332
1.7924765618961978,5.005769912451947
2.5204074649855417,2.502986258137415
2.2910628795544254,3.725651424867354
2.1170433209742456,4.249468471865012
2.6732797771806633,3.4344445255559344
2.2212422108290526,3.491720859163013
2.704676348892214,4.016136402511028
1.8444330510295932,3.958159106252364
2.5847235792617393,4.893394654138893
2.317467344173629,5.417272249405459
2.4821452332622886,3.841717798804203
2.385679192931514,2.6188313980147937
1.58913782889676,3.5509184359181236
2.484211284856644,3.9583221208225003
2.2745170700627453,3.842910133945769
1.8133965161325816,4.191323503477066
2.580063901118951,3.5514400825425585
1.5116826400294772,3.200656015405569
2.453543485142591,5.5917467438220445
1.9112164764171904,4.016522979920207
2.3052661806120156,3.4925662061481466
2.542158302500856,6.1742536936278185
1.8482754607309753,3.5511187109614335
2.657961572205783,2.9690961473069213
1.7836151936173505,4.01626914294671
2.4664980030472314,3.0262094663438632
1.5017184699111388,4.366021560732696
2.5088560317257955,4.773145792088268
2.2028466743836854,5.767564944052467
2.587760822599515,2.734900100731216
2.3131881251016666,3.0265308379249887
2.265758569445195,3.72482703689838
2.089172613991631,2.735663940431282
2.5600285331317334,4.540845372085288
2.2337863926582995,3.4344445255559344
2.3667129678799075,4.248946825240576
2.612222147352016,3.784963111821559
2.592499920627864,3.2011776620300045
2.6121268434893437,4.07846385901275
2.0381313444918323,3.724531281892562
2.27496749427085,2.9101430924070146
2.0343244846439865,2.6188313980147937
2.161872442663522,6.1742536936278185
2.4094888964324905,5.650378427140826
2.4441288249943414,3.783190910566223
1.8919499685601806,5.5917467438220445
2.19688715744723,3.200656015405569
2.6729874363638157,5.708902986599232
2.6354694824252407,3.491965381018217
2.6756324967428973,2.73593175008222
2.423309469279667,5.358640566086677
1.5763485799920705,4.369009384925332
2.59103292188459,4.7730899013785075
2.330016442471982,4.369773224625398
2.095117003330836,5.649952260478898
2.7145164727131057,5.5917467438220445
2.7186440376226417,3.492286752599342
2.702084991483368,4.0173869571419285
2.571329604657,4.831777475407049
2.3923364702911036,3.492286752599342
1.8680820238097933,3.842910133945769
2.103923155879723,3.491965381018217
2.6898940390498978,3.725651424867354
2.4008892355860603,3.5509184359181236
2.4632913306202604,3.0262094663438632
2.703657505217458,3.201336019040994
1.6652239702129594,5.649866095634684
2.298628190938919,4.6603187505379795
2.2717797313404415,3.550352542481794
2.481627869436355,3.957637459627929
2.4677248511841685,4.951951816511325
2.011810459847433,4.249789843446138
2.063198907704108,3.783598446991564
2.634660912352253,2.15307641485227
1.6458269868296727,1.8625313546956026
2.6323600048105984,3.1427089932813597
2.6724235551763393,5.358640566086677
2.0919194074622154,5.649952260478898
2.261711937180944,4.016108457156148
1.686617040053323,3.200656015405569
2.3939846220114402,3.7833539251363595
2.483215132577762,4.71895043385676
2.631889536536138,4.772824420507143
2.1491936252187545,6.232808527220677
2.4881501329904925,3.318494590597754
2.4515734937907694,4.951951816511325
2.44486137889115,6.000214680991452
2.1806949555412576,4.249109839810713
2.4692323162500847,3.492647713433215
2.309489805764086,3.783190910566223
2.172124793509464,4.893394654138893
2.6803069242930038,2.968583815800779
2.6619367265730296,4.369009384925332
2.1251169196263233,3.434020687673581
1.744561410368016,4.249214634891515
2.601664219041633,3.783032553555234
2.1317874336335065,4.248946825240576
2.6328266911857465,3.8996904375037196
1.5405721906868481,3.550087061610429
2.306144337632351,5.123086841019696
2.1547099035557977,3.492966756234767
2.635998191949112,5.650273632060023
1.6331534640439422,2.7359853120124074
1.729304472161996,2.968229841305627
2.2511120297881937,2.15307641485227
2.41657050289493,3.725567588802712
2.4391223466846075,4.016457774092153
2.4054751666922574,4.773145792088268
2.6860183486345663,3.7834587202171615
2.119202785481617,3.4929714137939136
2.4247144448742177,4.660970808818523
2.557776033901278,4.719271805437885
2.648764371267996,3.201773829600788
2.083658604794175,2.968229841305627
1.4852441383164625,4.016136402511028
1.6637615097488607,3.260321676854927
2.6192417306657316,3.491965381018217
2.5444198782896623,5.418387734821104
2.1391976871461917,2.9690961473069213
2.624657788670997,3.841822593885004
2.107390779359248,2.5030188610514426
2.4503360563357575,3.551631042467575
2.524187095158338,4.54041920542336
2.3000808184648056,5.70858394379768
2.573162313063781,3.375815171016727
2.3717568869928343,3.9574767738373664
1.971033265081445,5.883377481015818
1.8786482722986633,3.9583221208225003
2.147381717258191,3.1427089932813597
1.7010291019529562,3.491881544953576
2.1572191937495644,4.133455659858351
2.085835087848452,5.184622512466472
2.4372779143899574,4.307473713478556
2.5979261897612727,4.893972191473089
1.6006223225386766,3.375815171016727
2.3089894604850576,2.2117078652930933
1.5861202514354087,5.708902986599232
2.181853351300641,3.5509184359181236
2.298674708300461,4.893394654138893
2.1813465767927815,2.9100592563423735
2.420216632021999,2.15307641485227
2.5599441967770673,5.418387734821104
2.4125204669212974,5.126396036793458
1.6793622226023763,2.678040618667771
2.634541404333982,5.475827082998318
2.120863417469685,3.5504084331915546
2.5968562904457992,5.0647229673518535
2.1480329603197834,3.3181080131885743
2.0818141724995254,5.476253249660245
2.097059765007608,4.5405240005041625
2.2992737611515426,5.941687792753473
1.902768847923118,4.307578508559358
2.5008274376755355,3.0264772759948015
1.645297520925939,3.434339730475133
1.9994727697206423,4.541101537838358
2.7119217115948793,3.201773829600788
2.1831913872773625,3.4925662061481466
2.317637151452755,5.126074665212333
1.961685166361094,5.242828029123326
1.7499528860277507,3.9574767738373664
1.9373403241074147,3.0264772759948015
2.2258024250199253,3.783032553555234
1.7917973327796934,3.492286752599342
2.629948287619091,5.242828029123326
1.6913565162716027,4.075508637734141
2.5923830599391113,2.9678455926760203
2.1580897869712756,4.541264552408495
1.8965256885382344,4.481892317185381
2.0912413129155047,3.724531281892562
2.132919356097703,3.724531281892562
2.6146860547540336,6.698564441895031
2.68126752671835,6.407255076282383
1.7371174979514503,5.417621566341464
2.652893448937257,4.249268196821702
1.7367525446678052,3.201773829600788
2.3766090638106228,5.127076040428882
2.6355818048348185,3.6674459082104995
2.407035578348547,3.9574767738373664
2.665996973674805,4.772824420507143
1.8366540623339502,4.540013997777593
2.195844109616875,3.2587753672182087
2.4151761166184538,3.8996904375037196
2.3060581103280287,4.893394654138893
1.9996656465855738,4.248788468229588
2.325652508855422,5.650273632060023
2.1993949348812722,5.708497778953465
1.9814327318106388,2.6188313980147937
2.402353208809884,3.958159106252364
2.274816218298355,3.260321676854927
2.079279165390434,2.7935294552704235
2.3932055507530894,5.356032332964501
2.3829913970902026,5.064455157700915
1.8529566956998442,5.358640566086677
2.2040939447769095,6.1742536936278185
2.0680699940184586,5.708902986599232
2.630730384396892,4.249633815214722
1.9909638744577092,3.259285369944777
2.0754454540574705,3.9003494821229836
2.636781801486638,4.074663290749007
2.085933417230574,3.551172272891621
2.0027078063924555,5.477019418139885
2.190620928476541,2.9108230960424395
2.6910467619603122,3.2594763298697935
1.4852611568633678,4.1905829515727335
2.7108155060460066,5.184196345804545
2.242035849628403,4.074793702405116
2.6363552032442006,3.8996904375037196
2.568970077676003,6.233320858726819
2.146655214400282,2.503340232632568
1.9887291501540212,5.5917467438220445
2.3394761072220485,5.883377481015818
2.055852568289802,3.085928689723409
2.465490883260343,5.125990829147692
2.702004058838083,2.4450392360132054
2.704374931517017,3.492286752599342
2.6450074324910733,2.677463081333575
2.5895107074113555,3.4344445255559344
2.1863307418965725,5.359322898501675
1.8379675159651412,4.7730899013785075
2.647535632181402,2.73593175008222
2.434593144068096,4.137095542331531
2.1072020625835597,4.307333986704154
2.0699219901117334,4.0748239765395695
2.5655016978166163,2.677463081333575
2.3415830033289775,4.482213688766506
2.5473497156869658,3.200656015405569
2.175613217435207,2.15307641485227
2.3354714540401647,5.708497778953465
2.7202388645626745,4.249109839810713
2.615818355408162,2.6769530786070064
2.4668652254704635,4.89407698655389
1.9711750863056592,3.667124536629374
2.618176369629433,5.883056109434692
2.507216578373877,3.1427089932813597
2.1055425651652855,3.8996904375037196
2.542592842731849,4.369009384925332
2.4379915587902046,3.4936537462089117
1.7717608302226824,5.125990829147692
2.348016014059343,6.1742536936278185
1.9891447808884524,4.893394654138893
2.147982282868998,2.734900100731216
2.295936235008364,3.491965381018217
2.4192004356767614,3.7842831081861346
2.064593293980584,3.842910133945769
1.6721940106456834,6.115622010309036
1.40124475087903,4.3081001551837925
2.512960905239457,3.9574767738373664
2.440382853725425,5.708902986599232
1.725624305941115,4.07846385901275
2.502145429585901,4.893394654138893
1.6607356121090222,4.482213688766506
2.333207987301703,4.7730899013785075
2.5347703621941142,2.968688610881581
1.6731126339886615,4.015756811440569
2.14355178782454,4.773145792088268
2.2160583614415676,3.259285369944777
2.0222099265766267,2.154163023401205
2.1114827944152474,4.835445303235109
2.6969261026313447,2.9101430924070146
1.8755278271760152,2.7360179149264345
1.5207429362121556,4.893650819891963
2.3946759532057444,3.841822593885004
1.8102991405957392,5.650378427140826
2.2864209763384054,5.1845177173856705
2.4968360211412453,2.9100592563423735
2.501241555650241,3.6674459082104995
2.4634327736545436,4.307420151548368
2.711180081139721,4.248946825240576
1.5424604930135215,3.667124536629374
2.6766271362620544,3.9574767738373664
2.4935835877325947,2.735663940431282
2.1658721793762994,3.958159106252364
2.409479063494278,2.735584761925787
2.5525789478661993,5.70958531901423
1.627909860647322,3.1427089932813597
1.5978985986538978,4.832157066477508
2.4762038694425335,2.968774775725796
1.6857048459391757,2.1538421175759943
2.477960561673136,3.0262094663438632
1.986645701822829,3.957637459627929
1.8165305760927544,4.248702303385373
2.7054917263839635,3.783190910566223
1.9445966543180864,4.540845372085288
2.2119043232368454,5.5917467438220445
1.834141368430802,5.064455157700915
2.2501786570378974,3.259541535697848
2.2723095754341065,4.191323503477066
1.926618639556806,3.7835122821473486
2.061234589201256,3.7831629652113428
1.71024067410813,4.7730899013785075
2.5673313807039473,2.9100592563423735
2.4052395543650955,2.735663940431282
2.6381179465137032,3.8996904375037196
1.6436724387914075,4.249633815214722
2.0662751046048013,4.482632869089713
1.9054532400550481,3.8419856084551403
1.7355011141853374,2.4443871777326613
2.503893423448085,5.127076040428882
2.1711089753541577,4.892884651412324
2.0960152044175273,3.9574767738373664
1.5490678493021879,3.609803956210402
2.2495429197634857,3.783032553555234
2.629643844724444,3.375815171016727
1.4835566548432766,4.719271805437885
1.9880366843899238,5.5917467438220445
1.5792579951330876,4.482213688766506
2.142329477966777,3.6674459082104995
2.6477935577145066,2.6769530786070064
2.6187527310846406,3.2604055129195686
2.697267986329184,3.201340676600141
2.467396204133922,2.9100592563423735
1.8342328903941618,4.540144409433703
2.0101842431431076,5.126074665212333
2.244636283595598,2.734900100731216
2.088531960248113,2.2117078652930933
2.372330601118523,2.444708549313787
2.134342106619022,1.8625313546956026
2.3334485160979708,5.534458766317099
2.6240239423462413,3.550352542481794
1.7366175308623533,3.9574767738373664
2.6850032868591227,2.6773000667634386
1.4719261798879018,4.3077415231294935
2.4158878700690445,4.831456103825923
2.572047787336422,5.475827082998318
2.3844175513209023,4.660970808818523
2.4332195582378384,4.016790789571146
2.3535946937350407,3.491881544953576
2.2369881486161636,3.958159106252364
2.714741873912124,3.4344445255559344
1.6615566624497407,3.725232244544147
2.6085642943370777,3.72521361430756
1.652659366127426,2.9678455926760203
1.9199307288127858,3.7842784506269878
1.3985822937631116,5.126396036793458
2.073902817327949,3.784120093615998
2.4237659445266715,3.4929131943045792
1.7385039422393704,2.9108230960424395
1.8169401557882854,5.185027720112239
2.2754455263439355,5.126074665212333
2.42626351083257,3.2016899935361463
1.5780345507055313,3.201368621955021
2.0371590181786186,5.650378427140826
2.4189152804686076,3.783542556281802
2.2065673069272087,3.6094197075807952
2.248772925063484,4.482213688766506
2.6697111769894977,3.8421439654661294
2.1036958637310486,1.8625313546956026
2.0447265987026992,5.650378427140826
2.306275947728422,4.248702303385373
1.9489431911978095,5.126074665212333
2.438799750673261,4.016543938936368
2.482081697353841,3.0851625212437703
1.9490676156851867,4.016457774092153
1.844170965407245,3.0272411156948675
2.686125376385107,5.125990829147692
1.7973412189817175,2.7359853120124074
2.5730689001507656,2.734900100731216
2.3968785313652767,6.115622010309036
2.623384044982586,3.8427494481552062
2.4550490592588505,4.370094596206523
2.2974062592710873,3.667124536629374
2.4678209114267027,3.201340676600141
2.299442433860875,4.598967052677501
2.1084833700705956,5.47593187807912
2.3159186564052074,4.249109839810713
1.623613244838522,4.4287262795253035
2.4492672915900777,5.650273632060023
2.409302826986321,4.249214634891515
2.52405624144213,2.6195137304297917
1.652619656184646,5.476253249660245
2.1138778712497803,4.482632869089713
2.314832494922691,4.307068505832789
2.5622848142615022,2.9108230960424395
2.538107888337293,3.725232244544147
2.087134170262256,3.433934522829366
2.721997447742933,3.8419856084551403
1.5760672066832293,6.698564441895031
2.5926201850259973,3.2587753672182087
2.311911355893806,3.4928083992237777
2.587400785784976,2.734900100731216
2.5048014574729884,6.698564441895031
2.2556726221689973,5.0647229673518535
2.5486461507712512,5.94226533008767
2.653810181330579,3.201773829600788
2.382389696909602,5.708902986599232
2.1277105461747565,5.650378427140826
1.7646466994261567,2.444708549313787
2.612117766930994,4.3077415231294935
2.5889097636106175,5.5917467438220445
2.460225723037642,5.475827082998318
2.438611033897573,3.491881544953576
2.6268403227641737,2.7942956237500627
2.694510225350594,3.2602424983494322
2.3711861983865954,6.232808527220677
1.4591770191159235,3.4350220628901305
2.3717939496060954,3.550087061610429
2.67133663731396,3.958159106252364
2.270923509336118,3.433601507350374
2.0015588653813534,2.968688610881581
2.642263664539939,4.308421526764918
2.0193232028314836,5.127076040428882
2.3208181069644014,4.541264552408495
2.715633645769984,5.123086841019696
1.9062633228877608,3.784963111821559
2.5567246658924345,2.7359853120124074
2.2853026687117333,3.783842968846767
2.7226392360562444,5.184622512466472
1.976670942386416,4.307068505832789
2.4133785798752774,5.1845177173856705
1.9076255630200816,4.248702303385373
1.4011346976090397,3.0265308379249887
2.279104513928667,4.016108457156148
2.4998486821334907,5.0647229673518535
1.7408774622478227,2.7935294552704235
2.0137006531237627,3.491965381018217
2.3203533115389092,3.2604055129195686
2.2542226419726297,2.9678455926760203
2.1308926362561964,3.5509184359181236
2.33520747746816,4.249214634891515
2.722747398376579,4.482213688766506
2.3389318919109963,4.4287262795253035
1.7149680482486103,4.307068505832789
2.6849684933854485,4.714458218059726
2.530070974108545,4.307333986704154
1.9510769387898563,4.54041920542336
1.6415768883824153,4.660640122119104
2.038865032958435,3.492652370992362
1.6696363121407183,5.650378427140826
1.8615071918552137,3.5505132282723566
1.989463216810555,4.307769468484374
2.0810566580672547,6.1742536936278185
1.913644455775741,3.725232244544147
1.8381301376355739,4.951516334731106
2.497438477701708,4.5405240005041625
2.6048637058599096,6.465886759601164
2.2757390017305767,4.3081001551837925
2.4298627444081657,4.892884651412324
2.0669891271949794,2.7359853120124074
2.6665971610956802,2.9101430924070146
2.536210887642201,3.491881544953576
1.627028299917605,2.794616995331188
1.8836241172239672,4.0173869571419285
2.492834771668743,5.650953635695448
2.416206305991147,3.259154958288668
2.644723411852713,3.724531281892562
2.5861236383871837,3.4344445255559344
2.3771733231880305,4.602339125499743
2.127184862170335,5.064455157700915
2.4531055412022162,4.307769468484374
2.467205218218647,3.841664236874015
1.842140841856357,4.834765299599685
2.098674636013996,5.359322898501675
2.367311642541058,4.3077415231294935
2.6016623280919764,4.248788468229588
2.120423960769586,5.708933260733685
2.1463277019198297,3.434339730475133
2.5341985390180812,3.4928083992237777
2.528565021802354,2.968229841305627
2.598238196454544,3.434020687673581
2.4558784297780565,3.491881544953576
2.1009921839126253,4.834765299599685
2.5435980715690807,4.1905829515727335
2.575914401193403,4.831644734971367
2.6340618595011716,3.550087061610429
2.2525699519731175,3.201336019040994
2.5962890055489414,5.476337085724887
2.3208910976211303,5.126074665212333
2.584914186987084,4.016136402511028
2.4923990968679557,3.957637459627929
1.7303312578253083,6.465886759601164
2.6686446813834053,3.2016899935361463
2.1587648559985357,3.8419856084551403
2.269600979146577,4.075855625890573
2.697954022864451,2.73593175008222
2.3415478316653724,5.184622512466472
2.5487452365332355,4.0748239765395695
2.4729162643702782,5.123086841019696
1.99277200051896,2.6188313980147937
2.572472116439271,3.433934522829366
1.6899443550683584,2.9100592563423735
2.4428913875393294,5.476253249660245
2.3766752470485897,2.2117078652930933
2.4625436491262023,3.7835122821473486
2.524405688938594,3.9574767738373664
2.3552644022814584,3.259807016569212
1.8305035594822199,5.006091284033072
2.331894533670512,4.660970808818523
2.421323593950734,3.7833539251363595
2.2114784813742707,4.075855625890573
2.373997284145491,2.678040618667771
1.857618264792289,3.5505132282723566
2.4749739957861463,4.015842976284783
2.3105774800063275,5.883377481015818
2.2899759616920465,3.783598446991564
2.0453759508146354,2.1538421175759943
1.6540881676876447,4.951951816511325
2.4719446944369268,4.599733221157139
1.4692247692090659,2.7360179149264345
1.3688974096803463,2.6188313980147937
2.3242097142677474,3.7834587202171615
1.8450022268761068,2.2124735680168177
2.2315448609358493,5.005769912451947
2.7098216229067122,5.005769912451947
1.554236571092423,4.016543938936368
2.6732517911257516,3.550597064336998
2.5271834939835403,3.2020206802355653
2.24287164937644,3.201336019040994
2.3673838768179243,2.15307641485227
2.3552159939702597,3.434020687673581
2.460738548584401,4.3077415231294935
2.4333243168487915,2.4450392360132054
1.9781122242143654,5.650378427140826
1.8430492540711916,4.074768085829809
2.5415184051372006,4.075154663238989
2.707589545932543,4.834765299599685
2.681714169027142,5.883377481015818
1.8261260110281352,4.3077415231294935
1.7214369870224433,2.6769530786070064
2.6528544953743394,3.8996904375037196
2.6928598044906695,5.70958531901423
2.144432970364325,6.407255076282383
2.537711923479286,5.883377481015818
2.4630126046409377,4.370094596206523
2.225963155740702,5.883056109434692
2.4138116073465454,3.375815171016727
2.104821735156345,3.143388996916784
2.4711221313364833,4.714458218059726
2.6893604130569204,3.7833539251363595
2.2374461366228937,4.249109839810713
1.6173984496984815,2.4443871777326613
2.7132801698278874,4.4815127261149215
2.5383824542273716,3.725232244544147
2.5914602765068895,3.7249108729630214
1.8903101370183308,2.6773000667634386
2.6628319021402707,4.017223942571793
2.5909735460653853,3.434700691309005
2.6647001604005887,3.725232244544147
2.1763643026386466,3.783190910566223
2.678994227041676,2.444354574818634
2.4462001712477344,4.016108457156148
1.9761059266291456,3.724531281892562
1.564312307240477,5.941687792753473
2.171902417829896,5.125990829147692
2.5667981329009013,2.3864075526944246
2.1685259381237993,4.831644734971367
1.8421911411172118,4.249109839810713
2.4656255188758642,2.9682647729992273
2.4004580990644486,3.201368621955021
2.4301316374492767,4.1905829515727335
2.315257958595334,2.9682647729992273
2.3098441697296566,4.0751756222551485
2.0995652733020624,5.708933260733685
2.0954044276785777,5.358640566086677
2.3163168904028018,3.9583221208225003
2.37058298544627,4.598967052677501
2.2438262007628857,3.9583221208225003
2.4921812594675625,2.677463081333575
2.452847615669112,3.7833539251363595
2.3745301537586054,4.249109839810713
1.7643191869457044,4.3081001551837925
2.456514923432331,4.831777475407049
2.6817145472170734,3.259285369944777
2.2539715238582874,4.248788468229588
2.0229742484276594,4.016457774092153
2.6993571075093454,3.9583221208225003
1.8632914919507964,3.375815171016727
1.976884997887497,5.534458766317099
2.7054221394366156,2.968583815800779
1.800944612646557,3.783598446991564
2.218301405923743,5.126396036793458
1.927020277263781,5.94226533008767
1.584017893607654,5.650378427140826
2.375252496527271,3.201340676600141
1.6453557621753498,5.358640566086677
1.7885108622772317,5.006091284033072
2.681314422269823,5.006091284033072
2.113569646455821,4.016164347865908
2.1753390297350594,5.883377481015818
2.6272930161118664,5.476337085724887
2.717045050593366,3.784120093615998
2.5556033327463132,4.831456103825923
1.7168177752022975,5.708497778953465
1.8323763560217126,2.15307641485227
2.4044669123355757,4.36570018915157
2.7172541896253404,4.133294974067788
2.7091904239114757,3.3764718868564176
2.330828416254351,5.883056109434692
2.126174338674066,3.784963111821559
1.7636569763761059,4.249109839810713
1.7202400158900737,2.7359853120124074
2.47150901963614,3.72521361430756
2.6352138260317237,4.369009384925332
2.0584564059663784,3.6674459082104995
2.5686418088156886,3.4928083992237777
2.5882679752973057,4.016108457156148
2.6181990610253076,5.5917467438220445
2.530373904243467,5.708933260733685
1.7936792058775357,3.841717798804203
2.6485000165060604,2.444708549313787
2.6979835216790877,5.126396036793458
1.4884337921965272,4.540845372085288
1.9437831677759925,4.892884651412324
2.287007548921756,4.016108457156148
1.8575471650852162,4.773145792088268
1.8878137052822261,3.609803956210402
1.6450853563745143,3.841822593885004
2.284875692279365,5.358640566086677
2.561637353099222,5.94149916160803
2.169252440981708,3.7252462172215868
1.9563753797265067,4.016543938936368
2.498736425545718,2.968774775725796
2.697121248635864,5.47593187807912
2.5635706600277124,4.773145792088268
2.236116042634728,5.123086841019696
1.8803599599274485,3.259541535697848
2.5063618691292784,4.54041920542336
2.147581023351954,5.417621566341464
2.5167167094465857,3.550352542481794
2.670684637872505,3.725567588802712
1.965916355311789,4.249109839810713
2.5785167261102546,4.249268196821702
2.111782320840788,3.3764718868564176
1.920175417698297,3.2020206802355653
2.340175002214977,2.9678455926760203
2.114950039704841,2.9101430924070146
2.6557941657098554,2.7360179149264345
1.4033792548509396,3.1427089932813597
2.717465219606972,3.957637459627929
2.7002885893099857,2.9111444676235645
1.8207738671212492,3.259154958288668
2.6398651839960245,2.6188313980147937
2.3791482310089576,5.708902986599232
1.9810560546391254,4.482213688766506
2.0987464921009313,5.0647229673518535
2.1806238558341846,4.133455659858351
2.6663573886792755,4.016136402511028
2.4041276759672545,5.185027720112239
1.8230857421709097,2.735663940431282
1.9173461788227024,5.12675699762733
2.496246044848513,5.184196345804545
2.2111029387725507,3.4929131943045792
2.719333099677358,5.1845177173856705
2.622868572106308,3.5505132282723566
1.6694857925480853,5.006091284033072
1.9184958762136672,5.123086841019696
2.503506535148428,4.01626914294671
1.7754757899172373,4.893394654138893
2.3638708705466507,4.249214634891515
2.5602762475366947,2.735663940431282
2.2669071322663656,2.91046446398814
2.3998775775199976,4.016136402511028
2.3764940940715262,3.026861524624408
2.045092686556138,4.0173869571419285
2.660178521582702,3.7835122821473486
2.333535121592224,3.2016899935361463
2.1082201498784534,4.133294974067788
2.689866431184918,4.191323503477066
2.5324112134030488,5.708497778953465
2.722730379829673,5.184196345804545
2.306323599659758,3.0851625212437703
2.2883580651662085,4.074474659603564
2.251537493460837,3.5511187109614335
2.6900078742192006,2.6777192470866455
2.563522251716514,5.358640566086677
2.2984054370694196,3.434339730475133
2.4348953178231554,3.5515984395535476
2.3775178542153887,6.232808527220677
1.951726669091724,3.724531281892562
2.361954960354997,6.000214680991452
2.2772370120482117,3.725232244544147
1.7841715110062022,3.259154958288668
2.4411101129631967,6.000214680991452
1.963585948955498,3.783542556281802
2.045835073391159,5.650632264114323
2.1251014138391424,4.307068505832789
2.1929014137619087,4.0748239765395695
2.3676346167423357,3.433934522829366
1.5902523546241194,3.433934522829366
2.371900599166705,5.650273632060023
1.7950747267238056,3.0262094663438632
2.397263906905209,6.000130844926811
2.1236847143567235,2.9101430924070146
2.349855908074818,6.232808527220677
2.4169346997987122,3.5505132282723566
2.3732896907841434,2.9689308039572118
2.4299803614767814,3.2016899935361463
2.6180769056775177,3.3178425323172105
1.3721339591118846,6.406933704701258
1.7542165993125327,2.6195137304297917
2.3649547628895804,4.01626914294671
1.4482045946409037,4.773145792088268
1.9144897102720588,5.126396036793458
2.4537159397512354,3.493001687928367
1.7269649892473553,3.4344445255559344
2.6319526942546547,2.734900100731216
2.3507454107930905,3.492286752599342
2.6903274447110967,4.599211574532704
2.425741608727461,3.375815171016727
2.6343576040273997,6.000130844926811
1.5596367451205766,2.6195137304297917
1.8609557909354681,3.259285369944777
2.1320733452215226,5.243147071924878
1.4908768991523271,2.9682647729992273
2.508065236579576,3.317786641607449
2.3644604686494515,5.185027720112239
2.7006369022366563,3.1427089932813597
2.2299602451239604,4.016136402511028
2.2963719098091504,4.482632869089713
2.324426417098347,3.2016899935361463
2.083631753309057,3.317786641607449
1.5328934223229835,3.1427089932813597
2.6952140368126285,2.6188313980147937
1.9427204540692125,3.375815171016727
1.9368203129519619,2.444354574818634
1.9733387109022744,5.649866095634684
2.15843015790939,4.832157066477508
1.9095842086739654,2.9682647729992273
2.1558138399650826,3.609803956210402
2.7020880170028176,3.434339730475133
2.5152326921564065,5.359322898501675
2.337971289485651,3.027562487275993
1.9663161020691082,3.2587753672182087
2.6070004789714067,4.773525383158728
2.5942793042543406,3.491881544953576
2.554177934895476,3.1427089932813597
2.4876947923132815,2.968229841305627
2.4387872704055304,4.599050888742141
2.5977155379695724,6.406933704701258
2.4506658379557975,4.6603187505379795
2.522527597740064,3.7249108729630214
2.095492545932556,3.667124536629374
2.213313080730708,4.4815127261149215
2.614128980985319,4.1905829515727335
2.675901767973939,5.94149916160803
2.3538151784649526,3.259154958288668
2.6199436511781102,4.075476034820113
1.825735340829166,3.2587753672182087
2.6214526290037514,2.9690961473069213
1.659485694386279,4.831777475407049
2.306945343906714,5.064455157700915
2.1785256580956744,3.201340676600141
1.8029282188359024,5.185027720112239
2.4958950845923242,4.831644734971367
2.4684555141313207,3.2602424983494322
2.5950980854554717,3.7834587202171615
1.8003659820517621,6.407255076282383
2.5896268117202452,3.7249108729630214
2.3746103300240278,5.650273632060023
1.8159489199785097,5.29740064964572
2.6881732748627636,5.185707723747663
2.3251578364253622,5.650953635695448
2.6632392126962148,4.772824420507143
2.5379467794265853,2.73593175008222
2.2812306977220893,3.492233190669155
2.295297472214502,3.7260775915292803
2.668818648751775,3.259285369944777
2.2295903753712096,2.1538421175759943
2.4835570162756015,5.941582997672672
1.9180310807881753,3.4924870276426523
2.6765949901178994,3.434020687673581
2.417632082031916,3.7257562199481558
2.7076277431155984,2.9689308039572118
2.6871759880140877,3.783190910566223
2.2212822989617638,3.0262094663438632
2.5793767300138906,3.259541535697848
1.9542919313953142,5.650953635695448
2.3044421047518466,3.841717798804203
1.6194478609358622,3.2020206802355653
2.2151525965562517,2.6195137304297917
2.1060417758745205,2.6777192470866455
2.6286015532739513,3.8427494481552062
2.378503417176196,4.602339125499743
2.027213379366911,5.064401595770728
2.0563733358251173,3.434020687673581
1.9934474477361517,6.115622010309036
2.4416051635831875,5.185386352166538
1.9652526319824657,3.6090377877307627
2.44176778525362,5.125990829147692
2.2131402479321323,3.841664236874015
2.6188382020091003,4.831456103825923
2.7137007170314247,3.783190910566223
2.7054217612466847,4.015756811440569
2.365831407150191,4.6603187505379795
2.637756018749508,5.649866095634684
2.098398557364192,3.2598955101930005
2.598161802088434,2.4443871777326613
2.464658865411619,3.259154958288668
1.9119210442590875,2.9108230960424395
2.1951429454843585,3.259154958288668
2.6556179292018984,5.006091284033072
2.3139441267742122,2.735584761925787
2.654872516847427,5.650378427140826
2.1469740285123162,5.649952260478898
1.5891941791965143,2.7366699732069786
2.253698470727933,5.417272249405459
2.2276964001955673,3.375815171016727
2.104378874746865,4.075089457410934
1.4336249946017314,3.2600003052738025
2.49150240854099,5.184622512466472
2.2712737132124445,3.200656015405569
2.693209251987134,4.834765299599685
2.4028444775305626,5.417621566341464
2.2147524716090015,4.831777475407049
2.249182126569084,3.725651424867354
1.7605444732420137,3.201773829600788
2.46917294043088,2.968688610881581
2.404560325248591,2.677463081333575
2.721543619825447,4.540845372085288
2.462524361439709,3.433601507350374
2.0962307726783336,3.492233190669155
2.0575661468682434,5.650273632060023
1.99823835778508,3.724531281892562
2.0531738490068405,3.841822593885004
2.3976042778433233,4.249268196821702
2.1887640159141606,5.1845177173856705
2.509411592734785,4.36570018915157
1.768221350656222,2.6188313980147937
1.8314422268915536,5.883377481015818
2.2274048157585824,5.243147071924878
2.667248025967342,3.8421439654661294
2.709561050044089,5.243147071924878
1.4838300861635618,4.5403353693587185
2.5398967267120507,5.708497778953465
2.4301592453142566,3.202456162015786
2.462819727776006,4.074793702405116
2.5678994219806675,4.01626914294671
2.5922556099322835,3.433601507350374
2.1302141635195544,5.417952253040883
1.7926649004819544,3.318494590597754
1.5064696700172868,3.201336019040994
1.951188883009503,4.773145792088268
2.689944338310753,2.2117078652930933
2.2419556733629804,2.735663940431282
2.577110237755979,3.7842248886968
2.390475397639479,4.0748239765395695
2.6932009318086463,5.064401595770728
1.6476336001311986,3.3178425323172105
2.2611306592566303,3.492233190669155
1.9741699723711363,2.15307641485227
2.492477760373654,3.9587576026027205
2.60993296369823,4.9522825032107445
2.0808308786783054,3.5509184359181236
2.0264914147881767,4.4815127261149215
2.504495123628685,3.143388996916784
1.591329061358355,2.91046446398814
1.9593165628217477,2.677463081333575
2.4703963848584363,3.200656015405569
2.6724916293639622,5.941687792753473
2.0465222444962192,5.5917467438220445
2.4281877412027115,3.7263314285027787
2.2072283829270134,3.725232244544147
1.6635455632981235,3.784120093615998
2.079691392415484,3.2602424983494322
2.028152803156107,5.476253249660245
2.242423494307922,3.7842831081861346
2.7073698175824936,4.4287262795253035
1.6063061390152586,5.649866095634684
2.1816048805158172,5.418387734821104
2.525337927119097,2.3864075526944246
2.4065586808452553,5.941582997672672
2.117769067452292,2.7942956237500627
2.1496693881522524,4.660970808818523
2.665408131951867,5.1845177173856705
2.170654012866878,3.4933323746277862
2.297422899628062,4.307769468484374
2.6405705082177846,3.4350220628901305
2.485390481062246,3.200656015405569
2.285119246595083,4.248702303385373
2.6263414902448705,4.074663290749007
2.0141643139794607,3.725651424867354
2.3990050933486304,3.783032553555234
2.0228184341759894,4.191323503477066
2.2554929819516594,2.9697761509423457
2.2359152237812405,4.893650819891963
2.663945293297837,6.406933704701258
2.6985375699283516,6.000130844926811
2.311586490742872,6.233320858726819
2.3135980829871285,2.7942956237500627
2.472689728601466,3.375815171016727
2.5693478894173105,5.708933260733685
1.7554192432938707,2.6773000667634386
2.6210891884798317,3.434339730475133
1.9490033233968762,4.249214634891515
2.3136037558360973,5.127076040428882
1.958241747037168,3.72482703689838
2.1249932515188084,5.942009164334598
2.6369988825071684,2.91046446398814
2.6734957236314005,4.01626914294671
2.3530519911837136,3.201773829600788
2.224886449006466,6.000894684626877
2.009495181088391,3.7249108729630214
2.119827555248023,4.248946825240576
2.690357699905596,2.4443871777326613
2.1826948238976462,2.678040618667771
2.6318210841585836,3.550597064336998
2.0476708073173904,6.407255076282383
1.9053360011763645,4.660970808818523
1.6460629773467654,2.6781454137485725
2.1057796902521724,3.0264772759948015
2.3909201489986156,3.4344445255559344
2.4710567044783787,6.407255076282383
2.303931170154744,5.127076040428882
2.1449957169820077,4.015842976284783
2.477403487904422,5.4173001947603385
1.7455934906903654,2.7359853120124074
2.430770400243138,3.783032553555234
2.475065139559575,3.0265308379249887
2.4616704085749728,2.9697761509423457
2.6574979113500845,4.1905829515727335
1.9621450453174798,3.551172272891621
1.911860155680158,3.72482703689838
2.646832955289161,3.434020687673581
2.2493466391891728,4.427638739464539
2.2207327889916746,4.1905829515727335
2.459451946438328,3.259285369944777
2.320587411106346,4.540845372085288
2.288555480310315,4.427638739464539
2.534567274201039,4.307473713478556
1.6821536424848471,2.7363509304054263
2.0531454847619974,4.773145792088268
2.689892904480104,2.9111444676235645
1.3976027818412042,3.7835122821473486
2.053784247555859,5.126396036793458
1.8477637697540097,4.307769468484374
2.7141390391617297,4.366105396797337
2.7099759243986576,3.201368621955021
2.4438247602896257,3.026861524624408
2.6227634353054237,3.6674459082104995
2.6443032428391073,5.650378427140826
2.349834351248737,6.465886759601164
2.2551200866794585,4.370094596206523
2.679927221602041,4.369773224625398
2.538111670236605,2.968583815800779
2.202297920793458,4.4815127261149215
1.9953822674243675,4.370094596206523
2.604440889516785,2.7360179149264345
2.609361518712128,3.8996904375037196
2.360782949758089,3.9574767738373664
1.748544506723819,5.126074665212333
2.17253588596472,3.608718744929211
2.601250857446789,5.941177790026905
2.157528931303249,3.724531281892562
2.4270149742259406,6.407255076282383
2.3775178542153887,3.841664236874015
2.565849632553355,2.6781454137485725
2.439034228430629,2.734900100731216
2.3715590936587967,2.9686117611556595
2.4701948096250863,2.9689308039572118
2.666027985249167,3.3764718868564176
1.6816945199083235,3.434339730475133
1.8473901181019463,4.892884651412324
2.590288644099912,4.307333986704154
2.6627982432363906,5.417707731185679
2.249483543944281,4.719271805437885
2.6243087193644636,2.6773000667634386
1.6108852627026935,4.0751756222551485
2.1584218377309026,3.491881544953576
1.980833300769626,2.6188313980147937
2.4431360764248407,3.4342815109857985
2.3437644028523605,3.783542556281802
2.573899783429696,4.540144409433703
1.8702218224407403,3.7255932053780194
2.4925696605269447,4.308156045893553
2.5802677454918888,4.369009384925332
1.442616460216925,3.4344445255559344
2.3838430808153515,4.1905829515727335
2.139107677942557,2.4443871777326613
2.662297519767431,6.465565388020039
2.6003855588841156,2.6188313980147937
2.6661452241278503,5.999809473345685
2.306471471922872,4.3073898774139145
1.7425490617438966,3.4928083992237777
2.70242460604162,3.433601507350374
2.2107742917223048,3.259154958288668
1.787883445181307,4.6603187505379795
2.5554342818470497,4.832157066477508
2.3829490398179036,3.3178425323172105
2.3716570448509873,2.212794473842029
2.5943129631582207,5.005769912451947
1.7331419653942721,3.202456162015786
2.457879432704239,4.7730899013785075
2.512020346880467,5.650632264114323
2.6261955089314126,4.1905829515727335
2.1094224156698607,2.6769530786070064
2.2627508249220556,4.191323503477066
1.5575268234941975,2.678040618667771
2.3393463880756333,3.4344445255559344
2.3878110495739047,5.883056109434692
2.13701364029329,3.491881544953576
2.5017959820894373,4.137095542331531
2.302545104056755,5.184706348531114
2.353821985883715,4.9522825032107445
2.4049415406992796,4.3073898774139145
2.4710480061099602,3.9587576026027205
2.283268763261533,4.951951816511325
1.9555331507496387,5.883377481015818
2.496385218743209,5.883377481015818
2.7071731588182497,2.735584761925787
2.2681449479113094,2.503340232632568
2.718864900542485,2.91046446398814
2.180513424374263,3.433601507350374
2.3313737661351968,3.492286752599342
2.5675072390219733,5.184196345804545
2.4683261731748374,3.724531281892562
2.4475476619727368,3.491965381018217
2.288134176726915,4.1910021318959405
1.8833215652789763,3.027562487275993
2.376918801364307,4.015842976284783
2.377829104528798,3.724531281892562
2.3174650750340415,2.794616995331188
2.6476714023667167,2.9101430924070146
2.1914015124946173,4.308156045893553
2.4474141609270097,4.4287262795253035
2.4428051602350074,5.358640566086677
2.2003593192059303,4.428404907944178
2.6919578215046656,4.307769468484374
2.3054772105936463,2.7360179149264345
2.3619636587234156,4.133455659858351
2.353719118222418,4.366021560732696
2.376253187085328,3.201336019040994
2.546994595341533,2.6188313980147937
2.5273665379102592,5.006091284033072
2.013513827297731,3.3178425323172105
2.109531334370057,4.191323503477066
2.4484643943660584,5.4173001947603385
1.9026478271451217,4.016844351501333
2.680559555167071,4.773525383158728
2.522854353840654,5.708933260733685
1.5929681365203425,3.667124536629374
2.2807534220288668,3.1427089932813597
2.0713802904865886,3.3178425323172105
1.9683152140456344,3.2594763298697935
2.1270664887218573,4.308156045893553
2.570826990238384,2.735584761925787
2.5791002731741552,4.832157066477508
2.497498988090706,5.650378427140826
2.125102548408936,3.492647713433215
2.097059765007608,4.831777475407049
1.9814391610394697,3.200656015405569
2.564894702976978,3.72482703689838
2.717973128684625,3.3764718868564176
1.8237812334544572,4.482632869089713
2.165901300001005,3.201340676600141
2.359680147918598,4.834765299599685
1.744449087958438,3.842227801530771
2.64486901497624,5.70858394379768
2.215145032757627,3.667124536629374
2.277955951107496,4.016522979920207
2.2414231819397967,4.1905829515727335
1.4192360022879038,4.893394654138893
2.444272537168212,4.366021560732696
2.2546518875445853,3.493001687928367
2.4216208512366872,6.233320858726819
2.197776281975572,5.417707731185679
1.880785801790023,4.191323503477066
2.3623569762519034,5.417272249405459
2.050853653778693,5.417272249405459
1.6955884616021606,4.016844351501333
2.4890271554410344,3.201773829600788
2.57515613038127,5.883056109434692
2.5215393874497383,5.47593187807912
2.1120954621038535,3.260321676854927
2.2298176675198835,3.7841969433419202
2.2094574343817324,2.7942956237500627
2.6417629410709793,3.8421439654661294
2.2518748388795014,5.883377481015818
2.5758444360561237,4.074793702405116
2.4280179339235852,6.174689175408038
2.5265530513681655,2.6769530786070064
2.2634565273337466,6.465565388020039
2.439140877991238,3.5504084331915546
2.6087620876711153,4.248702303385373
2.6533915250766977,2.15307641485227
2.1883843132231973,2.968583815800779
2.7071394999143696,3.7834587202171615
1.7414859698471852,3.2011776620300045
2.332298818707006,3.9574767738373664
2.2466369083318494,3.6090377877307627
2.6462902527378342,3.0265308379249887
2.697474856221572,6.115622010309036
2.4779004294740687,4.482632869089713
2.3683652796894883,4.892884651412324
2.2760438228151547,4.3077415231294935
2.325790926370255,4.660640122119104
2.3815440642233527,3.8427494481552062
2.3678206861885047,3.9574767738373664
2.640570886407716,3.7841969433419202
1.502481657192378,2.6195137304297917
2.5408179973845475,3.72482703689838
2.1319179091597835,4.074793702405116
1.4986763101042568,4.540579891213923
2.6331485308172304,2.444354574818634
2.517982889336372,2.5030188610514426
2.415188218696253,3.7842248886968
1.9248657292255158,4.720037973917525
2.1066816732381755,3.3181080131885743
2.7179008944077583,3.2594763298697935
2.5414643239770336,2.968688610881581
2.414763889593404,4.3077415231294935
2.5066141218134144,3.783190910566223
2.447926986473769,2.2117078652930933
2.409529362755133,3.841664236874015
2.374127003291905,5.649952260478898
2.5474242191034198,6.407255076282383
1.8604849444710763,2.9697761509423457
1.8691908766881846,3.0262094663438632
2.152729322885902,3.783542556281802
2.694274991213364,4.074793702405116
1.9966684913805093,3.4342815109857985
2.6738005447159785,2.445474717793426
2.6878208018468492,3.4925662061481466
1.7413176753277841,4.773525383158728
2.1393905640111233,3.9574767738373664
2.1386069544735973,4.481892317185381
1.7254790810075196,3.7249108729630214
1.8466783646513554,5.708902986599232
2.3403519951027967,2.9690961473069213
2.192987641066231,4.015842976284783
1.7649004648700177,3.491720859163013
2.285474745130447,5.006091284033072
2.601047013073852,4.893650819891963
2.116848931349589,6.698564441895031
2.0902905434283716,3.2602424983494322
2.3230948103504567,5.4173001947603385
2.5610848176096823,3.724531281892562
2.004295825913726,2.7935294552704235
1.8386864550244255,4.834765299599685
1.978130377331065,3.491720859163013
2.7034816468994314,3.5504084331915546
1.9961284361587008,5.242828029123326
2.4516094218342372,3.724531281892562
2.2390402071830637,5.12675699762733
2.239711872500943,4.249633815214722
2.1542783888442547,4.016522979920207
2.0050098485039034,3.0265308379249887
2.186229765184932,2.6777192470866455
2.4268568908346833,3.7831629652113428
2.1677045095931495,3.1427089932813597
2.0677209247119257,3.8421439654661294
1.9093799861110967,3.0265308379249887
1.9610963246381556,2.445474717793426
2.314339335252356,3.72482703689838
2.5318424157464663,3.7249108729630214
2.014827280928922,3.7841969433419202
2.2319654081393865,3.0265308379249887
2.707766538820363,4.831777475407049
2.073974673414884,4.1905829515727335
1.6591037225557286,5.126396036793458
2.6665362725167507,4.602339125499743
2.571902184212895,3.783598446991564
2.483683709902567,3.085928689723409
2.3391591840596706,3.2587753672182087
2.608706493751223,4.482213688766506
2.251003111087997,3.9003494821229836
2.166365339046634,3.026861524624408
2.5689500336096476,3.201368621955021
2.4852531981172064,3.492233190669155
1.92289119959452,5.477019418139885
2.239421800823683,3.841822593885004
2.326967853436269,4.3081001551837925
2.229169828167672,4.248788468229588
2.497303842086187,5.4173001947603385
2.0347011618155,3.375815171016727
2.5886658311049686,3.492286752599342
2.5220306561704167,5.649952260478898
2.513653749193486,6.407255076282383
2.640539874833354,4.714458218059726
2.29161995332314,2.9689308039572118
2.19187878818784,3.2016899935361463
1.9878540186531357,4.07846385901275
2.6683784356718134,3.0272970064046283
2.6655624334438124,4.1910021318959405
1.9924690703840382,4.598645681096375
1.9208675052724633,3.4342815109857985
2.500371718808393,6.407255076282383
2.5570226795582505,2.7366699732069786
2.51511167137841,5.1845177173856705
2.370153739874315,3.9574767738373664
2.387108750871595,3.434700691309005
2.3108819229009745,5.125990829147692
2.490631058939417,4.016457774092153
2.651280847070456,3.491720859163013
2.1181230532279316,5.064455157700915
2.3515796977814025,3.260321676854927
2.3961418173792244,4.366401151803155
2.4420219288874123,5.005769912451947
1.9929107962237245,3.3181080131885743
2.2012208358692913,4.772824420507143
2.225216608816437,3.783032553555234
2.3525066413028677,3.724531281892562
1.927968777611327,3.492233190669155
2.419539293855151,4.773145792088268
1.7376949939764512,3.2598955101930005
2.1967752132275837,4.1905829515727335
2.533935697015871,4.599050888742141
2.641618472517246,5.185386352166538
1.924977295255231,5.126396036793458
2.560262254509239,3.433934522829366
2.215736900000015,4.831456103825923
2.3616459791811755,3.9583221208225003
2.0025160640973176,5.767564944052467
2.566782248923789,5.94226533008767
2.1123999049985005,4.834765299599685
2.0503635196278074,3.202456162015786
2.179914749713113,3.7842784506269878
2.4168968808055884,5.883377481015818
2.2197725647562603,2.735663940431282
2.5233921399228754,3.433601507350374
2.6835794017680104,4.015756811440569
2.125536332260067,5.127076040428882
2.2452773155290475,2.9690961473069213
2.609039300890713,3.433934522829366
2.2657407945184267,3.7842831081861346
1.8404374744060592,3.783032553555234
2.2252313582237555,4.369009384925332
2.0806690133877352,3.4342815109857985
1.9571011262045532,4.602339125499743
2.5745381680336266,4.1905829515727335
2.601683884918057,3.375815171016727
2.636413822683543,4.075154663238989
2.4627887162016444,5.126396036793458
2.4247870573410153,5.941177790026905
2.4535824387055083,4.074474659603564
1.6479323701768769,2.6781454137485725
2.435884284493344,3.0851625212437703
1.806758526459485,4.660640122119104
2.666307845798283,2.9101430924070146
2.6096319245129633,6.465886759601164
2.4410628392217917,4.016543938936368
2.361891424446549,5.708902986599232
2.283103494261582,5.126396036793458
2.704426365347665,4.540013997777593
2.6185643924988837,3.783032553555234
2.4323852712495264,4.660640122119104
2.5624035658999107,4.714458218059726
2.553999429247931,4.3073898774139145
2.2326185421506355,3.201340676600141
2.5247033244144785,2.7359853120124074
1.8391701599464794,4.773525383158728
2.5143144470033594,3.375815171016727
2.2910855709502997,4.951516334731106
2.23796425682869,3.433601507350374
2.5344038961507436,3.491720859163013
2.649501463443979,5.185027720112239
2.5422430170454535,3.550352542481794
2.3867067349746884,5.123086841019696
1.9448795403866526,5.126074665212333
2.5726438146680537,2.6769530786070064
2.5437156886376964,6.000214680991452
2.6953509415677366,3.084841149662645
2.647682369874723,3.667124536629374
2.5341319775901834,2.91046446398814
1.8560022592161074,3.550597064336998
2.4223303355476906,3.433601507350374
2.4207948844268627,3.3178425323172105
1.6917940820220456,4.016522979920207
2.526039469441544,2.9100592563423735
2.035414806215747,5.5917467438220445
2.0421715475272526,3.725567588802712
1.413191014426989,4.0751756222551485
2.6358227118210174,3.0265308379249887
2.1644131226215815,3.957637459627929
2.607933851721703,3.550597064336998
1.4478131680620718,3.7249108729630214
2.519985026832348,3.72482703689838
2.0249090681158752,3.201368621955021
2.1243605397638463,4.0748239765395695
2.2558991579378094,5.708497778953465
2.2372630926961743,3.4350220628901305
2.664945983855894,5.417707731185679
2.702586093142259,4.4287262795253035
2.075822509418915,5.70958531901423
1.90013097315273,4.481892317185381
2.4748075922164015,3.957637459627929
2.614854349273435,2.9690961473069213
2.0056221380025785,3.784963111821559
1.611788758448422,3.842910133945769
2.6042858316449777,3.0264772759948015
2.678276422552185,6.407255076282383
1.8792715293053441,4.074793702405116
2.2708739664551256,3.4925662061481466
2.5256472864828496,3.0272154991195603
2.3484471505809545,3.7259122481795717
2.3939316754210673,3.72521361430756
2.214161738936407,2.9100592563423735
1.9589149251147724,3.4924870276426523
2.5384822963692186,4.1905829515727335
2.682303010750081,3.2587753672182087
2.653939144097131,3.200656015405569
2.5012336136616855,3.72521361430756
1.84955033898918,4.773525383158728
2.5390926949182377,4.1910021318959405
2.2822207989620713,5.883377481015818
2.2364219982891,5.243147071924878
1.4398957618515955,5.709263947433104
2.72159354089637,2.154163023401205
1.9617532405487166,3.259967702359775
2.6190136821371945,3.201368621955021
1.7792191138566353,2.15307641485227
1.4082019328540918,4.307473713478556
2.39315676425196,3.7841969433419202
2.1040914503991237,4.016136402511028
2.7065858298550363,5.417952253040883
1.6167494757764764,2.4450392360132054
2.3793335440752643,3.492647713433215
1.4791291853182686,5.708497778953465
2.1319553499629764,3.2604055129195686
2.1332230426124874,4.6603187505379795
2.478641681739296,3.4342815109857985
2.4511336589007393,2.6769530786070064
1.3905431103947767,2.735663940431282
2.4586970793355762,4.248788468229588
1.901510988211819,2.9682647729992273
2.389216403358387,5.0647229673518535
2.1077311502973624,6.232808527220677
2.165960297630278,3.5505132282723566
2.712285908498662,3.783190910566223
2.5699953505795907,4.366105396797337
2.5274951224868807,5.941687792753473
1.916534961420196,5.475827082998318
2.4642837009998297,4.016108457156148
2.393495622430349,4.599050888742141
2.5414280177436352,2.735584761925787
1.8807041127648754,4.016457774092153
2.338034069014236,3.783032553555234
2.3523489361015413,6.407255076282383
2.317352374434533,3.957637459627929
1.5572291880183127,3.143388996916784
2.6889844922652695,5.184706348531114
2.329285401334898,4.834765299599685
2.3328853912903567,6.407255076282383
2.199253491846989,4.1905829515727335
2.2896730315571245,3.2011776620300045
2.35664214820096,5.006091284033072
2.6380222644611,5.708902986599232
1.5874892989864917,3.725651424867354
2.6470137300762935,5.184622512466472
2.520624167816141,4.893650819891963
1.854708849651272,5.47593187807912
1.91310364417407,4.772824420507143
2.1260650417839377,2.3864075526944246
2.1326678597934294,3.2016899935361463
2.6816022248074955,4.1905829515727335
2.1743436338360396,3.5504084331915546
2.123281185700092,5.126074665212333
1.7754901611346243,3.667124536629374
2.1939164755373524,4.0173869571419285
2.168278223718838,3.841717798804203
2.7001618956830207,3.317786641607449
1.8674080893523264,4.07846385901275
2.348033032606249,5.650953635695448
2.2391839193569343,3.3181080131885743
2.7209702838896894,3.2604055129195686
1.6416097909064333,2.4450392360132054
2.228068917277837,3.5514400825425585
2.237224139133257,4.016136402511028
2.5713628853709487,5.0647229673518535
2.6362716232693972,3.5509184359181236
1.5445049877817962,2.7935294552704235
1.9542631889605402,2.7942956237500627
2.0656631932960576,2.735663940431282
2.4558379634554135,4.4815127261149215
2.5719384904462936,4.5403353693587185
1.5827014144570133,4.307420151548368
2.5148915648384293,2.91046446398814
2.0667973848998415,3.491720859163013
2.1659629449597966,4.5403353693587185
1.6064888047520471,6.1742536936278185
2.287259423415961,3.7845439314983524
1.4853307438107157,4.075508637734141
1.9964169950762356,4.834765299599685
1.3636409478260636,5.476337085724887
2.671191412380365,4.482213688766506
2.7033076795310618,5.941687792753473
2.6918674341111,2.968774775725796
2.5177215600938863,3.202456162015786
2.379033261269861,4.369773224625398
2.4586993484751636,3.200656015405569
2.3977294587105633,2.678040618667771
2.00138376344319,4.191323503477066
2.705889960381558,4.7730899013785075
1.9007841071639786,3.491881544953576
2.1698488465032715,5.883377481015818
1.7211348132673838,5.1845177173856705
2.595725124361465,3.5515984395535476
2.069713607459621,4.540845372085288
2.2266355774384436,3.7260775915292803
2.1651630732552274,3.143388996916784
1.960189425183046,5.70958531901423
2.1472826314962066,2.6188313980147937
1.8344983797258914,5.4173001947603385
2.627810001747869,4.307578508559358
2.4034011731093456,3.841822593885004
2.113063628327824,4.307899880140483
2.5497368505329425,3.8419856084551403
2.0703319479971958,6.174689175408038
2.0501570279253514,2.4450392360132054
1.8765088518576478,5.650273632060023
2.422104556158741,3.0262094663438632
1.948151261481796,4.7730899013785075
2.0212126397279513,6.406933704701258
2.126326749216355,3.0262094663438632
1.795910148281911,4.892884651412324
2.687435804496848,2.4450392360132054
2.3275544260196197,5.999809473345685
2.27289690439732,2.7942956237500627
2.3180058866357127,3.491965381018217
2.514011138678506,2.9682647729992273
2.527126009113992,5.1852815570857365
2.7229402752415104,5.417952253040883
2.5619179700282007,5.126396036793458
2.4563541927115544,4.249109839810713
2.5833609609394874,4.307068505832789
2.6051420536493013,3.957637459627929
2.6083487260762714,4.248702303385373
2.226136366729209,4.9522825032107445
2.214710492526634,2.6769530786070064
2.190583109483417,5.476253249660245
1.6166685431311911,4.951516334731106
2.0751330691742678,5.47593187807912
2.1083876880179924,3.434339730475133
2.7166570277239153,2.73593175008222
2.5244348095632994,4.4815127261149215
1.6266005671053745,3.8996904375037196
2.110981314566425,4.540144409433703
2.251883915437851,5.064401595770728
1.9451911688899932,3.957637459627929
2.6629381735109487,4.015842976284783
2.475078376207168,4.773145792088268
2.6077557242640896,5.941582997672672
2.347730858851189,3.3174070505369895
2.4657601544913845,3.0272411156948675
2.0187041059140465,2.9111444676235645
2.456074332162438,3.259285369944777
1.8271395600438542,4.773145792088268
2.112961138856458,4.951951816511325
2.015357125022587,3.3185271935117813
2.3847836391743416,3.957637459627929
2.355417947393541,2.968583815800779
2.579520442187761,3.9574767738373664
1.8244442004039183,4.369773224625398
2.2186894287931933,2.444354574818634
2.427781943406492,4.307473713478556
1.807714968795587,3.9583221208225003
2.076000258686597,5.358640566086677
2.537797394403746,4.249789843446138
2.4099033925971276,3.783598446991564
2.5299756702458738,3.4344445255559344
2.693863142378245,3.725651424867354
2.2818705950857447,6.406933704701258
2.2685957503093452,4.71895043385676
2.559499067228,5.650273632060023
2.326147181285482,3.4929714137939136
1.726522507027806,3.492286752599342
2.446493646634375,4.599211574532704
2.3384644491559854,6.465886759601164
2.6610941194062305,2.968229841305627
2.523835756712218,4.834765299599685
1.9810991682912864,5.006091284033072
2.6323017635611876,3.3178425323172105
2.4112879459353915,2.7359853120124074
2.201163350999743,3.7263314285027787
2.5699930814400034,3.0279816675992
2.557728760159873,4.370094596206523
2.226553888413296,2.7360179149264345
2.129080350105702,3.725232244544147
2.5219796005296997,3.259285369944777
2.2934832951143513,3.8421439654661294
1.9963061854263828,2.4443871777326613
2.3366911165684088,2.968229841305627
2.149037810967084,2.9690961473069213
2.268055695087537,5.534458766317099
1.936234874938405,4.307068505832789
2.1298533703251534,2.735584761925787
1.4183109497160944,3.202456162015786
1.8150734102876926,4.015842976284783
2.616930990185865,4.01626914294671
2.445934681916005,2.15307641485227
2.5119946299651428,3.842227801530771
2.5130304921868047,3.7831629652113428
2.5729943967343116,3.724531281892562
2.5113891478852306,5.476253249660245
2.0274002051929427,3.433601507350374
2.543760315049582,3.725232244544147
2.2868176975762746,2.4443871777326613
2.2963881719761936,3.3764718868564176
2.1219995000231253,4.015756811440569
2.477980983929423,4.598699243026562
2.113532205652628,5.242828029123326
2.5263662255421337,6.1742536936278185
2.0399614055690956,3.4344445255559344
2.263118803725151,2.734900100731216
2.3070890560805846,4.307473713478556
2.4174997155559823,4.016543938936368
1.8623316459053134,3.9587576026027205
1.9523174017643183,3.434020687673581
1.7739373132769596,3.491720859163013
2.69438088439411,2.735584761925787
2.0676725164007275,3.7252462172215868
2.4637198198123533,4.01687695441536
2.319329929584978,3.3181732190166287
1.5320632954239153,4.0748239765395695
2.5448911029439847,4.015756811440569
2.3259456060521315,3.492652370992362
2.0418005432047077,3.9574767738373664
2.3702554729658174,3.7252462172215868
2.4427333041480717,4.016457774092153
2.5187400255787114,3.783598446991564
2.4466275258700336,3.725232244544147
1.4837824342322259,3.200656015405569
2.3582729031844596,3.433934522829366
2.3968361740929782,4.191323503477066
2.697021406494017,2.6773000667634386
2.479166609363855,2.15307641485227
2.2527261444147193,3.7257562199481558
2.5173630360390726,3.434020687673581
2.4584228916354287,4.369009384925332
2.213608068877074,4.773145792088268
1.8946230149941738,4.074663290749007
2.36423090736119,2.6188313980147937
2.6526309851249774,4.714458218059726
2.3946192247160587,3.5505132282723566
2.058100151051152,6.407255076282383
2.368647787568123,3.9574767738373664
2.2808381365734642,2.15307641485227
2.3268301923012986,3.783598446991564
1.8178701248292009,3.0262094663438632
2.265349746129526,4.9522825032107445
2.635814013452599,4.016543938936368
2.216165011002177,4.598699243026562
1.9376024097297633,3.0265308379249887
2.4652314449675137,3.6090377877307627
2.284664284107803,4.831644734971367
2.705410037358816,4.541101537838358
2.538133227062686,2.3864075526944246
1.5970389729401928,4.015842976284783
2.0469707777546677,4.370094596206523
2.4223866858474454,2.968229841305627
2.654283296934558,3.7260775915292803
2.552933690021701,4.714458218059726
2.3557613438511056,2.6777192470866455
2.439127641343645,5.883056109434692
2.328628485424337,5.184706348531114
1.9453447140020756,5.70958531901423
1.8747007257963968,5.5917467438220445
2.695841832098484,3.433934522829366
2.4546186791171016,3.259541535697848
2.2588036566097203,3.5514400825425585
2.124185437825683,5.125990829147692
2.2006187574987597,5.184622512466472
2.5729486357526317,4.016136402511028
2.238358708926972,3.3185271935117813
2.5104603134141086,5.708902986599232
2.3594275170445305,5.006091284033072
2.349687991745348,4.599733221157139
2.5198246743015034,5.184622512466472
2.383150615051254,2.7942956237500627
2.420605033081381,2.9101430924070146
1.919047655323344,4.772824420507143
1.7562626068405325,2.2117078652930933
2.7088084520809246,4.248702303385373
2.7024280097510016,3.9574767738373664
1.9921918571644401,5.184622512466472
2.670506132224961,3.491965381018217
1.9608535267023006,3.9583221208225003
2.5856917454857093,6.232808527220677
2.5663753165577767,4.369773224625398
2.544043201118148,3.491720859163013
1.9843814787045047,4.602339125499743
2.658708497319979,3.200656015405569
1.8709774459233546,4.249789843446138
1.98958991043752,3.7834587202171615
2.607959190447096,3.8996904375037196
1.8565408016781908,4.015756811440569
2.515295471684992,4.370094596206523
1.5301662947288233,3.9574767738373664
1.7988161597135472,5.005769912451947
2.5102564690411713,4.835445303235109
1.8399303217082685,3.6674459082104995
2.3987021632137084,4.133294974067788
2.429911152719365,3.433934522829366
2.5327001505105144,4.307068505832789
1.5980188630520313,3.72482703689838
2.6224472685229085,4.71895043385676
2.4007580036799205,4.598645681096375
2.201184151445961,4.834765299599685
2.6810266197321506,3.259285369944777
2.4270648952968643,3.72521361430756
2.3013893556268905,4.773525383158728
1.554781920973269,4.834765299599685
2.2610845200850194,4.1910021318959405
2.490738086689957,4.1905829515727335
2.322660648309395,4.772824420507143
2.403947279370054,5.708933260733685
2.599402265062896,1.8625313546956026
1.9128903450528516,3.5505132282723566
2.6218841437152944,4.015756811440569
2.1633984390360688,2.678040618667771
2.0667164522545565,4.016457774092153
1.6626443366919823,4.137095542331531
2.474325021864141,3.259862907278973
2.1694101461830346,4.541101537838358
2.5883848359860586,2.968688610881581
2.431033242245349,2.9686117611556595
2.0487373029234823,2.734900100731216
2.571213122158179,5.184196345804545
2.1365204806229547,2.9100592563423735
1.9743828933024234,3.433934522829366
1.7489907708426804,4.3081001551837925
2.0009344738048784,4.307068505832789
2.45539094295669,2.91046446398814
1.8469786474567589,3.958159106252364
2.2135963449892055,4.133294974067788
2.7019265299021793,5.650273632060023
2.327167537719963,4.249268196821702
2.5705985635199164,3.4929714137939136
2.2567512198528896,3.026861524624408
1.8182346999229146,3.0272970064046283
2.510273109398146,4.3077415231294935
2.515491752259305,4.075154663238989
1.9885846816002883,3.200656015405569
1.6336674241604954,4.248946825240576
1.518142124055029,5.358640566086677
2.2896034446097766,3.550352542481794
2.666605481274168,4.191323503477066
1.6989029181595339,3.026861524624408
1.7722082289113374,3.200656015405569
1.8592240592403273,3.783598446991564
2.089087521257102,3.783598446991564
2.583961526550294,3.201336019040994
2.569517696696437,3.9587576026027205
2.562428904625304,3.260321676854927
2.482183052255413,5.4173001947603385
2.4130563620538625,4.249109839810713
2.0384853302674717,3.375815171016727
1.9654368104789788,2.9678455926760203
2.5051066567474978,3.8419856084551403
1.9657329331951388,3.725232244544147
2.4330977810799794,2.735584761925787
2.5447080590172657,4.307769468484374
2.3896411106511675,3.725651424867354
2.35112397891426,6.465886759601164
2.694751132336793,3.201336019040994
2.360799968304995,3.9574767738373664
2.383829844167758,2.9101430924070146
1.8054904556200426,3.4928083992237777
2.5041237411162096,3.4344445255559344
1.771471514925285,4.016522979920207
2.7110927192656042,4.015842976284783
2.3116515394110446,3.9574767738373664
1.8527116286244019,4.3073898774139145
2.1933559980592574,4.71895043385676
2.020489540579423,3.783190910566223
2.5120910683976088,3.433934522829366
2.0504349975248117,3.7255932053780194
2.690998353649114,3.200656015405569
2.4445176042436545,4.137095542331531
1.8300520007043213,2.502986258137415
2.4730751041413983,3.201336019040994
2.694422863476478,3.492647713433215
2.4905436970653003,5.126074665212333
1.6800603612154426,6.2914402105394585
2.341206326157464,4.016136402511028
2.254339124471451,4.482213688766506
2.404025186495889,4.0173869571419285
2.5413236373226127,4.075089457410934
1.5877884472221013,4.660640122119104
2.5610163652321285,3.725651424867354
2.2863256724757335,4.016164347865908
2.3348190764087784,3.609803956210402
1.6644539755129582,2.6773000667634386
2.1608184273251605,2.7935294552704235
1.8531094844320648,2.154163023401205
2.2555311791347146,4.249214634891515
2.1699445285558747,5.708902986599232
2.6606754631523497,4.249633815214722
2.7071255068869133,3.434700691309005
2.5748218104820553,2.968774775725796
2.2723364269192246,4.016164347865908
2.365947511459081,6.406933704701258
1.9382540309812868,3.492286752599342
2.4852293721515384,3.7835122821473486
2.2875926087453817,4.599050888742141
1.909572484786097,3.200656015405569
2.627896985432054,6.1742536936278185
2.516374069368884,3.1427089932813597
2.559098564090818,3.9574767738373664
2.2947838902878805,3.841664236874015
2.6624998513806433,4.016457774092153
2.698295528372359,2.735584761925787
2.0827967099408826,4.01626914294671
1.7487373835887505,3.2016899935361463
2.6029311553112815,3.609803956210402
1.8242672075160986,4.773525383158728
1.9181468069071343,4.249109839810713
2.612868473944502,5.708497778953465
2.4596448233032597,6.406933704701258
2.6058386795026425,4.01687695441536
2.5197108391322005,3.2604055129195686
1.6697399361818774,3.7842784506269878
2.2862428488807924,4.015756811440569
1.7413044386801908,3.783542556281802
2.7222107468641514,3.491965381018217
2.1742729123188984,4.249214634891515
2.370108735272497,4.2499528580162735
1.8943575256624445,3.259154958288668
1.7606965055943715,3.783598446991564
2.446116969462862,5.650953635695448
2.5295596613215108,5.127076040428882
2.603414482043404,3.724531281892562
2.1564223475644453,4.1905829515727335
2.2739161262620073,3.2016899935361463
2.435358978678854,4.016790789571146
2.6939005831814375,3.434339730475133
2.3052968139964456,3.2020206802355653
2.623798541147223,2.444354574818634
1.9528098050547906,3.550087061610429
2.700517772408316,5.650273632060023
2.654155090547868,4.307473713478556
2.613434246081635,3.2594763298697935
2.3544800363640697,2.677463081333575
2.6720915044167124,4.015756811440569
1.741846006661724,4.016108457156148
2.1330373513562493,3.434339730475133
1.7185808966617309,4.248946825240576
2.461369747579638,4.074793702405116
2.0580982601014957,3.5507880242620145
2.671626330801289,3.143388996916784
1.9232867862625955,5.417621566341464
1.8889577298242224,2.9100592563423735
2.3998571552637107,3.5504084331915546
2.5024472251510295,4.249268196821702
2.426344443477855,4.834765299599685
2.478733581892587,4.249214634891515
2.6672287382808486,3.375815171016727
2.4309583606389635,2.91046446398814
2.3251029988853325,4.3073898774139145
2.0649287484495926,4.248946825240576
2.333079780915013,3.317786641607449
2.246812388459944,3.0272154991195603
1.5293940308892342,3.0268964563180085
2.143836564842762,3.783842968846767
2.280390359694878,3.0851625212437703
2.236265049467636,3.0262094663438632
2.1776898583476374,3.0265308379249887
2.3183795382877763,1.8625313546956026
2.691340615536885,3.0264772759948015
2.38135080916849,3.7249108729630214
2.1365651070348415,4.834765299599685
2.0384581005924223,4.075154663238989
2.595129475219764,4.015756811440569
1.966546041547301,5.5917467438220445
1.9212880524760005,3.0264772759948015
2.0776850948302643,3.201340676600141
2.3109961362602087,2.9678455926760203
1.794527864083235,3.725567588802712
2.2153254293548277,4.773145792088268
2.510913763141664,3.0851625212437703
2.505803282600839,2.7935294552704235
2.273289087356014,2.91046446398814
2.348818911283362,3.4929714137939136
2.176986803265465,5.650378427140826
2.072889646502161,2.502986258137415
1.7789086199230884,4.0748239765395695
2.3387303166776463,3.1427089932813597
2.5964902025923604,4.831456103825923
2.4612593161197167,4.075855625890573
2.560178296344504,2.678040618667771
2.3021094292559683,2.734900100731216
1.7420260250689936,3.5504084331915546
2.1184248487930595,4.307420151548368
2.518807721576403,5.12675699762733
1.5065430388639471,3.2587753672182087
1.8871272905570284,4.017223942571793
2.502042940114536,2.968688610881581
2.189501108090144,3.2598955101930005
2.0121810859800466,3.375815171016727
1.734220563078164,5.417952253040883
2.2088303954757396,3.3185271935117813
2.6419138388535433,4.540013997777593
2.3375643571196383,3.4929714137939136
2.562937948272751,3.7834587202171615
2.379294212322416,4.0751756222551485
2.45390049643768,2.4443871777326613
2.6822633008073007,3.0265308379249887
2.1738054695638875,3.259154958288668
2.2167077135535043,3.667124536629374
2.3365890052869744,3.725232244544147
1.9609325683979295,3.4929714137939136
2.1385426621852868,4.427638739464539
2.5400510282039956,2.444354574818634
2.1271697345730853,3.491881544953576
2.0704075859834434,5.417621566341464
1.5284648182281817,5.358640566086677
2.0565832312369547,5.94226533008767
2.0751550041902793,2.6195137304297917
1.5781498986345592,3.842910133945769
2.04322442829582,2.677463081333575
2.421463524225292,3.3181080131885743
2.226574310669583,4.07846385901275
2.638836129193125,2.6188313980147937
2.5680911642758053,2.9690961473069213
2.2736812703147082,4.892884651412324
2.405189255104241,3.433601507350374
2.547733200277242,2.9101430924070146
2.0743551324857097,3.9587576026027205
2.2782498046840685,2.9678455926760203
1.68585271820229,3.72482703689838
1.863482856056003,3.491965381018217
2.164762948307977,3.201336019040994
1.547984713339121,3.0265308379249887
1.7871452184355296,3.026861524624408
2.3892462803629546,5.883377481015818
2.536255135864156,3.5505132282723566
2.3064102051540116,2.7366699732069786
2.389935720607602,5.477019418139885
2.713637559312908,3.492233190669155
2.290896854174612,3.493001687928367
2.523977577936432,3.085928689723409
2.5272859834549055,5.708933260733685
2.2462469945127426,4.482213688766506
2.63850786033281,4.133294974067788
2.485290260730468,3.2610878453345666
2.593625035673298,6.698564441895031
2.540572173929242,1.8625313546956026
2.222622982268004,5.650273632060023
2.705611612592166,5.649952260478898
1.9244985068022833,3.0851625212437703
2.5434914220084717,5.184196345804545
1.8820141626866853,3.842227801530771
2.5134824291546347,2.2124735680168177
2.2709643538486914,4.660640122119104
2.667417833246468,3.260321676854927
2.529383803003485,4.248702303385373
1.6845101439463934,3.725232244544147
2.4334169733819446,3.4928083992237777
2.304364575815943,3.259154958288668
2.1648813217564546,3.2587753672182087
2.647014486456156,5.4173001947603385
2.6328902270941947,2.6773000667634386
2.4418195972742,3.1427089932813597
2.2702756699839064,3.492652370992362
1.7143671044478723,5.4173001947603385
2.461125058694127,3.783190910566223
1.5975918866196634,4.249468471865012
2.1013004087065843,4.540579891213923
2.4805171256083076,4.366021560732696
2.173255581403867,4.307769468484374
2.4662639034797946,2.5030188610514426
2.7054228958164783,5.064455157700915
2.1986374204490016,3.0262094663438632
2.537554974657822,5.127076040428882
1.4308324401494672,4.598645681096375
1.8557904728546137,5.005769912451947
2.3414150869995076,5.010581171050533
1.3806874807867036,4.599050888742141
2.1585307564310994,4.89407698655389
2.3245905515285044,3.2602424983494322
2.3807037261961415,3.2602424983494322
2.1082742310386204,5.94149916160803
2.4412958042194344,3.725232244544147
2.339321805730103,4.772824420507143
2.6663747854161124,5.243147071924878
1.9695265563953912,2.6769530786070064
2.1633027569834655,2.73593175008222
2.1975573100053847,5.70958531901423
2.357074419292365,5.417952253040883
1.8963642014375954,4.892884651412324
2.710747810048315,2.1538421175759943
2.6574313499221867,6.000130844926811
2.7039029504828314,5.475827082998318
2.2635794390613992,4.016543938936368
1.6614341289120196,3.143388996916784
2.6526359015940835,4.719271805437885
2.17943747401989,1.9211628051364262
2.4362462122575392,4.831777475407049
1.990288049050586,6.465565388020039
2.704851829020308,4.4815127261149215
1.8465599912028778,5.941177790026905
2.5352869696401856,4.540013997777593
1.8836078550569237,4.015842976284783
2.2422964224910262,5.006091284033072
2.2718825990017386,2.2117078652930933
2.2088670798990693,4.248788468229588
2.7123623028647716,4.369009384925332
2.498658140229952,3.201773829600788
1.6442627932740708,3.7831629652113428
2.0472858099673896,4.074793702405116
2.0708799452075604,3.434339730475133
2.1331515647154835,4.773525383158728
2.211438771431491,3.2020206802355653
2.6586071424184063,4.016136402511028
1.772786481316201,4.7730899013785075
2.3176280748944054,4.307333986704154
2.602433457361772,4.892884651412324
2.1201059030374143,4.661406290598744
1.7896685016567526,4.5403353693587185
2.3263846845622997,4.4815127261149215
2.236621304382863,3.2016899935361463
2.2692273274945136,3.3764718868564176
2.4435921734819144,4.4815127261149215
2.655108129174589,5.94226533008767
2.09144742642803,3.375815171016727
2.555659683046067,6.1742536936278185
2.505748445060809,5.708497778953465
2.2441419893554695,2.968229841305627
2.198000926794727,5.125990829147692
2.0443521906707733,4.016457774092153
2.3254736250179464,5.358640566086677
2.591669415538864,4.308421526764918
2.213987015188175,2.154163023401205
1.781634612947455,2.9111444676235645
1.8245599265228771,5.649952260478898
2.2210595450922646,4.7730899013785075
2.0628513511573,5.127076040428882
2.695097176123876,4.540144409433703
2.0565582707014927,2.6777192470866455
2.4065798594814045,4.4815127261149215
2.098884531425833,3.7831629652113428
2.1357266599572857,3.200656015405569
2.2640703295921467,3.784120093615998
1.887983134371421,3.3181080131885743
2.579146790535698,3.725567588802712
2.308485333306717,4.831777475407049
1.79325903686393,3.9583221208225003
2.6887640075353576,5.883056109434692
2.3958657387294204,5.0647229673518535
