provider_id,hospital_name,address,city,state,zipcode
10001,SOUTHEAST ALABAMA MEDICAL CENTER,1108 ROSS CLARK CIRCLE,DOTHAN,AL,36301
10005,MARSHALL MEDICAL CENTER SOUTH,2505 U S HIGHWAY 431 NORTH,BOAZ,AL,35957
10006,ELIZA COFFEE MEMORIAL HOSPITAL,205 MARENGO STREET,FLORENCE,AL,35631
10007,MIZELL MEMORIAL HOSPITAL,702 N MAIN ST,OPP,AL,36467
10008,CRENSHAW COMMUNITY HOSPITAL,101 HOSPITAL CIRCLE,LUVERNE,AL,36049
10011,ST VINCENT'S EAST,50 MEDICAL PARK EAST DRIVE,BIRMINGHAM,AL,35235
10012,DEKALB REGIONAL MEDICAL CENTER,200 MED CENTER DRIVE,FORT PAYNE,AL,35968
10016,SHELBY BAPTIST MEDICAL CENTER,1000 FIRST STREET NORTH,ALABASTER,AL,35007
10018,CALLAHAN EYE HOSPITAL,1720 UNIVERSITY BLVD,BIRMINGHAM,AL,35233
10019,HELEN KELLER MEMORIAL HOSPITAL,1300 SOUTH MONTGOMERY AVENUE,SHEFFIELD,AL,35660
10021,DALE MEDICAL CENTER,126 HOSPITAL AVE,OZARK,AL,36360
10022,CHEROKEE MEDICAL CENTER,400 NORTHWOOD DR,CENTRE,AL,35960
10023,BAPTIST MEDICAL CENTER SOUTH,2105 EAST SOUTH BOULEVARD,MONTGOMERY,AL,36116
10024,JACKSON HOSPITAL & CLINIC INC,1725 PINE STREET,MONTGOMERY,AL,36106
10029,EAST ALABAMA MEDICAL CENTER,2000 PEPPERELL PARKWAY,OPELIKA,AL,36801
10032,WEDOWEE HOSPITAL,209 NORTH MAIN STREET,WEDOWEE,AL,36278
10033,UNIVERSITY OF ALABAMA HOSPITAL,619 SOUTH 19TH STREET,BIRMINGHAM,AL,35233
10034,COMMUNITY HOSPITAL INC,805 FRIENDSHIP ROAD,TALLASSEE,AL,36078
10035,CULLMAN REGIONAL MEDICAL CENTER,1912 ALABAMA HIGHWAY 157,CULLMAN,AL,35058
10036,ANDALUSIA REGIONAL HOSPITAL,849 SOUTH THREE NOTCH STREET,ANDALUSIA,AL,36420
10038,STRINGFELLOW MEMORIAL HOSPITAL,301 EAST 18TH ST,ANNISTON,AL,36201
10039,HUNTSVILLE HOSPITAL,101 SIVLEY RD,HUNTSVILLE,AL,35801
10040,GADSDEN REGIONAL MEDICAL CENTER,1007 GOODYEAR AVENUE,GADSDEN,AL,35903
10044,MARION REGIONAL MEDICAL CENTER,1256 MILITARY STREET SOUTH,HAMILTON,AL,35570
10045,FAYETTE MEDICAL CENTER,1653 TEMPLE AVENUE NORTH,FAYETTE,AL,35555
10046,RIVERVIEW REGIONAL MEDICAL CENTER,600 SOUTH THIRD STREET,GADSDEN,AL,35901
10047,GEORGIANA MEDICAL CENTER,515 N MIRANDA AVENUE,GEORGIANA,AL,36033
10049,MEDICAL CENTER ENTERPRISE,400 N EDWARDS STREET,ENTERPRISE,AL,36330
10051,GREENE COUNTY HOSPITAL,509 WILSON AVENUE,EUTAW,AL,35462
10052,LAKE MARTIN COMMUNITY HOSPITAL,201 MARIARDEN ROAD,DADEVILLE,AL,36853
10055,FLOWERS HOSPITAL,4370 WEST MAIN STREET,DOTHAN,AL,36305
10056,ST VINCENT'S BIRMINGHAM,810 ST VINCENT'S DRIVE,BIRMINGHAM,AL,35205
10058,BIBB MEDICAL CENTER,208 PIERSON AVE,CENTREVILLE,AL,35042
10059,LAWRENCE MEDICAL CENTER,202 HOSPITAL STREET,MOULTON,AL,35650
10061,HIGHLANDS MEDICAL CENTER,380 WOODS COVE ROAD,SCOTTSBORO,AL,35768
10062,WIREGRASS MEDICAL CENTER,1200 W MAPLE AVENUE,GENEVA,AL,36340
10065,RUSSELL HOSPITAL,3316 HIGHWAY 280,ALEXANDER CITY,AL,35010
10069,MEDICAL CENTER BARBOUR,820 W WASHINGTON ST,EUFAULA,AL,36027
10073,CLAY COUNTY HOSPITAL,83825 HIGHWAY 9    P O BOX 1270,ASHLAND,AL,36251
10078,NORTHEAST ALABAMA REGIONAL MED CENTER,400 EAST 10TH STREET,ANNISTON,AL,36207
10079,ATHENS-LIMESTONE HOSPITAL,700 WEST MARKET STREET,ATHENS,AL,35611
10083,SOUTH BALDWIN REGIONAL MEDICAL CENTER,1613 NORTH MCKENZIE STREET,FOLEY,AL,36535
10085,DECATUR MORGAN HOSPITAL-DECATUR CAMPUS,1201 7TH STREET SE,DECATUR,AL,35601
10086,NORTHWEST MEDICAL CENTER,1530 U S HIGHWAY 43,WINFIELD,AL,35594
10087,UNIVERSITY OF SOUTH ALABAMA MEDICAL CENTER,2451 FILLINGIM STREET,MOBILE,AL,36617
10089,WALKER BAPTIST MEDICAL CENTER,3400 HIGHWAY 78 EAST,JASPER,AL,35502
10090,PROVIDENCE HOSPITAL,6801 AIRPORT BOULEVARD,MOBILE,AL,36608
10091,GROVE HILL MEMORIAL HOSPITAL,295 JACKSON HWY S,GROVE HILL,AL,36451
10092,D C H REGIONAL MEDICAL CENTER,809 UNIVERSITY BOULEVARD EAST,TUSCALOOSA,AL,35401
10095,HALE COUNTY HOSPITAL,508 GREEN STREET,GREENSBORO,AL,36744
10097,ELMORE COMMUNITY HOSPITAL,500 HOSPITAL DRIVE,WETUMPKA,AL,36092
10099,D W MCMILLAN MEMORIAL HOSPITAL,1301 BELLEVILLE AVENUE,BREWTON,AL,36426
10100,THOMAS HOSPITAL,750 MORPHY AVENUE,FAIRHOPE,AL,36532
10101,CITIZENS BAPTIST MEDICAL CENTER,604 STONE AVENUE,TALLADEGA,AL,35161
10102,J PAUL JONES HOSPITAL,317 MCWILLIAMS AVENUE,CAMDEN,AL,36726
10103,BAPTIST MEDICAL CENTER-PRINCETON,701 PRINCETON AVENUE SOUTHWEST,BIRMINGHAM,AL,35211
10104,GRANDVIEW MEDICAL CENTER,3690 GRANDVIEW PARKWAY,BIRMINGHAM,AL,35243
10108,PRATTVILLE BAPTIST HOSPITAL,124 S MEMORIAL DR,PRATTVILLE,AL,36067
10109,PICKENS COUNTY MEDICAL CENTER,241 ROBERT K WILSON DRIVE,CARROLLTON,AL,35447
10110,BULLOCK COUNTY HOSPITAL,102 WEST CONECUH AVENUE,UNION SPRINGS,AL,36089
10112,BRYAN W. WHITFIELD MEMORIAL HOSPITAL,105 HIGHWAY 80 EAST,DEMOPOLIS,AL,36732
10113,MOBILE INFIRMARY MEDICAL CENTER,5 MOBILE INFIRMARY CIRCLE,MOBILE,AL,36652
10114,"MEDICAL WEST, AN AFFILIATE OF UAB HEALTH SYSTEM",995 9TH AVENUE SOUTHWEST,BESSEMER,AL,35021
10118,VAUGHAN REGIONAL MEDICAL CENTER PARKWAY CAMPUS,1015 MEDICAL CENTER PARKWAY,SELMA,AL,36701
10120,MONROE COUNTY HOSPITAL,"2016 SOUTH ALABAMA AVENUE, BOX 886",MONROEVILLE,AL,36460
10125,LAKELAND COMMUNITY HOSPITAL,42024 HIGHWAY 195 E,HALEYVILLE,AL,35565
10126,TROY REGIONAL MEDICAL CENTER,1330 HIGHWAY 231 SOUTH,TROY,AL,36081
10128,JACKSON MEDICAL CENTER,220 HOSPITAL DRIVE,JACKSON,AL,36545
10129,NORTH BALDWIN INFIRMARY,1815 HAND AVENUE,BAY MINETTE,AL,36507
10130,ST VINCENT'S ST CLAIR,7063 VETERANS PARKWAY,PELL CITY,AL,35125
10131,CRESTWOOD MEDICAL CENTER,ONE HOSPITAL DR SE,HUNTSVILLE,AL,35801
10138,HILL HOSPITAL OF SUMTER COUNTY,751 DERBY DRIVE,YORK,AL,36925
10139,BROOKWOOD MEDICAL CENTER,2010 BROOKWOOD MEDICAL CENTER DRIVE,BIRMINGHAM,AL,35209
10144,SPRINGHILL MEMORIAL HOSPITAL,3719 DAUPHIN STREET,MOBILE,AL,36608
10146,RMC JACKSONVILLE,1701 SOUTH PELHAM ROAD,JACKSONVILLE,AL,36265
10148,EVERGREEN MEDICAL CENTER,101 CRESTVIEW AVENUE,EVERGREEN,AL,36401
10149,BAPTIST MEDICAL CENTER EAST,400 TAYLOR ROAD,MONTGOMERY,AL,36117
10150,L V STABLER MEMORIAL HOSPITAL,29 L V STABLER DRIVE,GREENVILLE,AL,36037
10157,SHOALS HOSPITAL,201 WEST AVALON AVENUE,MUSCLE SHOALS,AL,35661
10158,RUSSELLVILLE HOSPITAL,15155 HIGHWAY 43,RUSSELLVILLE,AL,35653
10164,COOSA VALLEY MEDICAL CENTER,315 W HICKORY ST,SYLACAUGA,AL,35150
10168,JACK HUGHSTON MEMORIAL HOSPITAL,4401 RIVER CHASE DRIVE,PHENIX CITY,AL,36867
10169,ATMORE COMMUNITY HOSPITAL,401 MEDICAL PARK DRIVE,ATMORE,AL,36502
11300,WASHINGTON COUNTY HOSPITAL,14600 ST. STEPHENS AVENUE,CHATOM,AL,36518
11302,RED BAY HOSPITAL,211 HOSPITAL ROAD,RED BAY,AL,35582
11304,CHOCTAW GENERAL HOSPITAL,"401 VANITY FAIR LANE, PO BOX 618",BUTLER,AL,36904
11305,ST VINCENTS BLOUNT,150 GILBREATH DRIVE,ONEONTA,AL,35121
13301,UNIVERSITY OF S A CHILDREN'S AND WOMEN'S HOS,1700 CENTER STREET,MOBILE,AL,36604
20001,PROVIDENCE ALASKA MEDICAL CENTER,BOX 196604,ANCHORAGE,AK,99508
20006,MAT-SU REGIONAL MEDICAL CENTER,2500 SOUTH WOODWORTH LOOP,PALMER,AK,99645
20008,BARTLETT REGIONAL HOSPITAL,3260 HOSPITAL DR,JUNEAU,AK,99801
20012,FAIRBANKS MEMORIAL HOSPITAL,1650 COWLES STREET,FAIRBANKS,AK,99701
20017,ALASKA REGIONAL HOSPITAL,2801 DEBARR ROAD,ANCHORAGE,AK,99508
20018,YUKON KUSKOKWIM DELTA REG HOSPITAL,PO BOX 287,BETHEL,AK,99559
20024,CENTRAL PENINSULA GENERAL HOSPITAL,250 HOSPITAL PLACE,SOLDOTNA,AK,99669
20026,ALASKA NATIVE MEDICAL CENTER,4315 DIPLOMACY DR,ANCHORAGE,AK,99508
21301,PROVIDENCE VALDEZ MEDICAL CENTER,PO BOX 550,VALDEZ,AK,99686
21302,PROVIDENCE SEWARD HOSPITAL,"417 FIRST AVENUE, PO BOX 365",SEWARD,AK,99664
21303,SITKA COMMUNITY HOSPITAL,209 MOLLER DRIVE,SITKA,AK,99835
21304,PETERSBURG MEDICAL CENTER, PO BOX 589,PETERSBURG,AK,99833
21305,WRANGELL MEDICAL CENTER,310 BENNETT STREET PO BOX 1081,WRANGELL,AK,99929
21306,PROVIDENCE KODIAK ISLAND MEDICAL CTR,1915 EAST REZANOF DRIVE,KODIAK,AK,99615
21307,CORDOVA COMMUNITY MEDICAL CENTER,PO BOX 160 - 602 CHASE AVENUE,CORDOVA,AK,99574
21308,NORTON SOUND REGIONAL HOSPITAL,1000 GREG KRUSCHEK AVENUE (P O BOX 966),NOME,AK,99762
21309,KANAKANAK HOSPITAL,P O BOX 130,DILLINGHAM,AK,99576
21311,PEACEHEALTH KETCHIKAN MEDICAL CENTER,3100 TONGASS AVENUE,KETCHIKAN,AK,99901
21312,SAMUEL SIMMONDS MEMORIAL HOSPITAL,7000 UULA ST,BARROW,AK,99723
21313,SOUTH PENINSULA HOSPITAL,4300 BARTLETT ST,HOMER,AK,99603
30001,ABRAZO MARYVALE CAMPUS,5102 WEST CAMPBELL AVENUE,PHOENIX,AZ,85031
30002,BANNER - UNIVERSITY MEDICAL CENTER PHOENIX,1111 EAST MCDOWELL ROAD,PHOENIX,AZ,85006
30006,TUCSON MEDICAL CENTER,5301 EAST GRANT ROAD,TUCSON,AZ,85712
30007,VERDE VALLEY MEDICAL CENTER,269 SOUTH CANDY LANE,COTTONWOOD,AZ,86326
30010,ST. MARY'S HOSPITAL,1601 WEST ST MARY'S ROAD,TUCSON,AZ,85745
30011,ST JOSEPH'S HOSPITAL,350 NORTH WILMOT ROAD,TUCSON,AZ,85711
30012,YAVAPAI REGIONAL MEDICAL CENTER,1003 WILLOW CREEK ROAD,PRESCOTT,AZ,86301
30013,YUMA REGIONAL MEDICAL CENTER,2400 SOUTH AVENUE A,YUMA,AZ,85364
30014,JOHN C. LINCOLN MEDICAL CENTER,250 EAST DUNLAP AVENUE,PHOENIX,AZ,85020
30016,BANNER CASA GRANDE MEDICAL CENTER,1800 EAST FLORENCE BOULEVARD,CASA GRANDE,AZ,85222
30022,MARICOPA MEDICAL CENTER,2601 EAST ROOSEVELT STREET,PHOENIX,AZ,85008
30023,FLAGSTAFF MEDICAL CENTER,1200 NORTH BEAVER STREET,FLAGSTAFF,AZ,86001
30024,ST. JOSEPH'S HOSPITAL AND MEDICAL CENTER,350 WEST THOMAS ROAD,PHOENIX,AZ,85013
30030,ABRAZO CENTRAL CAMPUS,2000 WEST BETHANY HOME ROAD,PHOENIX,AZ,85015
30033,BANNER PAYSON MEDICAL CENTER,807 SOUTH PONDEROSA DRIVE,PAYSON,AZ,85541
30036,CHANDLER REGIONAL MEDICAL CENTER,1955 WEST FRYE ROAD,CHANDLER,AZ,85224
30037,ST LUKE'S MEDICAL CENTER,1800 EAST VAN BUREN STREET,PHOENIX,AZ,85006
30038,SCOTTSDALE OSBORN MEDICAL CENTER,7400 EAST OSBORN ROAD,SCOTTSDALE,AZ,85251
30043,CANYON VISTA MEDICAL CENTER,5700 EAST HIGHWAY 90,SIERRA VISTA,AZ,85635
30055,KINGMAN REGIONAL MEDICAL CENTER,3269 STOCKTON HILL ROAD,KINGMAN,AZ,86409
30061,BANNER BOSWELL MEDICAL CENTER,10401 WEST THUNDERBIRD BOULEVARD,SUN CITY,AZ,85351
30062,SUMMIT HEALTHCARE REGIONAL MEDICAL CENTER,2200 EAST SHOW LOW LAKE ROAD,SHOW LOW,AZ,85901
30064,BANNER-UNIVERSITY MEDICAL CENTER TUCSON CAMPUS,1501 NORTH CAMPBELL AVENUE,TUCSON,AZ,85724
30065,BANNER DESERT MEDICAL CENTER,1400 SOUTH  DOBSON ROAD,MESA,AZ,85202
30068,MT. GRAHAM REGIONAL MEDICAL CENTER,1600 SOUTH 20TH AVENUE,SAFFORD,AZ,85546
30069,HAVASU REGIONAL MEDICAL CENTER,101 CIVIC CENTER LANE,LAKE HAVASU CITY,AZ,86403
30071,FORT DEFIANCE INDIAN HOSPITAL,PO BOX 649,FORT DEFIANCE,AZ,86504
30073,TUBA CITY REGIONAL HEALTH CARE CORPORATION,PO BOX 600,TUBA CITY,AZ,86045
30074,SELLS INDIAN HEALTH SERVICE HOSPITAL,PO BOX 548,SELLS,AZ,85634
30077,SAN CARLOS APACHE HEALTHCARE,103 MEDICINE WAY ROAD,PERIDOT,AZ,85542
30078,PHOENIX INDIAN MEDICAL CENTER,4212 NORTH 16TH STREET,PHOENIX,AZ,85016
30083,ABRAZO SCOTTSDALE CAMPUS,3929 EAST BELL ROAD,PHOENIX,AZ,85032
30084,CHINLE COMPREHENSIVE HEALTH CARE FACILITY,"US HWY 191, HOSPITAL ROAD",CHINLE,AZ,86503
30085,NORTHWEST MEDICAL CENTER,6200 NORTH LA CHOLLA BOULEVARD,TUCSON,AZ,85741
30087,SCOTTSDALE SHEA MEDICAL CENTER,9003 EAST SHEA BOULEVARD,SCOTTSDALE,AZ,85260
30088,BANNER BAYWOOD MEDICAL CENTER,6644 EAST BAYWOOD AVENUE,MESA,AZ,85206
30089,BANNER THUNDERBIRD MEDICAL CENTER,5555 WEST THUNDERBIRD ROAD,GLENDALE,AZ,85306
30092,HONORHEALTH DEER VALLEY MEDICAL CENTER,19829 NORTH 27TH AVENUE,PHOENIX,AZ,85027
30093,BANNER DEL E WEBB MEDICAL CENTER,14502 WEST MEEKER BOULEVARD,SUN CITY WEST,AZ,85375
30094,ABRAZO ARROWHEAD CAMPUS,18701 NORTH 67TH AVENUE,GLENDALE,AZ,85308
30101,WESTERN ARIZONA REGIONAL MEDICAL CENTER,2735 SILVER CREEK ROAD,BULLHEAD CITY,AZ,86442
30103,MAYO CLINIC HOSPITAL,5777 EAST MAYO BOULEVARD,PHOENIX,AZ,85054
30105,BANNER HEART HOSPITAL,6750 EAST BAYWOOD AVENUE,MESA,AZ,85206
30107,ARIZONA SPINE AND JOINT HOSPITAL,4620 EAST BASELINE ROAD,MESA,AZ,85206
30108,"CORE INSTITUTE SPECIALTY HOSPITAL, THE",6501 NORTH 19TH AVENUE,PHOENIX,AZ,85015
30110,ABRAZO WEST CAMPUS,13677 WEST MCDOWELL ROAD,GOODYEAR,AZ,85395
30111,BANNER-UNIVERSITY MEDICAL CENTER SOUTH CAMPUS,2800 EAST AJO WAY,TUCSON,AZ,85713
30112,ARIZONA ORTHOPEDIC AND SURGICAL SPECIALITY HOSP,2905 WEST WARNER ROAD,CHANDLER,AZ,85224
30113,WHITERIVER PHS INDIAN HOSPITAL,200 WEST HOSPITAL DRIVE  (PO BOX 860),WHITERIVER,AZ,85941
30114,ORO VALLEY HOSPITAL,1551 EAST TANGERINE ROAD,ORO VALLEY,AZ,85755
30115,BANNER ESTRELLA MEDICAL CENTER,9201 WEST THOMAS ROAD,PHOENIX,AZ,85037
30117,VALLEY VIEW MEDICAL CENTER,5330 SOUTH HIGHWAY 95,FORT MOHAVE,AZ,86426
30118,YAVAPAI REGIONAL MEDICAL CENTER-EAST CAMPUS,7700 EAST FLORENTINE ROAD,PRESCOTT VALLEY,AZ,86314
30119,MERCY GILBERT MEDICAL CENTER,3555 SOUTH VAL VISTA DRIVE,GILBERT,AZ,85296
30120,GILBERT HOSPITAL,5656 SOUTH POWER ROAD,GILBERT,AZ,85295
30121,"MOUNTAIN VISTA MEDICAL CENTER, LP",1301 SOUTH CRISMON ROAD,MESA,AZ,85209
30122,BANNER GATEWAY MEDICAL CENTER,1900 NORTH HIGLEY ROAD,GILBERT,AZ,85234
30123,SCOTTSDALE THOMPSON PEAK MEDICAL CENTER,7400 EAST THOMPSON PEAK PARKWAY,SCOTTSDALE,AZ,85255
30130,BANNER IRONWOOD MEDICAL CENTER,37000 NORTH GANTZEL ROAD,SAN TAN VALLEY,AZ,85140
30131,"SOUTHWEST ORTHOPEDIC AND SPINE HOSPITAL, LLC",750 NORTH 40TH STREET,PHOENIX,AZ,85008
30132,"FLORENCE HOSPITAL AT ANTHEM, LLC",4545 NORTH HUNT HIGHWAY,FLORENCE,AZ,85132
30134,BANNER GOLDFIELD MEDICAL CENTER,2050 WEST SOUTHERN AVENUE,APACHE JUNCTION,AZ,85120
30136,DIGNITY HEALTH - ARIZONA GENERAL HOSPITAL,7171 SOUTH 51ST AVENUE,LAVEEN,AZ,85339
30137,GREEN VALLEY HOSPITAL,4455 SOUTH I-19 FRONTAGE ROAD,GREEN VALLEY,AZ,85614
31300,WICKENBURG COMMUNITY HOSPITAL,520 ROSE LANE,WICKENBURG,AZ,85390
31301,BENSON HOSPITAL,450 SOUTH OCOTILLO AVENUE,BENSON,AZ,85602
31302,NORTHERN COCHISE COMMUNITY HOSPITAL,901 WEST REX ALLEN DRIVE,WILLCOX,AZ,85643
31304,PAGE HOSPITAL,501 NORTH NAVAJO DRIVE,PAGE,AZ,86040
31305,HOPI HEALTH CARE CENTER,"HIGHWAY 264, MILEPOST 388",POLACCA,AZ,86042
31309,SAGE MEMORIAL HOSPITAL,STATE ROUTE 264 SOUTH 191 PO BOX 457,GANADO,AZ,86505
31311,LITTLE COLORADO MEDICAL CENTER,1501 NORTH WILLIAMSON AVENUE,WINSLOW,AZ,86047
31312,COPPER QUEEN COMMUNITY HOSPITAL,101 COLE AVENUE,BISBEE,AZ,85603
31313,HOLY CROSS HOSPITAL,1171 WEST TARGET RANGE ROAD,NOGALES,AZ,85621
31314,COBRE VALLEY REGIONAL MEDICAL CENTER,5880 SOUTH HOSPITAL DRIVE,GLOBE,AZ,85501
31315,WHITE MOUNTAIN REGIONAL MEDICAL CENTER,118 SOUTH MOUNTAIN AVENUE,SPRINGERVILLE,AZ,85938
31317,LA PAZ REGIONAL HOSPITAL,1200 WEST MOHAVE ROAD,PARKER,AZ,85344
33302,PHOENIX CHILDREN'S HOSPITAL,1919 EAST THOMAS ROAD,PHOENIX,AZ,85016
40001,SILOAM SPRINGS REGIONAL HOSPITAL,603 NORTH PROGRESS AVENUE,SILOAM SPRINGS,AR,72761
40002,JOHNSON REGIONAL MEDICAL CENTER,1100 EAST POPLAR STREET,CLARKSVILLE,AR,72830
40004,WASHINGTON REGIONAL MEDICAL CENTER,3215 N NORTH HILLS BOULEVARD,FAYETTEVILLE,AR,72703
40007,CHI-ST VINCENT INFIRMARY,TWO ST VINCENT CIRCLE,LITTLE ROCK,AR,72205
40010,MERCY HOSPITAL NORTHWEST ARKANSAS,2710 SOUTH RIFE MEDICAL LANE,ROGERS,AR,72758
40011,CHAMBERS MEMORIAL HOSPITAL,719 DETROIT STREET,DANVILLE,AR,72833
40014,WHITE COUNTY MEDICAL CENTER,3214 EAST RACE AVENUE,SEARCY,AR,72143
40015,MENA REGIONAL HEALTH SYSTEM,311 NORTH MORROW STREET,MENA,AR,71953
40016,UAMS MEDICAL CENTER,4301 WEST MARKHAM STREET MAIL SLOT 612,LITTLE ROCK,AR,72205
40017,NORTH ARKANSAS REGIONAL MEDICAL CENTER,620 NORTH MAIN STREET,HARRISON,AR,72601
40018,SPARKS MEDICAL CENTER - VAN BUREN,EAST MAIN AND SOUTH 20TH STREET,VAN BUREN,AR,72956
40019,FORREST CITY MEDICAL CENTER,1601 NEWCASTLE ROAD,FORREST CITY,AR,72335
40020,ST BERNARDS MEDICAL CENTER,225 E JACKSON,JONESBORO,AR,72401
40022,NORTHWEST MEDICAL CENTER-SPRINGDALE,609 WEST MAPLE AVENUE,SPRINGDALE,AR,72764
40026,CHI ST. VINCENT HOSPITAL HOT SPRINGS,300 WERNER STREET,HOT SPRINGS,AR,71903
40027,BAXTER REGIONAL MEDICAL CENTER,624 HOSPITAL DRIVE,MOUNTAIN HOME,AR,72653
40029,CONWAY REGIONAL MEDICAL CENTER,2302 COLLEGE AVENUE,CONWAY,AR,72034
40036,BAPTIST HEALTH MEDICAL CENTER NORTH LITTLE ROCK,3333 SPRINGHILL DRIVE,NORTH LITTLE ROCK,AR,72117
40039,ARKANSAS METHODIST MEDICAL CENTER,900 WEST KINGSHIGHWAY,PARAGOULD,AR,72450
40041,ST MARYS REGIONAL MEDICAL CENTER,1808 WEST MAIN STREET,RUSSELLVILLE,AR,72801
40047,FIVE RIVERS MEDICAL CENTER,2801 MEDICAL CENTER DRIVE,POCAHONTAS,AR,72455
40050,OUACHITA COUNTY MEDICAL CENTER,638 CALIFORNIA AVENUE,CAMDEN,AR,71701
40051,DREW MEMORIAL HOSPITAL,778 SCOGIN DRIVE,MONTICELLO,AR,71655
40055,SPARKS REGIONAL MEDICAL CENTER,1001 TOWSON AVENUE,FORT SMITH,AR,72902
40062,ST EDWARD MERCY MEDICAL CENTER,7301 ROGERS AVE,FORT SMITH,AR,72917
40067,MAGNOLIA HOSPITAL,101 HOSPITAL DRIVE,MAGNOLIA,AR,71754
40069,GREAT RIVER MEDICAL CENTER,1520 N DIVISION STREET,BLYTHEVILLE,AR,72315
40071,JEFFERSON REGIONAL MEDICAL CENTER,1600 WEST 40TH AVENUE,PINE BLUFF,AR,71603
40072,BAPTIST HEALTH MEDICAL CENTER-STUTTGART,1703 NORTH BUERKLE ST,STUTTGART,AR,72160
40074,NORTH METRO MEDICAL CENTER,1400 BRADEN STREET,JACKSONVILLE,AR,72076
40076,BAPTIST HEALTH MEDICAL CENTER-HOT SPRINGS COUNTY,1001 SCHNEIDER DRIVE,MALVERN,AR,72104
40078,NATIONAL PARK MEDICAL CENTER,1910 MALVERN AVENUE,HOT SPRINGS,AR,71901
40084,SALINE MEMORIAL HOSPITAL,#1 MEDICAL PARK DRIVE,BENTON,AR,72015
40085,HELENA REGIONAL MEDICAL CENTER,1801 MARTIN LUTHER KING JR DRIVE,HELENA,AR,72342
40088,MEDICAL CENTER SOUTH ARKANSAS,700 WEST GROVE STREET,EL DORADO,AR,71731
40114,BAPTIST HEALTH MEDICAL CENTER-LITTLE ROCK,"9601 INTERSTATE 630, EXIT 7",LITTLE ROCK,AR,72205
40118,NEA BAPTIST MEMORIAL HOSPITAL,4800 EAST JOHNSON AVENUE,JONESBORO,AR,72401
40119,WHITE RIVER MEDICAL CENTER,1710 HARRISON STREET,BATESVILLE,AR,72503
40132,LEVI HOSPITAL,300 PROSPECT AVE,HOT SPRINGS,AR,71901
40134,"ARKANSAS HEART HOSPITAL, LLC",1701 S SHACKLEFORD ROAD,LITTLE ROCK,AR,72211
40137,ST VINCENT MEDICAL CENTER/NORTH,2215 WILDWOOD AVENUE,SHERWOOD,AR,72120
40147,ARKANSAS SURGICAL HOSPITAL,5201 NORTH SHORE DRIVE,NO LITTLE ROCK,AR,72118
40152,PHYSICIANS' SPECIALTY HOSPITAL,3873 NORTH PARKVIEW DRIVE,FAYETTEVILLE,AR,72703
40153,WADLEY REGIONAL MEDICAL CENTER AT HOPE,2001 SOUTH MAIN,HOPE,AR,71801
41300,NORTH LOGAN MERCY HOSPITAL,500 EAST ACADEMY,PARIS,AR,72855
41302,RIVER VALLEY MEDICAL CENTER,200 NORTH THIRD STREET,DARDANELLE,AR,72834
41303,MERCY HOSPITAL TURNER MEMORIAL,801 WEST RIVER STREET,OZARK,AR,72949
41304,"EUREKA SPRINGS HOSPITAL, LLC",24 NORRIS STREET,EUREKA SPRINGS,AR,72632
41305,MERCY HOSPITAL WALDRON,1341 WEST SIXTH STREET,WALDRON,AR,72958
41306,COMMUNITY MEDICAL CENTER IZARD COUNTY,103 GRASSE STREET,CALICO ROCK,AR,72519
41307,CROSSRIDGE COMMUNITY HOSPITAL,310 SOUTH FALLS BOULEVARD,WYNNE,AR,72396
41308,MCGEHEE HOSPITAL,900 SOUTH THIRD STREET,MCGEHEE,AR,71654
41309,LAWRENCE MEMORIAL HOSPITAL,1309 WEST MAIN,WALNUT RIDGE,AR,72476
41310,STONE COUNTY MEDICAL CENTER,2106 EAST MAIN STREET,MOUNTAIN VIEW,AR,72560
41311,HOWARD MEMORIAL HOSPITAL,130 MEDICAL CIRCLE,NASHVILLE,AR,71852
41312,BAPTIST HEALTH MEDICAL CENTER HEBER SPINGS,1800 BYPASS ROAD,HEBER SPRINGS,AR,72543
41313,OZARK HEALTH,2500 HIGHWAY 65 SOUTH,CLINTON,AR,72031
41314,"DEWITT HOSPITAL & NURSING HOME, INC",1641 WHITEHEAD DRIVE,DE WITT,AR,72042
41316,SOUTH MISSISSISSPI COUNTY REGIONAL MEDICAL CENTER,611 WEST LEE AVENUE,OSCEOLA,AR,72370
41317,DALLAS COUNTY MEDICAL CENTER,201 CLIFTON STREET,FORDYCE,AR,71742
41318,MERCY HOSPITAL BOONEVILLE,880 WEST MAIN,BOONEVILLE,AR,72927
41319,"DE QUEEN MEDICAL CENTER, INC",1306 WEST COLLIN RAYE DRIVE,DE QUEEN,AR,71832
41320,LITTLE RIVER MEMORIAL HOSPITAL,451 WEST LOCKE STREET,ASHDOWN,AR,71822
41321,BAPTIST HEALTH MEDICAL CENTER-ARKADELPHIA,3050 TWIN RIVERS DRIVE,ARKADELPHIA,AR,71923
41322,FULTON COUNTY HOSPITAL,679 NORTH MAIN STREET,SALEM,AR,72576
41323,ASHLEY COUNTY MEDICAL CENTER,1015 UNITY ROAD,CROSSETT,AR,71635
41324,CHI ST VINCENT MORRILTON,#4 HOSPITAL DRIVE,MORRILTON,AR,72110
41326,DELTA MEMORIAL HOSPITAL,811 HIGHWAY 65 SOUTH,DUMAS,AR,71639
41327,BRADLEY COUNTY MEDICAL CENTER,404 SOUTH BRADLEY STREET,WARREN,AR,71671
41328,CHICOT MEMORIAL MEDICAL CENTER,2729 SOUTH HIGHWAY 65 & 82,LAKE VILLAGE,AR,71653
41329,MERCY HOSPITAL BERRYVILLE,214 CARTER STREET,BERRYVILLE,AR,72616
41330,PIGGOTT COMMUNITY HOSPITAL,1206 GORDON DUCKWORTH DRIVE,PIGGOTT,AR,72454
41331,OZARKS COMMUNITY HOSPITAL OF GRAVETTE,1101 JACKSON STREET SW,GRAVETTE,AR,72736
43300,ARKANSAS CHILDREN'S HOSPITAL,"1 CHILDREN''S WAY, SLOT 301",LITTLE ROCK,AR,72202
50002,ST ROSE HOSPITAL,27200 CALAROGA AVE,HAYWARD,CA,94545
50006,ST JOSEPH HOSPITAL,2700 DOLBEER ST,EUREKA,CA,95501
50007,MILLS-PENINSULA MEDICAL CENTER,1501 TROUSDALE DRIVE,BURLINGAME,CA,94010
50008,CALIFORNIA PACIFIC MEDICAL CTR-DAVIES CAMPUS HOSP,601 DUBOCE AVE,SAN FRANCISCO,CA,94117
50009,QUEEN OF THE VALLEY MEDICAL CENTER,1000 TRANCAS ST,NAPA,CA,94558
50013,ST HELENA HOSPITAL,10 WOODLAND ROAD,SAINT HELENA,CA,94574
50014,SUTTER AMADOR HOSPITAL,200 MISSION BLVD,JACKSON,CA,95642
50017,MERCY GENERAL HOSPITAL,4001 J ST,SACRAMENTO,CA,95819
50018,PACIFIC ALLIANCE MEDICAL CENTER,531 W COLLEGE ST,LOS ANGELES,CA,90012
50022,RIVERSIDE COMMUNITY HOSPITAL,4445 MAGNOLIA AVENUE,RIVERSIDE,CA,92501
50024,PARADISE VALLEY HOSPITAL,2400 EAST 4TH ST,NATIONAL CITY,CA,91950
50025,UNIVERSITY OF CALIFORNIA SAN DIEGO MEDICAL CENTER,200 WEST ARBOR DRIVE,SAN DIEGO,CA,92103
50026,GROSSMONT HOSPITAL,5555 GROSSMONT CENTER DRIVE BOX 58,LA MESA,CA,91942
50028,MAD RIVER COMMUNITY HOSPITAL,3800 JANES RD,ARCATA,CA,95521
50030,OROVILLE HOSPITAL,2767 OLIVE HIGHWAY,OROVILLE,CA,95966
50036,BAKERSFIELD MEMORIAL HOSPITAL,420 34TH ST BOX 1888,BAKERSFIELD,CA,93301
50038,SANTA CLARA VALLEY MEDICAL CENTER,751 SOUTH BASCOM AVENUE,SAN JOSE,CA,95128
50039,ENLOE MEDICAL CENTER,1531 ESPLANADE,CHICO,CA,95926
50040,LAC/OLIVE VIEW-UCLA MEDICAL CENTER,14445 OLIVE VIEW DRIVE,SYLMAR,CA,91342
50042,ST ELIZABETH COMMUNITY HOSPITAL,2550 SISTER MARY COLUMBA DRIVE,RED BLUFF,CA,96080
50043,ALTA BATES SUMMIT MEDICAL CENTER,350 HAWTHORNE AVENUE,OAKLAND,CA,94609
50045,EL CENTRO REGIONAL MEDICAL CENTER,1415 ROSS AVENUE,EL CENTRO,CA,92243
50047,CALIFORNIA PACIFIC MEDICAL CTR-PACIFIC CAMPUS HOSP,2333 BUCHANAN STREET,SAN FRANCISCO,CA,94115
50054,SAN GORGONIO MEMORIAL HOSPITAL,600 NORTH HIGHLAND SPRINGS AVENUE,BANNING,CA,92220
50055,CALIFORNIA PACIFIC MEDICAL CTR - ST. LUKE'S CAMPUS,3555 CESAR CHAVEZ STREET,SAN FRANCISCO,CA,94110
50056,ANTELOPE VALLEY HOSPITAL,1600 W AVE J,LANCASTER,CA,93534
50057,KAWEAH DELTA MEDICAL CENTER,400 W MINERAL KING AVE,VISALIA,CA,93291
50058,GLENDALE MEM HOSPITAL & HLTH CENTER,1420 S CENTRAL AVE,GLENDALE,CA,91204
50060,COMMUNITY REGIONAL MEDICAL CENTER,2823 FRESNO STREET,FRESNO,CA,93721
50063,HOLLYWOOD PRESBYTERIAN MEDICAL CENTER,1300 N VERMONT AVE,LOS ANGELES,CA,90027
50067,OAK VALLEY HOSPITAL DISTRICT,350 S OAK AVE,OAKDALE,CA,95361
50069,ST JOSEPH HOSPITAL,1100 WEST STEWART DR,ORANGE,CA,92868
50070,KAISER FOUNDATION HOSPITAL - SOUTH SAN FRANCISCO,1200 EL CAMINO REAL,SOUTH SAN FRANCISCO,CA,94080
50071,KAISER FOUNDATION HOSPITAL-SANTA CLARA,700 LAWRENCE EXPRESSWAY,SANTA CLARA,CA,95051
50072,KAISER FOUNDATION HOSPITAL - WALNUT CREEK,1425 S MAIN STREET,WALNUT CREEK,CA,94596
50073,KAISER FOUNDATION HOSPITAL AND REHAB CENTER,975 SERENO DR,VALLEJO,CA,94589
50075,KAISER FOUNDATION HOSPITAL - OAKLAND/RICHMOND,275 W MACARTHUR BOULEVARD,OAKLAND,CA,94611
50076,KAISER FOUNDATION HOSPITAL - SAN FRANCISCO,2425 GEARY BLVD,SAN FRANCISCO,CA,94115
50077,SCRIPPS MERCY HOSPITAL,4077 5TH AVE,SAN DIEGO,CA,92103
50078,PROVIDENCE LITTLE CO OF MARY MED CTR SAN PEDRO,1300 W 7TH ST,SAN PEDRO,CA,90732
50082,ST JOHNS REGIONAL MEDICAL CENTER,1600 N ROSE AVE,OXNARD,CA,93030
50084,ST JOSEPH'S MEDICAL CENTER OF STOCKTON,1800 N CALIFORNIA ST,STOCKTON,CA,95204
50089,COMMUNITY HOSPITAL OF SAN BERNARDINO,1805 MEDICAL CENTER DRIVE,SAN BERNARDINO,CA,92411
50090,SONOMA VALLEY HOSPITAL,347 ANDRIEUX ST,SONOMA,CA,95476
50091,COMMUNITY HOSPITAL OF HUNTINGTON PARK,2623 E SLAUSON AVE,HUNTINGTON PARK,CA,90255
50093,SAINT AGNES MEDICAL CENTER,1303 E HERNDON AVE,FRESNO,CA,93710
50096,WEST COVINA MEDICAL CENTER,725 S ORANGE AVE,WEST COVINA,CA,91790
50099,SAN ANTONIO REGIONAL HOSPITAL,999 SAN BERNARDINO ROAD,UPLAND,CA,91786
50100,SHARP MEMORIAL HOSPITAL,7901 FROST ST,SAN DIEGO,CA,92123
50101,SUTTER SOLANO MEDICAL CENTER,300 HOSPITAL DR,VALLEJO,CA,94589
50102,PARKVIEW COMMUNITY HOSPITAL MEDICAL CENTER,3865 JACKSON STREET,RIVERSIDE,CA,92503
50103,WHITE MEMORIAL MEDICAL CENTER,1720 E CESAR AVENUE,LOS ANGELES,CA,90033
50104,SAINT FRANCIS MEDICAL CENTER,3630 EAST IMPERIAL HIGHWAY,LYNWOOD,CA,90262
50107,MARIAN REGIONAL MEDICAL CENTER,1400 E CHURCH ST,SANTA MARIA,CA,93454
50108,"SUTTER MEDICAL CENTER, SACRAMENTO",2825 CAPITOL AVENUE,SACRAMENTO,CA,95816
50110,LOMPOC VALLEY MEDICAL CENTER,1515 E OCEAN AVENUE,LOMPOC,CA,93436
50112,SANTA MONICA - UCLA MED CTR & ORTHOPAEDIC HOSPITAL,1250 16TH STREET,SANTA MONICA,CA,90404
50113,SAN MATEO MEDICAL CENTER,222 W 39TH AVE,SAN MATEO,CA,94403
50115,PALOMAR HEALTH DOWNTOWN CAMPUS,555 E VALLEY PARKWAY,ESCONDIDO,CA,92025
50116,NORTHRIDGE HOSPITAL MEDICAL CENTER,18300 ROSCOE BLVD,NORTHRIDGE,CA,91325
50118,DOCTORS HOSPITAL OF MANTECA,1205 E NORTH STREET,MANTECA,CA,95336
50121,ADVENTIST MEDICAL CENTER,115 MALL DRIVE,HANFORD,CA,93230
50122,DAMERON HOSPITAL,525 WEST ACACIA STREET,STOCKTON,CA,95203
50124,USC VERDUGO HILLS HOSPITAL,1812 VERDUGO BLVD,GLENDALE,CA,91209
50125,REGIONAL MEDICAL CENTER OF SAN JOSE,225 N JACKSON AVENUE,SAN JOSE,CA,95116
50126,VALLEY PRESBYTERIAN HOSPITAL,15107 VANOWEN ST,VAN NUYS,CA,91406
50127,WOODLAND MEMORIAL HOSPITAL,1325 COTTONWOOD STREET,WOODLAND,CA,95695
50128,TRI-CITY MEDICAL CENTER,4002 VISTA WAY,OCEANSIDE,CA,92056
50129,ST BERNARDINE MEDICAL CENTER,2101 N WATERMAN AVE,SAN BERNARDINO,CA,92404
50131,NOVATO COMMUNITY HOSPITAL,180 ROWLAND WAY,NOVATO,CA,94945
50132,SAN GABRIEL VALLEY MEDICAL CENTER,438 W LAS TUNAS DRIVE,SAN GABRIEL,CA,91776
50133,RIDEOUT MEMORIAL HOSPITAL,726 4TH ST,MARYSVILLE,CA,95901
50135,SOUTHERN CALIFORNIA HOSPITAL AT HOLLYWOOD,6245 DE LONGPRE AVE,HOLLYWOOD,CA,90028
50136,PETALUMA VALLEY HOSPITAL,400 N MCDOWELL BLVD,PETALUMA,CA,94954
50137,KAISER FOUNDATION HOSPITAL - PANORAMA CITY,13652 CANTARA ST,PANORAMA CITY,CA,91402
50138,KAISER FOUNDATION HOSPITAL - LOS ANGELES,4867 SUNSET BLVD,LOS ANGELES,CA,90027
50139,KAISER FOUNDATION HOSPITAL - DOWNEY,9333 IMPERIAL HIGHWAY,DOWNEY,CA,90242
50140,KAISER FOUNDATION HOSPITAL FONTANA,9961 SIERRA AVE,FONTANA,CA,92335
50145,COMMUNITY HOSPITAL OF THE MONTEREY PENINSULA,23625 W R HOLMAN HIGHWAY,MONTEREY,CA,93940
50149,CALIFORNIA HOSPITAL MEDICAL CENTER LA,1401 SOUTH GRAND AVENUE,LOS ANGELES,CA,90015
50150,SIERRA NEVADA MEMORIAL HOSPITAL,155 GLASSON WAY,GRASS VALLEY,CA,95945
50152,SAINT FRANCIS MEMORIAL HOSPITAL,900 HYDE ST,SAN FRANCISCO,CA,94109
50153,O'CONNOR HOSPITAL,2105 FOREST AVENUE,SAN JOSE,CA,95128
50158,ENCINO HOSPITAL MEDICAL CENTER,16237 VENTURA BLVD,ENCINO,CA,91436
50159,VENTURA COUNTY MEDICAL CENTER,3291 LOMA VISTA RD,VENTURA,CA,93003
50167,SAN JOAQUIN GENERAL HOSPITAL,500 W HOSPITAL ROAD,FRENCH CAMP,CA,95231
50168,ST JUDE MEDICAL CENTER,101 E VALENCIA MESA DRIVE,FULLERTON,CA,92835
50169,PRESBYTERIAN INTERCOMMUNITY HOSPITAL,12401 WASHINGTON BLVD,WHITTIER,CA,90602
50174,SANTA ROSA MEMORIAL HOSPITAL,1165 MONTGOMERY DR,SANTA ROSA,CA,95405
50179,EMANUEL MEDICAL CENTER,825 DELBON AVE,TURLOCK,CA,95382
50180,JOHN MUIR MEDICAL CENTER - WALNUT CREEK CAMPUS,1601 YGNACIO VALLEY RD,WALNUT CREEK,CA,94598
50189,GEORGE L MEE MEMORIAL HOSPITAL,300 CANAL STREET,KING CITY,CA,93930
50191,ST MARY MEDICAL CENTER,1050 LINDEN AVE,LONG BEACH,CA,90813
50192,ADVENTIST MEDICAL CENTER - REEDLEY,372 W CYPRESS AVE,REEDLEY,CA,93654
50194,WATSONVILLE COMMUNITY HOSPITAL,75 NIELSON STREET,WATSONVILLE,CA,95076
50195,WASHINGTON HOSPITAL,2000 MOWRY AVE,FREMONT,CA,94538
50196,ADVENTIST MEDICAL CENTER - CENTRAL VALLEY,1025 N DOUTY ST,HANFORD,CA,93230
50197,SEQUOIA HOSPITAL,170 ALAMEDA DE LAS PULGAS,REDWOOD CITY,CA,94062
50204,PALMDALE REGIONAL MEDICAL CENTER,38600 MEDICAL CENTER DRIVE,PALMDALE,CA,93552
50205,GLENDORA COMMUNITY HOSPITAL,150 WEST ROUTE 66,GLENDORA,CA,91740
50211,ALAMEDA HOSPITAL,2070 CLINTON AVENUE,ALAMEDA,CA,94501
50222,SHARP CHULA VISTA MEDICAL CENTER,751 MEDICAL CENTER COURT,CHULA VISTA,CA,91911
50224,HOAG MEMORIAL HOSPITAL PRESBYTERIAN,ONE HOAG DRIVE,NEWPORT BEACH,CA,92663
50225,FEATHER RIVER HOSPITAL,5974 PENTZ ROAD,PARADISE,CA,95969
50226,AHMC ANAHEIM REGIONAL MEDICAL CENTER,1111 W LA PALMA AVENUE,ANAHEIM,CA,92801
50228,SAN FRANCISCO GENERAL HOSPITAL,1001 POTRERO AVENUE,SAN FRANCISCO,CA,94110
50230,GARDEN GROVE HOSPITAL & MEDICAL CENTER,12601 GARDEN GROVE BLVD,GARDEN GROVE,CA,92843
50231,POMONA VALLEY HOSPITAL MEDICAL CENTER,1798 N GAREY AVE,POMONA,CA,91767
50232,FRENCH HOSPITAL MEDICAL CENTER,1911 JOHNSON AVE,SAN LUIS OBISPO,CA,93401
50234,SHARP CORONADO HOSPITAL AND HLTHCR CTR,250 PROSPECT PLACE,CORONADO,CA,92118
50235,PROVIDENCE SAINT JOSEPH MEDICAL CTR,501 SOUTH BUENA VISTA,BURBANK,CA,91505
50236,SIMI VALLEY HOSPITAL & HEALTH CARE SERVICES,2975 N SYCAMORE DR,SIMI VALLEY,CA,93065
50238,METHODIST HOSPITAL OF SOUTHERN CA,300 W HUNTINGTON DR,ARCADIA,CA,91006
50239,GLENDALE ADVENTIST MEDICAL CENTER,1509 E WILSON TERRACE,GLENDALE,CA,91206
50242,DOMINICAN HOSPITAL,1555 SOQUEL DRIVE,SANTA CRUZ,CA,95065
50243,DESERT REGIONAL MEDICAL CENTER,1150 NORTH INDIAN CANYON DRIVE,PALM SPRINGS,CA,92262
50245,ARROWHEAD REGIONAL MEDICAL CENTER,400 NORTH PEPPER AVENUE,COLTON,CA,92324
50248,NATIVIDAD MEDICAL CENTER,1441 CONSTITUTION BOULEVARD,SALINAS,CA,93906
50254,MARSHALL MEDICAL CENTER,1100 MARSHALL WAY,PLACERVILLE,CA,95667
50257,GOOD SAMARITAN HOSPITAL,901 OLIVE DRIVE,BAKERSFIELD,CA,93308
50261,SIERRA VIEW MEDICAL CENTER,465 W PUTNAM AVE,PORTERVILLE,CA,93257
50262,RONALD REAGAN U C L A MEDICAL CENTER,757 WESTWOOD PLAZA,LOS ANGELES,CA,90095
50272,REDLANDS COMMUNITY HOSPITAL,350 TERRACINA BLVD,REDLANDS,CA,92373
50276,CONTRA COSTA REGIONAL MEDICAL CENTER,2500 ALHAMBRA AVENUE,MARTINEZ,CA,94553
50278,PROVIDENCE HOLY CROSS MEDICAL CENTER,15031 RINALDI ST,MISSION HILLS,CA,91346
50279,HI-DESERT MEDICAL CENTER,6601 WHITE FEATHER ROAD,JOSHUA TREE,CA,92252
50280,MERCY MEDICAL CENTER REDDING,"2175 ROSALINE AVE, CLAIRMONT HGTS",REDDING,CA,96001
50281,ALHAMBRA HOSPITAL MEDICAL CENTER,100 S RAYMOND AVE,ALHAMBRA,CA,91801
50283,VALLEYCARE MEDICAL CENTER,5555 WEST LAS POSITAS BOULEVARD,PLEASANTON,CA,94588
50289,SETON MEDICAL CENTER,1900 SULLIVAN AVENUE,DALY CITY,CA,94015
50290,PROVIDENCE SAINT JOHN'S HEALTH CENTER,2121 SANTA MONICA BLVD,SANTA MONICA,CA,90404
50291,SUTTER SANTA ROSA REGIONAL HOSPITAL,30 MARK WEST SPRINGS ROAD,SANTA ROSA,CA,95403
50292,RIVERSIDE UNIVERSITY HEALTH SYSTEM-MEDICAL CENTER,26520 CACTUS AVENUE,MORENO VALLEY,CA,92555
50295,MERCY HOSPITAL,2215 TRUXTUN AVENUE,BAKERSFIELD,CA,93301
50296,HAZEL HAWKINS MEMORIAL HOSPITAL,911 SUNSET DRIVE,HOLLISTER,CA,95023
50298,BARSTOW COMMUNITY HOSPITAL,820 E MOUNTAIN VIEW STREET,BARSTOW,CA,92311
50300,ST MARY MEDICAL CENTER,18300 HIGHWAY 18,APPLE VALLEY,CA,92307
50301,UKIAH VALLEY MEDICAL CENTER,275 HOSPITAL DRIVE,UKIAH,CA,95482
50305,ALTA BATES SUMMIT MEDICAL CENTER - ALTA BATES CAMP,2450 ASHBY AVE,BERKELEY,CA,94705
50308,EL CAMINO HOSPITAL,2500 GRANT ROAD,MOUNTAIN VIEW,CA,94040
50309,SUTTER ROSEVILLE MEDICAL CENTER,ONE MEDICAL PLAZA,ROSEVILLE,CA,95661
50313,SUTTER TRACY COMMUNITY HOSPITAL,1420 N TRACY BLVD,TRACY,CA,95376
50315,KERN MEDICAL CENTER,1700 MOUNT VERNON AVENUE,BAKERSFIELD,CA,93306
50320,HIGHLAND HOSPITAL,1411 E 31ST STREET,OAKLAND,CA,94602
50324,SCRIPPS MEMORIAL HOSPITAL LA JOLLA,9888 GENESEE AVENUE,LA JOLLA,CA,92037
50327,LOMA LINDA UNIVERSITY MEDICAL CENTER,11234 ANDERSON ST,LOMA LINDA,CA,92354
50329,CORONA REGIONAL MEDICAL CENTER,800 SOUTH MAIN STREET,CORONA,CA,92882
50334,SALINAS VALLEY MEMORIAL HOSPITAL,450 EAST ROMIE LANE,SALINAS,CA,93901
50335,SONORA REGIONAL MEDICAL CENTER,1000 GREENLEY ROAD,SONORA,CA,95370
50336,LODI MEMORIAL HOSPITAL,975 S FAIRMONT AVENUE,LODI,CA,95240
50342,PIONEERS MEMORIAL HEALTHCARE DISTRICT,207 WEST LEGION ROAD,BRAWLEY,CA,92227
50348,UNIVERSITY OF CALIFORNIA IRVINE MED CENTER,101 CITY DRIVE SOUTH,ORANGE,CA,92868
50350,BEVERLY HOSPITAL,309 W BEVERLY BLVD,MONTEBELLO,CA,90640
50351,TORRANCE MEMORIAL MEDICAL CENTER,3330 LOMITA BLVD,TORRANCE,CA,90509
50352,BARTON MEMORIAL HOSPITAL,2170 SOUTH AVENUE,SOUTH LAKE TAHOE,CA,96150
50353,PROVIDENCE LITTLE COMPANY OF MARY MED CTR TORRANCE,4101 TORRANCE BLVD,TORRANCE,CA,90503
50357,GOLETA VALLEY COTTAGE HOSPITAL,351 S PATTERSON AVE,SANTA BARBARA,CA,93111
50359,TULARE REGIONAL MEDICAL CENTER,869 CHERRY AVENUE,TULARE,CA,93274
50360,MARIN GENERAL HOSPITAL,"250 BON AIR ROAD, PO BOX 8010",GREENBRAE,CA,94904
50367,NORTHBAY MEDICAL CENTER,1200 B  GALE WILSON BLVD,FAIRFIELD,CA,94533
50373,LAC+USC MEDICAL CENTER,"1200 N STATE ST, ROOM C2K100",LOS ANGELES,CA,90033
50376,LAC/HARBOR-UCLA MED CENTER,1000 W CARSON ST,TORRANCE,CA,90502
50378,PACIFICA HOSPITAL OF THE VALLEY,9449 SAN FERNANDO RD,SUN VALLEY,CA,91352
50380,GOOD SAMARITAN HOSPITAL,2425 SAMARITAN DRIVE,SAN JOSE,CA,95124
50382,CITRUS VALLEY MEDICAL CENTER-IC CAMPUS,210 W  SAN BERNARDINO ROAD,COVINA,CA,91723
50390,HEMET VALLEY MEDICAL CENTER,1117 EAST DEVONSHIRE,HEMET,CA,92543
50393,PIH HOSPITAL - DOWNEY,11500 BROOKSHIRE AVENUE,DOWNEY,CA,90241
50394,COMMUNITY MEMORIAL HOSPITAL SAN BUENAVENTURA,147 N BRENT ST,VENTURA,CA,93003
50396,SANTA BARBARA COTTAGE HOSPITAL,400 WEST PUEBLO,SANTA BARBARA,CA,93102
50397,COALINGA REGIONAL MEDICAL CENTER,1191 PHELPS AVENUE,COALINGA,CA,93210
50407,CHINESE HOSPITAL,845 JACKSON ST,SAN FRANCISCO,CA,94133
50411,KAISER FOUNDATION HOSPITAL - SOUTH BAY,25825 SOUTH VERMONT AVENUE,HARBOR CITY,CA,90710
50414,MERCY HOSPITAL OF FOLSOM,1650 CREEKSIDE DRIVE,FOLSOM,CA,95630
50417,SUTTER COAST HOSPITAL,800 E WASHINGTON BLVD,CRESCENT CITY,CA,95531
50423,PALO VERDE HOSPITAL,250 NORTH FIRST STREET,BLYTHE,CA,92225
50424,SCRIPPS GREEN HOSPITAL,10666 NORTH TORREY PINES ROAD,LA JOLLA,CA,92037
50425,KAISER FOUNDATION HOSPITAL - SACRAMENTO,2025 MORSE AVENUE,SACRAMENTO,CA,95825
50426,WEST ANAHEIM MEDICAL CENTER,3033 W ORANGE AVENUE,ANAHEIM,CA,92804
50434,COLUSA REGIONAL MEDICAL CENTER,199 EAST WEBSTER ST,COLUSA,CA,95932
50438,HUNTINGTON MEMORIAL HOSPITAL,100 W  CALIFORNIA BLVD,PASADENA,CA,91109
50441,STANFORD HEALTH CARE,300 PASTEUR DRIVE,STANFORD,CA,94305
50444,MERCY MEDICAL CENTER,333 MERCY AVENUE,MERCED,CA,95340
50454,UCSF MEDICAL CENTER,"505 PARNASSUS AVE, BOX 0296",SAN FRANCISCO,CA,94143
50455,SAN JOAQUIN COMMUNITY HOSPITAL,2615 CHESTER AVENUE,BAKERSFIELD,CA,93301
50457,ST MARY'S MEDICAL CENTER,450 STANYAN ST,SAN FRANCISCO,CA,94117
50464,DOCTORS MEDICAL CENTER,1441 FLORIDA AVENUE,MODESTO,CA,95350
50468,MEMORIAL HOSPITAL OF GARDENA,1145 W REDONDO BEACH BLVD,GARDENA,CA,90247
50471,GOOD SAMARITAN HOSPITAL,1225 WILSHIRE BOULEVARD,LOS ANGELES,CA,90017
50481,WEST HILLS HOSPITAL & MEDICAL CENTER,7300 MEDICAL CENTER DR,WEST HILLS,CA,91307
50485,LONG BEACH MEMORIAL MEDICAL CENTER,2801 ATLANTIC AVE,LONG BEACH,CA,90806
50488,EDEN MEDICAL CENTER,20103 LAKE CHABOT ROAD,CASTRO VALLEY,CA,94546
50492,CLOVIS COMMUNITY MEDICAL CENTER,2755 HERNDON AVE,CLOVIS,CA,93611
50496,JOHN MUIR MEDICAL CENTER - CONCORD CAMPUS,2540 EAST ST,CONCORD,CA,94520
50498,SUTTER AUBURN FAITH HOSPITAL,11815 EDUCATION STREET,AUBURN,CA,95603
50502,SAINT VINCENT MEDICAL CENTER,2131 W 3RD ST,LOS ANGELES,CA,90057
50503,SCRIPPS MEMORIAL HOSPITAL - ENCINITAS,354 SANTA FE DRIVE,ENCINITAS,CA,92024
50506,SIERRA VISTA REGIONAL MEDICAL CENTER,1010 MURRAY ST,SAN LUIS OBISPO,CA,93405
50510,KAISER FOUNDATION HOSPITAL,99 MONTECILLO RD,SAN RAFAEL,CA,94903
50512,KAISER FOUNDATION HOSPITAL - FREMONT,39400 PASEO PADRE PKWY,FREMONT,CA,94538
50515,KAISER FOUNDATION HOSPITAL - SAN DIEGO,4647 ZION AVE,SAN DIEGO,CA,92120
50516,MERCY SAN JUAN MEDICAL CENTER,6501 COYLE AVE,CARMICHAEL,CA,95608
50517,VICTOR VALLEY GLOBAL MEDICAL CENTER,15248 11TH ST,VICTORVILLE,CA,92392
50523,SUTTER DELTA MEDICAL CENTER,3901 LONE TREE WAY,ANTIOCH,CA,94509
50526,HUNTINGTON BEACH HOSPITAL,17772 BEACH BLVD,HUNTINGTON BEACH,CA,92647
50528,MEMORIAL HOSPITAL LOS BANOS,520 WEST I ST,LOS BANOS,CA,93635
50534,JOHN F KENNEDY MEMORIAL HOSPITAL,47111 MONROE STREET,INDIO,CA,92201
50537,SUTTER DAVIS HOSPITAL,2000 SUTTER PLACE,DAVIS,CA,95616
50541,KAISER FOUNDATION HOSPITAL - REDWOOD CITY,1100 VETERANS BOULEVARD,REDWOOD CITY,CA,94063
50543,COLLEGE HOSPITAL COSTA MESA,301 VICTORIA STREET,COSTA MESA,CA,92627
50549,LOS ROBLES HOSPITAL & MEDICAL CENTER,215 W JANSS RD,THOUSAND OAKS,CA,91360
50551,LOS ALAMITOS MEDICAL CENTER,3751 KATELLA AVENUE,LOS ALAMITOS,CA,90720
50552,MOTION PICTURE & TELEVISION HOSPITAL,23388 MULHOLLAND DRIVE,WOODLAND HILLS,CA,91364
50557,MEMORIAL MEDICAL CENTER,1700 COFFEE RD,MODESTO,CA,95355
50561,KAISER FOUNDATION HOSPITAL - WEST LA,6041 CADILLAC AVE,LOS ANGELES,CA,90034
50567,MISSION HOSPITAL REGIONAL MED CENTER,27700 MEDICAL CENTER RD,MISSION VIEJO,CA,92691
50568,MADERA COMMUNITY HOSPITAL,1250 E ALMOND AVE,MADERA,CA,93637
50570,FOUNTAIN VALLEY REGIONAL HOSPITAL & MEDICAL CENTER,17100 EUCLID STREET,FOUNTAIN VALLEY,CA,92708
50573,EISENHOWER MEDICAL CENTER,39-000 BOB HOPE DRIVE,RANCHO MIRAGE,CA,92270
50575,GARDENS REGIONAL HOSPITAL AND MEDICAL CENTER,21530 S PIONEER BLVD,HAWAIIAN GARDENS,CA,90716
50580,LA PALMA INTERCOMMUNITY HOSPITAL,7901 WALKER STREET,LA PALMA,CA,90623
50581,LAKEWOOD REGIONAL MEDICAL CENTER,3700 E SOUTH ST,LAKEWOOD,CA,90712
50586,CHINO VALLEY MEDICAL CENTER,5451 WALNUT AVE,CHINO,CA,91710
50588,SAN DIMAS COMMUNITY HOSPITAL,1350 W COVINA BLVD,SAN DIMAS,CA,91773
50589,PLACENTIA LINDA HOSPITAL,1301 N ROSE DRIVE,PLACENTIA,CA,92870
50590,METHODIST HOSPITAL OF SACRAMENTO,7500 HOSPITAL DRIVE,SACRAMENTO,CA,95823
50597,FOOTHILL PRESBYTERIAN HOSPITAL,250 S GRAND AVE,GLENDORA,CA,91740
50599,UNIVERSITY OF CALIFORNIA DAVIS MEDICAL CENTER,2315 STOCKTON BOULEVARD,SACRAMENTO,CA,95817
50603,SADDLEBACK MEMORIAL MEDICAL CENTER,24451 HEALTH CENTER DRIVE,LAGUNA HILLS,CA,92653
50604,KAISER FOUNDATION HOSPITAL-SAN JOSE,250 HOSPITAL PARKWAY,SAN JOSE,CA,95119
50608,DELANO REGIONAL MEDICAL CENTER,1401 GARCES HIGHWAY,DELANO,CA,93215
50609,KAISER FOUNDATION HOSPITAL - ORANGE COUNTY - ANAHE,3440 E LA PALMA AVE,ANAHEIM,CA,92806
50616,ST JOHNS PLEASANT VALLEY HOSPITAL,2309 ANTONIO AVE,CAMARILLO,CA,93010
50624,HENRY MAYO NEWHALL  HOSPITAL,23845  MCBEAN PKWY,VALENCIA,CA,91355
50625,CEDARS-SINAI MEDICAL CENTER,8700 BEVERLY BLVD,LOS ANGELES,CA,90048
50633,TWIN CITIES COMMUNITY HOSPITAL,1100 LAS TABLAS RD,TEMPLETON,CA,93465
50636,POMERADO HOSPITAL,15615 POMERADO ROAD,POWAY,CA,92064
50641,EAST LOS ANGELES DOCTORS HOSPITAL,4060 WHITTIER BLVD,LOS ANGELES,CA,90023
50663,LOS ANGELES COMMUNITY HOSPITAL,4081 E OLYMPIC BLVD,LOS ANGELES,CA,90023
50668,LAGUNA HONDA HOSPITAL & REHABILITATION CENTER,375 LAGUNA HONDA BLVD,SAN FRANCISCO,CA,94116
50674,KAISER FOUNDATION HOSP SO SACRAMENTO,6600 BRUCEVILLE ROAD,SACRAMENTO,CA,95823
50677,KAISER FOUNDATION HOSPITAL - WOODLAND HILLS,5601 DE SOTO,WOODLAND HILLS,CA,91367
50678,ORANGE COAST MEMORIAL MEDICAL CENTER,9920 TALBERT AVENUE,FOUNTAIN VALLEY,CA,92708
50684,MENIFEE VALLEY MEDICAL CENTER,28400 MCCALL B0ULEVARD,SUN CITY,CA,92585
50686,"KAISER FOUNDATION HOSPITAL, RIVERSIDE",10800 MAGNOLIA AVENUE,RIVERSIDE,CA,92505
50688,SAINT LOUISE REGIONAL HOSPITAL,9400 NO NAME UNO,GILROY,CA,95020
50689,SAN RAMON REGIONAL MEDICAL CTR,6001 NORRIS CANYON ROAD,SAN RAMON,CA,94583
50690,KAISER FOUNDATION HOSPITAL-SANTA ROSA,401 BICENTENNIAL WAY,SANTA ROSA,CA,95403
50696,KECK HOSPITAL OF USC,1500 SAN PABLO ST,LOS ANGELES,CA,90033
50697,PATIENTS' HOSPITAL OF REDDING,2900 EUREKA WAY,REDDING,CA,96001
50701,SOUTHWEST HEALTHCARE SYSTEM,25500 MEDICAL CENTER DRIVE,MURRIETA,CA,92562
50704,MISSION COMMUNITY HOSPITAL,14850 ROSCOE BLVD,PANORAMA CITY,CA,91402
50708,FRESNO SURGICAL HOSPITAL,6125 NORTH FRESNO ST,FRESNO,CA,93710
50709,DESERT VALLEY HOSPITAL,16850 BEAR VALLEY RD,VICTORVILLE,CA,92395
50710,KAISER FOUNDATION HOSPITAL - FRESNO,7300 NORTH FRESNO ST,FRESNO,CA,93720
50714,SUTTER MATERNITY & SURGERY CENTER OF SANTA CRUZ,2900 CHANTICLEER AVENUE,SANTA CRUZ,CA,95065
50717,LAC/RANCHO LOS AMIGOS NATIONAL REHABILITATION  CTR,7601 EAST IMPERIAL HIGHWAY,DOWNEY,CA,90242
50723,KAISER FOUNDATION HOSPITAL - BALDWIN PARK,1011 BALDWIN PARK BLVD,BALDWIN PARK,CA,91706
50724,BAKERSFIELD HEART HOSPITAL,3001 SILLECT AVENUE,BAKERSFIELD,CA,93308
50726,STANISLAUS SURGICAL HOSPITAL,1421 OAKDALE ROAD,MODESTO,CA,95355
50727,COMMUNITY HOSPITAL OF LONG BEACH,1720 TERMINO AVENUE,LONG BEACH,CA,90804
50732,FRESNO HEART AND SURGICAL HOSPITAL,15 EAST AUDUBON DRIVE,FRESNO,CA,93720
50735,WHITTIER HOSPITAL MEDICAL CENTER,9080 COLIMA RD,WHITTIER,CA,90605
50736,MONTEREY PARK HOSPITAL,900 S ATLANTIC BLVD,MONTEREY PARK,CA,91754
50737,GARFIELD MEDICAL CENTER,525 N GARFIELD AVE,MONTEREY PARK,CA,91754
50738,GREATER EL MONTE COMMUNITY HOSPITAL,1701 SANTA ANITA AVE,SOUTH EL MONTE,CA,91733
50739,CENTINELA HOSPITAL MEDICAL CENTER,555 EAST HARDY STREET,INGLEWOOD,CA,90301
50740,MARINA DEL REY HOSPITAL,4650 LINCOLN BLVD,MARINA DEL REY,CA,90291
50742,OLYMPIA MEDICAL CENTER,5900 WEST OLYMPIC BOULEVARD,LOS ANGELES,CA,90036
50744,ANAHEIM GLOBAL MEDICAL CENTER,1025 S ANAHEIM BLVD,ANAHEIM,CA,92805
50745,CHAPMAN GLOBAL MEDICAL CENTER,2601 E CHAPMAN AVE,ORANGE,CA,92869
50746,ORANGE COUNTY GLOBAL MEDICAL CENTER,1001 NORTH TUSTIN AVENUE,SANTA ANA,CA,92705
50747,SOUTH COAST GLOBAL MEDICAL CENTER,2701 S BRISTOL ST,SANTA ANA,CA,92704
50748,KAISER FOUNDATION HOSPITAL MANTECA,1777 WEST YOSEMITE AVE,MANTECA,CA,95337
50751,MIRACLE MILE MEDICAL CENTER,6000 SAN VICENTE BLVD,LOS ANGELES,CA,90036
50754,MENLO PARK SURGICAL HOSPITAL,570 WILLOW ROAD,MENLO PARK,CA,94025
50755,SHERMAN OAKS HOSPITAL,4929 VAN NUYS BLVD,SHERMAN OAKS,CA,91403
50757,ALVARADO HOSPITAL MEDICAL CENTER,6655 ALVARADO ROAD,SAN DIEGO,CA,92120
50758,MONTCLAIR HOSPITAL MEDICAL CENTER,5000 SAN BERNARDINO ST,MONTCLAIR,CA,91763
50760,KAISER FOUNDATION HOSPITAL - ANTIOCH,4501 SAND CREEK ROAD,ANTIOCH,CA,94531
50761,PROVIDENCE TARZANA MEDICAL CENTER,18321 CLARK STREET,TARZANA,CA,91356
50763,SILVER LAKE MEDICAL CENTER,1711 WEST TEMPLE STREET,LOS ANGELES,CA,90026
50764,SHASTA REGIONAL MEDICAL CENTER,1100 BUTTE ST,REDDING,CA,96001
50765,KAISER FOUNDATION HOSPITAL-MORENO VALLEY,27300 IRIS AVENUE,MORENO VALLEY,CA,92555
50766,SUTTER SURGICAL HOSPITAL - NORTH VALLEY,455 PLUMAS BLVD,YUBA CITY,CA,95991
50767,KAISER FOUNDATION HOSPITAL - VACAVILLE,1 QUALITY DRIVE,VACAVILLE,CA,95688
50769,HOAG ORTHOPEDIC INSTITUTE,16250 SAND CANYON AVENUE,IRVINE,CA,92618
50770,LOMA LINDA UNIVERSITY MEDICAL CENTER-MURRIETA,28062 BAXTER ROAD,MURRIETA,CA,92563
50771,COAST PLAZA HOSPITAL,13100 STUDERBAKER ROAD,NORWALK,CA,90650
50772,KAISER FOUNDATION HOSPITAL - ROSEVILLE,1600 EUREKA ROAD,ROSEVILLE,CA,95661
50773,SAN LEANDRO HOSPITAL,13855 E 14TH STREET,SAN LEANDRO,CA,94578
50775,TEMECULA VALLEY HOSPITAL,31700 TEMECULA PKWY,TEMECULA,CA,92592
50776,COLLEGE MEDICAL CENTER,2776 PACIFIC AVENUE,LONG BEACH,CA,90806
50777,KAISER FOUNDATION HOSPITAL - SAN LEANDRO,2500 MERCED STREET,SAN LEANDRO,CA,94577
50778,LOMA LINDA UNIVERSITY CHILDREN'S HOSPITAL,11234 ANDERSON STREET SUITE A,LOMA LINDA,CA,92354
50779,"MARTIN LUTHER KING, JR. COMMUNITY HOSPITAL",1680 EAST 120TH STREET,LOS ANGELES,CA,90059
51300,EASTERN PLUMAS HOSPITAL - PORTOLA CAMPUS,500 FIRST AVENUE,PORTOLA,CA,96122
51301,TEHACHAPI HOSPITAL,115 WEST E STREET,TEHACHAPI,CA,93561
51302,SOUTHERN INYO HOSPITAL,501 EAST LOCUST STREET,LONE PINE,CA,93545
51303,MAMMOTH HOSPITAL,85 SIERRA PARK ROAD PO BOX 660,MAMMOTH LAKES,CA,93546
51304,JOHN C FREMONT HEALTHCARE DISTRICT,5189 HOSPITAL ROAD,MARIPOSA,CA,95338
51305,MAYERS MEMORIAL HOSPITAL,43563 HWY 299 EAST,FALL RIVER MILLS,CA,96028
51306,GLENN MEDICAL CENTER,1133 W SYCAMORE ST,WILLOWS,CA,95988
51307,CATALINA ISLAND MEDICAL CENTER,100 FALLS CANYON ROAD,AVALON,CA,90704
51308,SURPRISE VALLEY COMMUNITY HOSPITAL,741 NORTH MAIN STREET,CEDARVILLE,CA,96104
51309,JEROLD PHELPS COMMUNITY HOSPITAL,733 CEDAR ST,GARBERVILLE,CA,95542
51310,FRANK R HOWARD MEMORIAL HOSPITAL,1 MARCELA DR,WILLITS,CA,95490
51311,ORCHARD HOSPITAL,240 SPRUCE STREET,GRIDLEY,CA,95948
51312,MOUNTAINS COMMUNITY HOSPITAL,29101 HOSPITAL ROAD,LAKE ARROWHEAD,CA,92352
51314,KERN VALLEY HEALTHCARE DISTRICT,6412 LAUREL AVE,LAKE ISABELLA,CA,93240
51315,TRINITY HOSPITAL,60 EASTER AVENUE,WEAVERVILLE,CA,96093
51316,FAIRCHILD MEDICAL CENTER,444 BRUCE STREET,YREKA,CA,96097
51317,ST HELENA HOSPITAL-CLEARLAKE,15630 18TH AVE - HWY 53,CLEARLAKE,CA,95422
51318,REDWOOD MEMORIAL HOSPITAL,3300 RENNER DRIVE,FORTUNA,CA,95540
51319,MERCY MEDICAL CENTER MT SHASTA,914 PINE STREET,MOUNT SHASTA,CA,96067
51320,BANNER LASSEN MEDICAL CENTER,1800 SPRING RIDGE DRIVE,SUSANVILLE,CA,96130
51321,HEALDSBURG DISTRICT HOSPITAL,1375 UNIVERSITY AVENUE,HEALDSBURG,CA,95448
51323,COLORADO RIVER MEDICAL CENTER,1401 BAILEY AVE,NEEDLES,CA,92363
51324,NORTHERN INYO HOSPITAL,150 PIONEER LANE,BISHOP,CA,93514
51325,MENDOCINO COAST DISTRICT HOSPITAL,700 RIVER DR,FORT BRAGG,CA,95437
51326,PLUMAS DISTRICT HOSPITAL,1065 BUCKS LAKE ROAD,QUINCY,CA,95971
51327,SENECA DISTRICT HOSPITAL,130 BRENTWOOD DRIVE,CHESTER,CA,96020
51328,TAHOE FOREST HOSPITAL,10121 PINE AVE,TRUCKEE,CA,96161
51329,SUTTER LAKESIDE HOSPITAL,5176 HILL ROAD EAST,LAKEPORT,CA,95453
51330,MODOC MEDICAL CENTER,228 W MCDOWELL AVE,ALTURAS,CA,96101
51331,SANTA YNEZ VALLEY COTTAGE HOSPITAL,2050 VIBORG RD,SOLVANG,CA,93463
51332,MARK TWAIN MEDICAL CENTER,768 MOUNTAIN RANCH RD,SAN ANDREAS,CA,95249
51334,OJAI VALLEY COMMUNITY HOSPITAL,1306 MARICOPA HWY,OJAI,CA,93023
51335,BEAR VALLEY COMMUNITY HOSPITAL,41870 GARSTIN DR,BIG BEAR LAKE,CA,92315
53302,CHILDREN'S HOSP OF LOS ANGELES,4650 SUNSET BLVD,LOS ANGELES,CA,90027
53305,LUCILE SALTER PACKARD CHILDREN'S HSP AT STANFORD,725 WELCH ROAD,PALO ALTO,CA,94304
53309,MILLER CHILDREN'S HOSPITAL,2801 ATLANTIC AVENUE,LONG BEACH,CA,90806
60001,NORTH COLORADO MEDICAL CENTER,1801 16TH STREET,GREELEY,CO,80631
60003,LONGMONT UNITED HOSPITAL,1950 MOUNTAIN VIEW AVENUE,LONGMONT,CO,80501
60004,PLATTE VALLEY MEDICAL CENTER,1600 PRAIRIE CENTER PARKWAY,BRIGHTON,CO,80601
60006,MONTROSE MEMORIAL HOSPITAL,800 S 3RD ST,MONTROSE,CO,81401
60008,SAN LUIS VALLEY HEALTH,106 BLANCA AVE,ALAMOSA,CO,81101
60009,LUTHERAN MEDICAL CENTER,8300 W 38TH AVE,WHEAT RIDGE,CO,80033
60010,POUDRE VALLEY HOSPITAL,1024 S LEMAY AVE,FORT COLLINS,CO,80524
60011,DENVER HEALTH MEDICAL CENTER,777 BANNOCK ST,DENVER,CO,80204
60012,CENTURA HEALTH-ST MARY CORWIN MEDICAL CENTER,1008 MINNEQUA AVE,PUEBLO,CO,81004
60013,MERCY REGIONAL MEDICAL CENTER,1010 THREE SPRINGS BLVD,DURANGO,CO,81301
60014,PRESBYTERIAN ST LUKES MEDICAL CENTER,1719 E 19TH AVE,DENVER,CO,80218
60015,CENTURA HEALTH-ST ANTHONY HOSPITAL,11600 WEST 2ND PLACE,LAKEWOOD,CO,80228
60016,CENTURA HEALTH-ST THOMAS MORE HOSPITAL,1338 PHAY AVE,CANON CITY,CO,81212
60020,PARKVIEW MEDICAL CENTER INC,400 W 16TH STREET,PUEBLO,CO,81003
60022,UNIVERSITY COLO HEALTH MEMORIAL HOSPITAL CENTRAL,1400 E BOULDER ST,COLORADO SPRINGS,CO,80909
60023,ST MARYS  MEDICAL CENTER,2635 N 7TH STREET,GRAND JUNCTION,CO,81502
60024,UNIVERSITY OF COLORADO HOSPITAL AUTHORITY,12605 EAST 16TH AVENUE,AURORA,CO,80045
60027,FOOTHILLS HOSPITAL,4747 ARAPAHOE AVENUE,BOULDER,CO,80304
60028,SAINT JOSEPH HOSPITAL,1375 EAST 19TH AVE,DENVER,CO,80218
60030,MCKEE MEDICAL CENTER,2000 BOISE AVE,LOVELAND,CO,80538
60031,CENTURA HEALTH-PENROSE ST FRANCIS HEALTH SERVICES,2222 N NEVADA AVE,COLORADO SPRINGS,CO,80907
60032,ROSE MEDICAL CENTER,4567 E 9TH AVENUE,DENVER,CO,80220
60034,SWEDISH MEDICAL CENTER,501 E HAMPDEN AVENUE,ENGLEWOOD,CO,80113
60036,ARKANSAS VALLEY REGIONAL MEDICAL CENTER,1100 CARSON AVENUE,LA JUNTA,CO,81050
60043,KEEFE MEMORIAL HOSPITAL,602 N 6TH W ST,CHEYENNE WELLS,CO,80810
60044,COLORADO PLAINS MEDICAL CENTER,1000 LINCOLN ST,FORT MORGAN,CO,80701
60049,YAMPA VALLEY MEDICAL CENTER,1024 CENTRAL PARK DR,STEAMBOAT SPRINGS,CO,80487
60054,COMMUNITY HOSPITAL,2351 G RD,GRAND JUNCTION,CO,81505
60064,CENTURA HEALTH-PORTER ADVENTIST HOSPITAL,2525 S DOWNING ST,DENVER,CO,80210
60065,NORTH SUBURBAN MEDICAL CENTER,9191 GRANT ST,THORNTON,CO,80229
60071,DELTA COUNTY MEMORIAL HOSPITAL,1501 E 3RD STREET,DELTA,CO,81416
60075,VALLEY VIEW HOSPITAL ASSOCIATION,1906 BLAKE AVE,GLENWOOD SPRINGS,CO,81601
60076,STERLING REGIONAL MEDCENTER,615 FAIRHURST ST,STERLING,CO,80751
60096,VAIL VALLEY MEDICAL CENTER,181 W MEADOW DRIVE,VAIL,CO,81657
60100,"MEDICAL CENTER OF AURORA, THE",1501 S POTOMAC ST,AURORA,CO,80012
60103,CENTURA HEALTH-AVISTA ADVENTIST HOSPITAL,100 HEALTH PARK DRIVE,LOUISVILLE,CO,80027
60104,ST ANTHONY NORTH HEALTH CAMPUS,14300 ORCHARD PARKWAY,WESTMINSTER,CO,80023
60107,NATIONAL JEWISH HEALTH,1400 JACKSON ST,DENVER,CO,80206
60112,SKY RIDGE MEDICAL CENTER,10101 RIDGE GATE PARKWAY,LONE TREE,CO,80124
60113,CENTURA HEALTH-LITTLETON ADVENTIST HOSPITAL,7700 S BROADWAY,LITTLETON,CO,80122
60114,PARKER ADVENTIST HOSPITAL,9395 CROWN CREST BLVD,PARKER,CO,80138
60116,GOOD SAMARITAN MEDICAL CENTER,200 EXEMPLA CIRCLE,LAFAYETTE,CO,80026
60117,"ANIMAS SURGICAL HOSPITAL, LLC",575 RIVERGATE LANE,DURANGO,CO,81301
60118,ST ANTHONY SUMMIT MEDICAL CENTER,340 PEAK ONE DRIVE,FRISCO,CO,80443
60119,MEDICAL CENTER OF THE ROCKIES,2500 ROCKY MOUNTAIN AVENUE,LOVELAND,CO,80538
60124,ORTHOCOLORADO HOSPITAL AT ST ANTHONY MED CAMPUS,11650 W 2ND PLACE,LAKEWOOD,CO,80228
60125,CASTLE ROCK ADVENTIST HOSPITAL,2350 MEADOWS BLVD,CASTLE ROCK,CO,80109
60126,BANNER FORT COLLINS MEDICAL CENTER,4700 LADY MOON DR,FORT COLLINS,CO,80528
61300,WEISBROD MEMORIAL COUNTY HOSPITAL,1208 LUTHER STREET,EADS,CO,81036
61301,RIO GRANDE HOSPITAL,310 COUNTY RD 14,DEL NORTE,CO,81132
61302,COLORADO CANYONS HOSPITAL AND MEDICAL CENTER,300 WEST OTTLEY AVENUE,FRUITA,CO,81521
61303,EAST MORGAN COUNTY HOSPITAL,2400 W EDISON ST,BRUSH,CO,80723
61304,HAXTUN HOSPITAL DISTRICT,235 W FLETCHER STREET,HAXTUN,CO,80731
61305,MELISSA MEMORIAL HOSPITAL,1001 E JOHNSON STREET,HOLYOKE,CO,80734
61306,LINCOLN COMMUNITY HOSPITAL,111 6TH ST,HUGO,CO,80821
61307,RANGELY DISTRICT HOSPITAL,225 EAGLECREST,RANGELY,CO,81648
61308,SAN LUIS VALLEY HEALTH CONEJOS COUNTY HOSPITAL,19021 US HWY 285,LA JARA,CO,81140
61309,WRAY COMMUNITY DISTRICT HOSPITAL,1017 W 7TH ST,WRAY,CO,80758
61310,SEDGWICK COUNTY MEMORIAL HOSPITAL,900 CEDAR STREET,JULESBURG,CO,80737
61311,SOUTHEAST COLORADO HOSPITAL,373 E TENTH AVE,SPRINGFIELD,CO,81073
61312,ESTES PARK MEDICAL CENTER,555 PROSPECT AVENUE,ESTES PARK,CO,80517
61313,KIT CARSON COUNTY MEMORIAL HOSPITAL,286 16TH STREET,BURLINGTON,CO,80807
61314,"MEMORIAL HOSPITAL, THE",750 HOSPITAL LOOP,CRAIG,CO,81625
61315,YUMA DISTRICT HOSPITAL,1000 WEST 8TH AVENUE,YUMA,CO,80759
61316,SPANISH PEAKS REGIONAL HEALTH CENTER,23500 US HWY 160,WALSENBURG,CO,81089
61317,GRAND RIVER MEDICAL CENTER,501 AIRPORT ROAD,RIFLE,CO,81650
61318,MIDDLE PARK MEDICAL CENTER,214 S 4TH STREET,KREMMLING,CO,80459
61319,ST VINCENT HOSPITAL GENERAL DISTRICT,822 W 4TH STREET,LEADVILLE,CO,80461
61320,GUNNISON VALLEY HOSPITAL,711 N TAYLOR STREET,GUNNISON,CO,81230
61321,MT SAN RAFAEL HOSPITAL,410 BENEDICTA AVENUE,TRINIDAD,CO,81082
61322,HEART OF THE ROCKIES REGIONAL MEDICAL CENTER,1000 RUSH DRIVE,SALIDA,CO,81201
61323,PROWERS MEDICAL CENTER,401 KENDALL DRIVE,LAMAR,CO,81052
61324,ASPEN VALLEY HOSPITAL,0401 CASTLE CREEK ROAD,ASPEN,CO,81611
61325,PIONEERS MEDICAL CENTER,100 PIONEERS MEDICAL CENTER DRIVE,MEEKER,CO,81641
61326,PIKES PEAK REGIONAL HOSPITAL,16420 HIGHWAY 24,WOODLAND PARK,CO,80863
61327,SOUTHWEST MEMORIAL HOSPITAL,1311 N MILDRED RD,CORTEZ,CO,81321
61328,PAGOSA SPRINGS MEDICAL CENTER,95 SOUTH PAGOSA BOULEVARD,PAGOSA SPRINGS,CO,81147
63301,CHILDRENS HOSPITAL COLORADO,13123 EAST 16TH AVENUE,AURORA,CO,80045
70002,ST FRANCIS HOSPITAL & MEDICAL CENTER,114 WOODLAND STREET,HARTFORD,CT,6105
70003,DAY KIMBALL HOSPITAL,320 POMFRET STREET,PUTNAM,CT,6260
70004,SHARON HOSPITAL,"50 HOSPITAL HILL ROAD, PO BOX 789",SHARON,CT,6069
70005,WATERBURY HOSPITAL,64 ROBBINS ST,WATERBURY,CT,6721
70006,STAMFORD HOSPITAL,30 SHELBURNE ROAD,STAMFORD,CT,6904
70007,LAWRENCE & MEMORIAL HOSPITAL,365 MONTAUK AVE,NEW LONDON,CT,6320
70008,JOHNSON MEMORIAL HOSPITAL,201 CHESTNUT HILL RD,STAFFORD SPRINGS,CT,6076
70010,BRIDGEPORT HOSPITAL,267 GRANT STREET,BRIDGEPORT,CT,6610
70011,CHARLOTTE HUNGERFORD HOSPITAL,540 LITCHFIELD ST,TORRINGTON,CT,6790
70012,ROCKVILLE GENERAL HOSPITAL,31 UNION ST,ROCKVILLE,CT,6066
70016,SAINT MARYS HOSPITAL,56 FRANKLIN ST,WATERBURY,CT,6706
70017,MIDSTATE MEDICAL CENTER,435 LEWIS AVENUE,MERIDEN,CT,6450
70018,GREENWICH HOSPITAL ASSOCIATION,5 PERRYRIDGE RD,GREENWICH,CT,6830
70019,"MILFORD HOSPITAL, INC",300 SEASIDE AVENUE,MILFORD,CT,6460
70020,MIDDLESEX HOSPITAL,28 CRESCENT ST,MIDDLETOWN,CT,6457
70021,WINDHAM COMM MEM HOSP & HATCH HOSP,112 MANSFIELD AVENUE,WILLIMANTIC,CT,6226
70022,YALE-NEW HAVEN HOSPITAL,20 YORK ST,NEW HAVEN,CT,6504
70024,WILLIAM W BACKUS HOSPITAL,326 WASHINGTON ST,NORWICH,CT,6360
70025,HARTFORD HOSPITAL,80 SEYMOUR STREET,HARTFORD,CT,6102
70027,MANCHESTER MEMORIAL HOSPITAL,71 HAYNES ST,MANCHESTER,CT,6040
70028,ST VINCENT'S MEDICAL CENTER,2800 MAIN ST,BRIDGEPORT,CT,6606
70029,BRISTOL HOSPITAL,BREWSTER RD,BRISTOL,CT,6010
70031,GRIFFIN HOSPITAL,130 DIVISION ST,DERBY,CT,6418
70033,DANBURY HOSPITAL,24 HOSPITAL AVE,DANBURY,CT,6810
70034,NORWALK HOSPITAL ASSOCIATION,24 STEVENS STREET,NORWALK,CT,6856
70035,"HOSPITAL OF CENTRAL CONNECTICUT, THE",100 GRAND STREET,NEW BRITAIN,CT,6050
70036,JOHN DEMPSEY HOSPITAL,263 FARMINGTON AVE,FARMINGTON,CT,6032
70039,MASONICARE HEALTH CENTER,22 MASONIC AVE,WALLINGFORD,CT,6492
70040,HEBREW HOME AND HOSPITAL INC,1 ABRAHMS BOULEVARD,WEST HARTFORD,CT,6117
73300,CONNECTICUT CHILDRENS MEDICAL CENTER,282 WASHINGTON STREET,HARTFORD,CT,6106
80001,"CHRISTIANA CARE HEALTH SERVICES, INC.",4755 OGLETOWN-STANTON ROAD,NEWARK,DE,19718
80003,ST FRANCIS HOSPITAL,7TH AND CLAYTON STS,WILMINGTON,DE,19805
80004,BAYHEALTH - KENT GENERAL HOSPITAL,640 S STATE STREET,DOVER,DE,19901
80006,NANTICOKE MEMORIAL HOSPITAL,801 MIDDLEFORD RD,SEAFORD,DE,19973
80007,BEEBE MEDICAL CENTER,424 SAVANNAH RD,LEWES,DE,19958
80009,BAYHEALTH - MILFORD MEMORIAL HOSPITAL,21 WEST CLARKE AVENUE,MILFORD,DE,19963
90001,GEORGE WASHINGTON UNIV HOSPITAL,900 23RD ST NW,WASHINGTON,DC,20037
90003,HOWARD UNIVERSITY HOSPITAL,2041 GEORGIA AVE NW,WASHINGTON,DC,20060
90004,MEDSTAR GEORGETOWN UNIVERSITY HOSPITAL,3800 RESERVOIR RD,WASHINGTON,DC,20007
90005,SIBLEY MEMORIAL HOSPITAL,5255 LOUGHBORO RD NW,WASHINGTON,DC,20016
90006,PROVIDENCE HOSPITAL,1150 VARNUM ST NE,WASHINGTON,DC,20017
90008,UNITED MEDICAL CENTER,1310 SOUTHERN AVENUE  SE,WASHINGTON,DC,20032
90011,MEDSTAR WASHINGTON HOSPITAL CENTER,110 IRVING ST NW,WASHINGTON,DC,20010
93300,CHILDREN'S HOSPITAL NMC,"111 MICHIGAN AVE, NW",WASHINGTON,DC,20010
100001,UF HEALTH JACKSONVILLE,655 W 8TH ST,JACKSONVILLE,FL,32209
100002,BETHESDA HOSPITAL EAST,2815 S SEACREST BLVD,BOYNTON BEACH,FL,33435
100006,ORLANDO HEALTH,52 W UNDERWOOD ST,ORLANDO,FL,32806
100007,FLORIDA HOSPITAL,601 E ROLLINS ST,ORLANDO,FL,32803
100008,BAPTIST HOSPITAL OF MIAMI,8900 N KENDALL DR,MIAMI,FL,33176
100009,UNIVERSITY OF MIAMI HOSPITAL,1400 NW 12TH AVE,MIAMI,FL,33136
100012,LEE MEMORIAL HOSPITAL,2776 CLEVELAND AVE,FORT MYERS,FL,33901
100014,FLORIDA HOSPITAL NEW SMYRNA,401 PALMETTO ST,NEW SMYRNA BEACH,FL,32170
100017,HALIFAX HEALTH MEDICAL CENTER,303 N CLYDE MORRIS BLVD,DAYTONA BEACH,FL,32114
100018,NAPLES COMMUNITY HOSPITAL,350 7TH ST N,NAPLES,FL,34102
100019,HOLMES REGIONAL MEDICAL CENTER,1350 S HICKORY ST,MELBOURNE,FL,32901
100022,JACKSON MEMORIAL HOSPITAL,1611 NW 12TH AVE,MIAMI,FL,33136
100023,CITRUS MEMORIAL HOSPITAL,502 W HIGHLAND BLVD,INVERNESS,FL,34452
100025,SACRED HEART HOSPITAL,5151 N 9TH AVE,PENSACOLA,FL,32504
100026,BAY MEDICAL CENTER SACRED HEART HEALTH SYSTEM,615 N BONITA AVE,PANAMA CITY,FL,32401
100028,PARRISH MEDICAL CENTER,951 N WASHINGTON AVE,TITUSVILLE,FL,32796
100029,NORTH SHORE MEDICAL CENTER,1100 NW 95TH ST,MIAMI,FL,33150
100030,HEALTH CENTRAL,10000 W COLONIAL DR,OCOEE,FL,34761
100032,BAYFRONT HEALTH - ST PETERSBURG,701 6TH ST S,SAINT PETERSBURG,FL,33701
100034,MOUNT SINAI MEDICAL CENTER,4300 ALTON RD,MIAMI BEACH,FL,33140
100035,MANATEE MEMORIAL HOSPITAL,206 2ND ST E,BRADENTON,FL,34208
100038,MEMORIAL REGIONAL HOSPITAL,3501 JOHNSON ST,HOLLYWOOD,FL,33021
100039,BROWARD HEALTH MEDICAL CENTER,1600 S ANDREWS AVE,FORT LAUDERDALE,FL,33316
100040,ST VINCENT'S MEDICAL CENTER RIVERSIDE,1 SHIRCLIFF WAY,JACKSONVILLE,FL,32204
100043,MEASE DUNEDIN HOSPITAL,601 MAIN ST,DUNEDIN,FL,34698
100044,MARTIN MEDICAL CENTER,200 SE HOSPITAL AVE,STUART,FL,34995
100045,FLORIDA HOSPITAL DELAND,701 W PLYMOUTH AVE,DELAND,FL,32720
100046,FLORIDA HOSPITAL ZEPHYRHILLS,7050 GALL BLVD,ZEPHYRHILLS,FL,33541
100047,BAYFRONT HEALTH PUNTA GORDA,809 E MARION AVE,PUNTA GORDA,FL,33950
100048,JAY HOSPITAL,14114 ALABAMA ST,JAY,FL,32565
100049,HIGHLANDS REGIONAL MEDICAL CENTER,3600 S HIGHLANDS AVE,SEBRING,FL,33870
100050,LARKIN COMMUNITY HOSPITAL PALM SPRINGS CAMPUS,1475 W 49TH ST,HIALEAH,FL,33012
100051,SOUTH LAKE HOSPITAL,1900 DON WICKHAM DR,CLERMONT,FL,34711
100052,WINTER HAVEN HOSPITAL,200 AVE F NE,WINTER HAVEN,FL,33881
100053,HIALEAH HOSPITAL,651 E 25TH ST,HIALEAH,FL,33013
100054,TWIN CITIES HOSPITAL,2190 HWY 85 N,NICEVILLE,FL,32578
100055,FLORIDA HOSPITAL NORTH PINELLAS,1395 S PINELLAS AVE,TARPON SPRINGS,FL,34689
100057,FLORIDA HOSPITAL WATERMAN,1000 WATERMAN WAY,TAVARES,FL,32778
100062,MUNROE REGIONAL MEDICAL CENTER,1500 SW 1ST AVE,OCALA,FL,34474
100063,MORTON PLANT NORTH BAY HOSPITAL,6600 MADISON ST,NEW PORT RICHEY,FL,34652
100067,ST ANTHONYS HOSPITAL,1200 SEVENTH AVE N,SAINT PETERSBURG,FL,33705
100068,FLORIDA HOSPITAL MEMORIAL MEDICAL CENTER,301 MEMORIAL MEDICAL PARKWAY,DAYTONA BEACH,FL,32117
100069,FLORIDA HOSPITAL CARROLLWOOD,7171 N DALE MABRY HWY,TAMPA,FL,33614
100070,VENICE REGIONAL MEDICAL CENTER - BAYFRONT HEALTH,540 THE RIALTO,VENICE,FL,34285
100071,BAYFRONT HEALTH BROOKSVILLE,17240 CORTEZ BLVD,BROOKSVILLE,FL,34601
100072,FLORIDA HOSPITAL FISH MEMORIAL,1055 SAXON BLVD,ORANGE CITY,FL,32763
100073,HOLY CROSS HOSPITAL,4725 N FEDERAL HWY,FORT LAUDERDALE,FL,33308
100075,ST JOSEPHS HOSPITAL,3001 W MARTIN LUTHER KING JR BLVD,TAMPA,FL,33677
100077,BAYFRONT HEALTH PORT CHARLOTTE,2500 HARBOR BLVD,PORT CHARLOTTE,FL,33952
100080,JFK MEDICAL CENTER,5301 S CONGRESS AVE,ATLANTIS,FL,33462
100081,HEALTHMARK REGIONAL MEDICAL CENTER,4413 US HWY 331 S,DEFUNIAK SPRINGS,FL,32435
100084,LEESBURG REGIONAL MEDICAL CENTER,600 E DIXIE AVE,LEESBURG,FL,34748
100086,BROWARD HEALTH NORTH,201 E SAMPLE RD,POMPANO BEACH,FL,33064
100087,SARASOTA MEMORIAL HOSPITAL,1700 S TAMIAMI TRL,SARASOTA,FL,34239
100088,BAPTIST MEDICAL CENTER JACKSONVILLE,800 PRUDENTIAL DR,JACKSONVILLE,FL,32207
100090,FLAGLER HOSPITAL,400 HEALTH PARK BLVD,SAINT AUGUSTINE,FL,32086
100092,WUESTHOFF MEDICAL CENTER-ROCKLEDGE,110 LONGWOOD AVE,ROCKLEDGE,FL,32955
100093,BAPTIST HOSPITAL,1000 W MORENO ST,PENSACOLA,FL,32501
100099,LAKE WALES MEDICAL CENTER,410 S 11TH ST,LAKE WALES,FL,33853
100102,SHANDS LAKE SHORE REGIONAL MEDICAL CENTER,368 NE FRANKLIN ST,LAKE CITY,FL,32055
100105,INDIAN RIVER MEDICAL CENTER,1000 36TH ST,VERO BEACH,FL,32960
100106,DOCTOR'S MEMORIAL HOSPITAL INC,333 N BYRON BUTLER PKWY,PERRY,FL,32348
100107,LEHIGH REGIONAL MEDICAL CENTER,1500 LEE BLVD,LEHIGH ACRES,FL,33936
100109,FLORIDA HOSPITAL HEARTLAND MEDICAL CENTER,4200 SUN N LAKE BLVD,SEBRING,FL,33871
100110,OSCEOLA REGIONAL MEDICAL CENTER,700 WEST OAK STREET,KISSIMMEE,FL,34741
100113,UF HEALTH SHANDS HOSPITAL,1600 SW ARCHER RD,GAINESVILLE,FL,32610
100117,BAPTIST MEDICAL CENTER - BEACHES,1350 13TH AVE S,JACKSONVILLE BEACH,FL,32250
100118,FLORIDA HOSPITAL FLAGLER,60 MEMORIAL MEDICAL PKWY,PALM COAST,FL,32164
100121,BARTOW REGIONAL MEDICAL CENTER,2200 OSPREY BLVD,BARTOW,FL,33831
100122,NORTH OKALOOSA MEDICAL CENTER,151 REDSTONE AVE SE,CRESTVIEW,FL,32539
100124,SANTA ROSA MEDICAL CENTER,6002 BERRYHILL RD,MILTON,FL,32570
100125,HOMESTEAD HOSPITAL,975 BAPTIST WAY,HOMESTEAD,FL,33033
100126,PALMS OF PASADENA HOSPITAL,1501 PASADENA AVE S,SAINT PETERSBURG,FL,33707
100127,MORTON PLANT HOSPITAL,300 PINELLAS ST,CLEARWATER,FL,33756
100128,TAMPA GENERAL HOSPITAL,1 TAMPA GENERAL CIR,TAMPA,FL,33606
100130,LAKESIDE MEDICAL CENTER,39200 HOOKER HWY,BELLE GLADE,FL,33430
100131,AVENTURA HOSPITAL AND MEDICAL CENTER,20900 BISCAYNE BLVD,AVENTURA,FL,33180
100132,SOUTH FLORIDA BAPTIST HOSPITAL,301 N ALEXANDER ST,PLANT CITY,FL,33563
100135,TALLAHASSEE MEMORIAL HOSPITAL,1300 MICCOSUKEE RD,TALLAHASSEE,FL,32308
100137,HEART OF FLORIDA REGIONAL MEDICAL CENTER,40100 US HWY 27 N,DAVENPORT,FL,33837
100140,BAPTIST MEDICAL CENTER - NASSAU,1250 S 18TH ST,FERNANDINA BEACH,FL,32034
100142,JACKSON HOSPITAL,4250 HOSPITAL DR,MARIANNA,FL,32446
100150,LOWER KEYS MEDICAL CENTER,5900 COLLEGE ROAD,KEY WEST,FL,33040
100151,MAYO CLINIC,4500 SAN PABLO RD,JACKSONVILLE,FL,32224
100154,SOUTH MIAMI HOSPITAL,6200 SW 73RD ST,SOUTH MIAMI,FL,33143
100156,LAKE CITY MEDICAL CENTER,340 NW COMMERCE DR,LAKE CITY,FL,32055
100157,LAKELAND REGIONAL MEDICAL CENTER,1324 LAKELAND HILLS BLVD,LAKELAND,FL,33805
100161,CENTRAL FLORIDA REGIONAL HOSPITAL,1401 W SEMINOLE BLVD,SANFORD,FL,32771
100166,DOCTORS HOSPITAL OF SARASOTA,5731 BEE RIDGE RD,SARASOTA,FL,34233
100167,PLANTATION GENERAL HOSPITAL,401 NW 42ND AVE,PLANTATION,FL,33317
100168,BOCA RATON REGIONAL HOSPITAL,800 MEADOWS RD,BOCA RATON,FL,33486
100173,FLORIDA HOSPITAL TAMPA,3100 E FLETCHER AVE,TAMPA,FL,33613
100175,DESOTO MEMORIAL HOSPITAL,900 N ROBERT AVE,ARCADIA,FL,34265
100176,PALM BEACH GARDENS MEDICAL CENTER,3360 BURNS RD,PALM BEACH GARDENS,FL,33410
100177,CAPE CANAVERAL HOSPITAL,701 W COCOA BEACH CAUSEWAY,COCOA BEACH,FL,32932
100179,MEMORIAL HOSPITAL JACKSONVILLE,3625 UNIVERSITY BLVD S,JACKSONVILLE,FL,32216
100180,ST PETERSBURG GENERAL HOSPITAL,6500 38TH AVE N,SAINT PETERSBURG,FL,33710
100181,LARKIN COMMUNITY HOSPITAL,7031 SW 62ND AVE,SOUTH MIAMI,FL,33143
100183,CORAL GABLES HOSPITAL,3100 DOUGLAS RD,CORAL GABLES,FL,33134
100187,PALMETTO GENERAL HOSPITAL,2001 W 68TH ST,HIALEAH,FL,33016
100189,NORTHWEST MEDICAL CENTER,2801 N STATE RD 7,MARGATE,FL,33063
100191,MEDICAL CENTER OF TRINITY,"9330 SR 54, STE 401",TRINITY,FL,34655
100200,BROWARD HEALTH IMPERIAL POINT,6401 N FEDERAL HWY,FORT LAUDERDALE,FL,33308
100204,NORTH FLORIDA REGIONAL MEDICAL CENTER,6500 NEWBERRY RD,GAINESVILLE,FL,32605
100206,MEMORIAL HOSPITAL OF TAMPA,2901 W SWANN AVE,TAMPA,FL,33609
100209,KENDALL REGIONAL MEDICAL CENTER,11750 BIRD RD,MIAMI,FL,33175
100211,BAYFRONT HEALTH DADE CITY,13100 FT KING RD,DADE CITY,FL,33525
100212,OCALA REGIONAL MEDICAL CENTER,1431 SW 1ST AVE,OCALA,FL,34478
100213,BLAKE MEDICAL CENTER,2020 59TH ST W,BRADENTON,FL,34209
100217,SEBASTIAN RIVER MEDICAL CENTER,13695 US HWY 1,SEBASTIAN,FL,32978
100220,GULF COAST MEDICAL CENTER LEE MEM HEALTH SYSTEM,13681 DOCTORS WAY,FORT MYERS,FL,33912
100223,FORT WALTON BEACH MEDICAL CENTER,1000 MAR-WALT DR,FORT WALTON BEACH,FL,32547
100224,UNIVERSITY HOSPITAL AND MEDICAL CENTER,7201 N UNIVERSITY DR,TAMARAC,FL,33321
100226,ORANGE PARK MEDICAL CENTER,2001 KINGSLEY AVE,ORANGE PARK,FL,32073
100228,WESTSIDE REGIONAL MEDICAL CENTER,8201 W BROWARD BLVD,PLANTATION,FL,33324
100230,MEMORIAL HOSPITAL PEMBROKE,7800 SHERIDAN ST,PEMBROKE PINES,FL,33024
100231,WEST FLORIDA HOSPITAL,8383 N DAVIS HWY,PENSACOLA,FL,32514
100232,PUTNAM COMMUNITY MEDICAL CENTER,611 ZEAGLER DR,PALATKA,FL,32177
100234,WEST PALM HOSPITAL,2201 45TH ST,WEST PALM BEACH,FL,33407
100236,FAWCETT MEMORIAL HOSPITAL,21298 OLEAN BLVD,PORT CHARLOTTE,FL,33952
100238,NORTHSIDE HOSPITAL,6000 49TH ST N,SAINT PETERSBURG,FL,33709
100240,ANNE BATES LEACH EYE HOSPITAL,900 NW 17TH ST,MIAMI,FL,33136
100242,GULF COAST REGIONAL MEDICAL CENTER,449 W 23RD ST,PANAMA CITY,FL,32405
100243,BRANDON REGIONAL HOSPITAL,119 OAKFIELD DR,BRANDON,FL,33511
100244,CAPE CORAL HOSPITAL,636 DEL PRADO BLVD,CAPE CORAL,FL,33990
100246,LAWNWOOD REGIONAL MEDICAL CENTER & HEART INSTITUTE,1700 S 23RD ST,FORT PIERCE,FL,34950
100248,LARGO MEDICAL CENTER,201 14TH ST SW,LARGO,FL,33770
100249,SEVEN RIVERS REGIONAL MEDICAL CENTER,6201 N SUNCOAST BLVD,CRYSTAL RIVER,FL,34428
100252,RAULERSON HOSPITAL,1796 HWY 441 NORTH,OKEECHOBEE,FL,34972
100253,JUPITER MEDICAL CENTER,1210 S OLD DIXIE HWY,JUPITER,FL,33458
100254,CAPITAL REGIONAL MEDICAL CENTER,2626 CAPITAL MEDICAL BLVD,TALLAHASSEE,FL,32308
100255,TAMPA COMMUNITY HOSPITAL,6001 WEBB RD,TAMPA,FL,33615
100256,REGIONAL MEDICAL CENTER BAYONET POINT,14000 FIVAY RD,HUDSON,FL,34667
100258,DELRAY MEDICAL CENTER,5352 LINTON BLVD,DELRAY BEACH,FL,33484
100259,SOUTH BAY HOSPITAL,4016 SUN CITY CENTER BLVD,SUN CITY CENTER,FL,33573
100260,ST LUCIE MEDICAL CENTER,1800 SE TIFFANY AVE,PORT SAINT LUCIE,FL,34952
100264,OAK HILL HOSPITAL,11375 CORTEZ BLVD,BROOKSVILLE,FL,34613
100265,MEASE COUNTRYSIDE HOSPITAL,3231 MCMULLEN BOOTH RD,SAFETY HARBOR,FL,34695
100266,GULF BREEZE HOSPITAL,1110 GULF BREEZE PKWY,GULF BREEZE,FL,32561
100267,ENGLEWOOD COMMUNITY HOSPITAL,700 MEDICAL BLVD,ENGLEWOOD,FL,34223
100268,WEST BOCA MEDICAL CENTER,21644 STATE RD 7,BOCA RATON,FL,33428
100269,PALMS WEST HOSPITAL,13001 SOUTHERN BLVD,LOXAHATCHEE,FL,33470
100275,WELLINGTON REGIONAL MEDICAL CENTER,10101 FOREST HILL BLVD,WELLINGTON,FL,33414
100276,BROWARD HEALTH CORAL SPRINGS,3000 CORAL HILLS DR,CORAL SPRINGS,FL,33065
100277,DOUGLAS GARDENS HOSPITAL,5200 NE 2ND AVE,MIAMI,FL,33137
100281,MEMORIAL HOSPITAL WEST,703 N FLAMINGO RD,PEMBROKE PINES,FL,33028
100284,WESTCHESTER GENERAL HOSPITAL,2500 SW 75TH AVE,MIAMI,FL,33155
100285,MEMORIAL HOSPITAL MIRAMAR,1901 SW 172ND AVE,MIRAMAR,FL,33029
100286,PHYSICIANS REGIONAL MEDICAL CENTER - PINE RIDGE,6101 PINE RIDGE ROAD,NAPLES,FL,34119
100287,GOOD SAMARITAN MEDICAL CENTER,1309 N FLAGLER DR,WEST PALM BEACH,FL,33401
100288,ST MARY'S MEDICAL CENTER,901 45TH ST,WEST PALM BEACH,FL,33407
100289,CLEVELAND CLINIC HOSPITAL,3100 WESTON RD,WESTON,FL,33331
100290,"VILLAGES REGIONAL HOSPITAL, THE",1451 EL CAMINO REAL,THE VILLAGES,FL,32159
100291,WUESTHOFF MEDICAL CENTER-MELBOURNE,250 NORTH WICKHAM ROAD,MELBOURNE,FL,32935
100292,SACRED HEART HOSPITAL ON THE EMERALD COAST,7800 US HWY 98 W,MIRAMAR BEACH,FL,32550
100296,DOCTORS HOSPITAL,5000 UNIVERSITY DR,CORAL GABLES,FL,33146
100299,LAKEWOOD RANCH MEDICAL CENTER,8330 LAKEWOOD RANCH BLVD,BRADENTON,FL,34202
100302,ST CLOUD REGIONAL MEDICAL CENTER,2906 17TH STREET,SAINT CLOUD,FL,34769
100307,ST VINCENT'S MEDICAL CENTER SOUTHSIDE,4201 BELFORT RD,JACKSONVILLE,FL,32216
100313,SACRED HEART HOSPITAL ON THE GULF,3801 E HWY 98,PORT SAINT JOE,FL,32456
100314,WEST KENDALL BAPTIST HOSPITAL,9555 SW 162 AVE,MIAMI,FL,33196
100315,VIERA HOSPITAL,8745 N WICKHAM RD,MELBOURNE,FL,32940
100316,PALM BAY HOSPITAL,"1425 MALABAR RD, NE",PALM BAY,FL,32907
100319,FLORIDA HOSPITAL WESLEY CHAPEL,2600 BRUCE B DOWNS BLVD,WESLEY CHAPEL,FL,33544
100320,POINCIANA MEDICAL CENTER,325 CYPRESS PKWY,KISSIMMEE,FL,34758
100321,ST VINCENTS MEDICAL CENTER - CLAY COUNTY,1670 ST VINCENTS WAY,MIDDLEBURG,FL,32068
100322,REGIONAL GENERAL HOSPITAL WILLISTON,125 SW 7TH ST,WILLISTON,FL,32696
101300,FLORIDA HOSPITAL WAUCHULA,533 CARLTON ST,WAUCHULA,FL,33873
101301,SHANDS LIVE OAK REGIONAL MEDICAL CENTER,1100 SW 11TH ST,LIVE OAK,FL,32060
101302,CAMPBELLTON-GRACEVILLE HOSPITAL,5429 COLLEGE DR,GRACEVILLE,FL,32440
101303,LAKE BUTLER HOSPITAL,850 E MAIN ST,LAKE BUTLER,FL,32054
101304,CALHOUN-LIBERTY HOSPITAL,20370 NE BURNS AVE,BLOUNTSTOWN,FL,32424
101305,GEORGE E WEEMS MEMORIAL HOSPITAL,135 AVE G,APALACHICOLA,FL,32320
101307,DOCTORS MEMORIAL HOSPITAL,2600 HOSPITAL DR,BONIFAY,FL,32425
101308,NORTHWEST FLORIDA COMMUNITY HOSPITAL,1360 BRICKYARD RD,CHIPLEY,FL,32428
101309,HENDRY REGIONAL MEDICAL CENTER,524 W SAGAMORE AVE,CLEWISTON,FL,33440
101310,SHANDS STARKE REGIONAL MEDICAL CENTER,922 E CALL ST,STARKE,FL,32091
101311,MADISON COUNTY MEMORIAL HOSPITAL,224 NW CRANE AVE,MADISON,FL,32340
101312,FISHERMEN'S HOSPITAL,3301 OVERSEAS HWY,MARATHON,FL,33050
101313,MARINERS HOSPITAL,91500 OVERSEAS HIGHWAY,TAVERNIER,FL,33070
110001,HAMILTON MEDICAL CENTER,1200 MEMORIAL DRIVE,DALTON,GA,30720
110002,UPSON REGIONAL MEDICAL CENTER,801 W GORDON STREET,THOMASTON,GA,30286
110003,"MAYO CLINIC HEALTH SYSTEM IN WAYCROSS, INC",1900 TEBEAU STREET,WAYCROSS,GA,31501
110004,CORNERSTONE MEDICAL CENTER,100 GROSS CRESCENT,FORT OGLETHORPE,GA,30742
110005,NORTHSIDE HOSPITAL FORSYTH,1200 NORTHSIDE FORSYTH DRIVE,CUMMING,GA,30041
110006,ST MARY'S HOSPITAL,1230 BAXTER STREET,ATHENS,GA,30606
110007,PHOEBE PUTNEY MEMORIAL HOSPITAL,417 THIRD AVENUE,ALBANY,GA,31703
110008,NORTHSIDE HOSPITAL CHEROKEE,201 HOSPITAL ROAD,CANTON,GA,30114
110010,EMORY UNIVERSITY HOSPITAL,"1364 CLIFTON ROAD, NE",ATLANTA,GA,30322
110011,TANNER MEDICAL CENTER - CARROLLTON,705 DIXIE STREET,CARROLLTON,GA,30117
110015,TANNER MEDICAL CENTER VILLA RICA,601 DALLAS HIGHWAY,VILLA RICA,GA,30180
110016,WELLSTAR WEST GEORGIA MEDICAL CENTER,1514 VERNON ROAD,LAGRANGE,GA,30240
110018,PIEDMONT NEWTON HOSPITAL,5126 HOSPITAL DRIVE NE,COVINGTON,GA,30014
110023,GORDON HOSPITAL,1035 RED BUD ROAD,CALHOUN,GA,30701
110024,CANDLER HOSPITAL,5353 REYNOLDS STREET,SAVANNAH,GA,31412
110025,SOUTHEAST GEORGIA HEALTH SYSTEM- BRUNSWICK CAMPUS,2415 PARKWOOD DRIVE,BRUNSWICK,GA,31520
110026,ELBERT MEMORIAL HOSPITAL,4 MEDICAL DRIVE,ELBERTON,GA,30635
110027,"ST MARY''S SACRED HEART HOSPITAL, INC",367 CLEAR CREEK PARKWAY,LAVONIA,GA,30553
110028,UNIVERSITY HOSPITAL,1350 WALTON WAY,AUGUSTA,GA,30901
110029,"NORTHEAST GEORGIA MEDICAL CENTER, INC",743 SPRING STREET,GAINESVILLE,GA,30501
110030,CARTERSVILLE MEDICAL CENTER,960 JOE FRANK HARRIS PARKWAY,CARTERSVILLE,GA,30120
110031,WELLSTAR SPALDING REGIONAL HOSPITAL,601 SOUTH 8TH STREET,GRIFFIN,GA,30223
110032,STEPHENS COUNTY HOSPITAL,163 HOSPITAL DRIVE,TOCCOA,GA,30577
110034,MEDICAL COLLEGE OF GA HOSPITALS AND CLINICS,1120 15TH STREET,AUGUSTA,GA,30912
110035,WELLSTAR KENNESTONE HOSPITAL,677 CHURCH STREET,MARIETTA,GA,30060
110036,"MEMORIAL HEALTH UNIV MED CEN, INC",4700 WATERS AVENUE,SAVANNAH,GA,31403
110038,JOHN D ARCHBOLD MEMORIAL HOSPITAL,915 GORDON AVENUE & MIMOSA DRIVE,THOMASVILLE,GA,31792
110039,TRINITY HOSPITAL OF AUGUSTA,2260 WRIGHTSBORO RD,AUGUSTA,GA,30904
110040,NORTHRIDGE MEDICAL CENTER,70 MEDICAL CENTER DRIVE,COMMERCE,GA,30529
110041,HABERSHAM COUNTY MEDICAL CTR,541 HISTORIC HIGHWAY 441-NORTH,DEMOREST,GA,30535
110042,WELLSTAR PAULDING HOSPITAL,2518 JIMMY LEE SMITH PARKWAY,HIRAM,GA,30141
110043,ST JOSEPH'S HOSPITAL - SAVANNAH,11705 MERCY BOULEVARD,SAVANNAH,GA,31419
110044,PHOEBE SUMTER MEDICAL CENTER,126 HIGHWAY 280 W,AMERICUS,GA,31719
110045,BARROW REGIONAL MEDICAL CENTER,316 NORTH BROAD STREET,WINDER,GA,30680
110046,CLEARVIEW  REGIONAL MEDICAL CENTER,2151 WEST SPRING STREET,MONROE,GA,30655
110050,MURRAY MEDICAL CENTER,"707 OLD DALTON ELLIJAY ROAD, PO BOX 1406",CHATSWORTH,GA,30705
110051,UNION GENERAL HOSPITAL,35 HOSPITAL ROAD,BLAIRSVILLE,GA,30512
110054,FLOYD MEDICAL CENTER,304 TURNER MCCALL BLVD P O BOX 233,ROME,GA,30162
110064,MIDTOWN MEDICAL CENTER,710 CENTER ST BOX 951,COLUMBUS,GA,31901
110069,HOUSTON MEDICAL CENTER,1601 WATSON BOULEVARD,WARNER ROBINS,GA,31093
110071,APPLING HOSPITAL,163 E TOLLISON STREET,BAXLEY,GA,31513
110073,DORMINY MEDICAL CENTER,"200 PERRY HOUSE ROAD, BOX 1447",FITZGERALD,GA,31750
110074,ATHENS REGIONAL MEDICAL CENTER,1199 PRINCE AVENUE,ATHENS,GA,30606
110075,EAST GEORGIA REGIONAL MEDICAL CENTER,1499 FAIR ROAD,STATESBORO,GA,30458
110076,DEKALB MEDICAL CENTER,2701 N DECATUR ROAD,DECATUR,GA,30033
110078,EMORY UNIVERSITY HOSPITAL MIDTOWN,550 PEACHTREE ST NE,ATLANTA,GA,30308
110079,GRADY MEMORIAL HOSPITAL,"80 JESSE HILL, JR DRIVE SE",ATLANTA,GA,30303
110082,"SAINT JOSEPH''S HOSPITAL OF ATLANTA, INC",5665 PEACHTREE DUNWOODY ROAD,ATLANTA,GA,30342
110083,PIEDMONT HOSPITAL,1968 PEACHTREE RD NW,ATLANTA,GA,30309
110086,WASHINGTON COUNTY REGIONAL MEDICAL CENTER,610 SPARTA ROAD,SANDERSVILLE,GA,31082
110087,GWINNETT MEDICAL CENTER,1000 MEDICAL CENTER BOULEVARD,LAWRENCEVILLE,GA,30045
110089,COFFEE REGIONAL MEDICAL CENTER,1101 OCILLA ROAD,DOUGLAS,GA,31533
110091,ROCKDALE MEDICAL CENTER,"1412 MILSTEAD AVENUE, NE",CONYERS,GA,30012
110092,DODGE COUNTY HOSPITAL,901 GRIFFIN AVE,EASTMAN,GA,31023
110095,TIFT REGIONAL MEDICAL CENTER,901 E 18TH STREET,TIFTON,GA,31793
110100,JEFFERSON HOSPITAL,1067 PEACHTREE ST,LOUISVILLE,GA,30434
110101,COOK  MEDICAL CENTER  A CAMPUS OF TIFT REG MED CTR,706 N PARRISH AVE,ADEL,GA,31620
110104,CRISP REGIONAL HOSPITAL,902 7TH STREET NORTH,CORDELE,GA,31015
110105,COLQUITT REGIONAL MEDICAL CENTER,3131 THOMASVILLE HWY BOX 40,MOULTRIE,GA,31768
110107,"MEDICAL CENTER, NAVICENT HEALTH (THE)",777 HEMLOCK STREET,MACON,GA,31201
110109,EMANUEL MEDICAL CENTER,117 KITE ROAD,SWAINSBORO,GA,30401
110111,UNIVERSITY HOSPITAL MCDUFFIE,2460 WASHINGTON ROAD,THOMSON,GA,30824
110113,BURKE MEDICAL CENTER,351 SOUTH LIBERTY STREET,WAYNESBORO,GA,30830
110115,WELLSTAR ATLANTA MEDICAL CENTER,"303 PARKWAY DRIVE, NE",ATLANTA,GA,30312
110121,GRADY GENERAL HOSPITAL,"1155 5TH STREET, SE",CAIRO,GA,39828
110122,SOUTH GEORGIA MEDICAL CENTER,"2501 NORTH PATTERSON STREET, PO BOX 1727",VALDOSTA,GA,31603
110124,WAYNE MEMORIAL HOSPITAL,865 SOUTH FIRST STREET,JESUP,GA,31545
110125,FAIRVIEW PARK HOSPITAL,200 INDUSTRIAL BOULEVARD,DUBLIN,GA,31021
110128,MEADOWS REGIONAL MEDICAL CENTER,ONE MEADOWS PARKWAY,VIDALIA,GA,30474
110129,ST FRANCIS HOSPITAL,2122 MANCHESTER EXPRESSWAY,COLUMBUS,GA,31995
110130,IRWIN COUNTY HOSPITAL,710 N IRWIN AVENUE,OCILLA,GA,31774
110132,MEMORIAL HOSPITAL AND MANOR,1500 E SHOTWELL STREET,BAINBRIDGE,GA,39819
110135,TAYLOR REGIONAL HOSPITAL,222 PERRY HWY,HAWKINSVILLE,GA,31036
110142,EVANS MEMORIAL HOSPITAL,200 N RIVER STREET,CLAXTON,GA,30417
110143,WELLSTAR COBB HOSPITAL,3950 AUSTELL RD,AUSTELL,GA,30106
110146,SOUTHEAST GEORGIA HEALTH SYSTEM- CAMDEN CAMPUS,2000 DAN PROCTOR DRIVE,SAINT MARYS,GA,31558
110150,OCONEE REGIONAL MEDICAL CENTER,821 N COBB STREET  POST OFFICE BOX 690,MILLEDGEVILLE,GA,31061
110153,PERRY HOSPITAL,1120 MORNINGSIDE DR,PERRY,GA,31069
110161,NORTHSIDE HOSPITAL,"1000 JOHNSON FERRY ROAD, NE",ATLANTA,GA,30342
110164,COLISEUM MEDICAL CENTERS,350 HOSPITAL DRIVE,MACON,GA,31217
110165,SOUTHERN REGIONAL MEDICAL CENTER,"11 UPPER RIVERDALE ROAD, SW",RIVERDALE,GA,30274
110168,REDMOND REGIONAL MEDICAL CENTER,501 REDMOND ROAD,ROME,GA,30165
110177,DOCTORS HOSPITAL,3651 WHEELER ROAD,AUGUSTA,GA,30909
110184,WELLSTAR DOUGLAS HOSPITAL,8954 HOSPITAL DRIVE,DOUGLASVILLE,GA,30134
110187,CHESTATEE REGIONAL HOSPITAL,227 MOUNTAIN DR,DAHLONEGA,GA,30533
110189,FANNIN REGIONAL HOSPITAL,2855 OLD HIGHWAY 5 NORTH,BLUE RIDGE,GA,30513
110190,FLINT RIVER COMMUNITY HOSPITAL,"509 SUMTER STREET, BOX 770",MONTEZUMA,GA,31063
110191,PIEDMONT HENRY HOSPITAL,1133 EAGLE'S LANDING PARKWAY,STOCKBRIDGE,GA,30281
110192,EASTSIDE MEDICAL CENTER,1700 MEDICAL WAY,SNELLVILLE,GA,30078
110194,DONALSONVILLE HOSPITAL INC,102 HOSPITAL CIR,DONALSONVILLE,GA,39845
110198,WELLSTAR NORTH FULTON HOSPITAL,3000 HOSPITAL BOULEVARD,ROSWELL,GA,30076
110200,NORTHSIDE MEDICAL CENTER,100 FRIST COURT,COLUMBUS,GA,31909
110201,COLISEUM NORTHSIDE HOSPITAL,400 CHARTER BOULEVARD,MACON,GA,31210
110205,NORTH GEORGIA MEDICAL CENTER,1362 SOUTH MAIN STREET,ELLIJAY,GA,30540
110209,TURNING POINT HOSPITAL,3015 VETERANS PARKWAY,MOULTRIE,GA,31788
110215,PIEDMONT FAYETTE HOSPITAL,1255 HIGHWAY 54 WEST,FAYETTEVILLE,GA,30214
110225,PIEDMONT MOUNTAINSIDE HOSPITAL INC,1266 HIGHWAY 515 SOUTH,JASPER,GA,30143
110226,DEKALB MEDICAL CENTER AT HILLANDALE,2801 DEKALB MEDICAL PARKWAY,LITHONIA,GA,30058
110229,"PIEDMONT NEWNAN HOSPITAL, INC",745 POPLAR ROAD,NEWNAN,GA,30265
110230,EMORY JOHNS CREEK HOSPITAL,6325 HOSPITAL PARKWAY,JOHNS CREEK,GA,30097
110233,SOUTHEASTERN REGIONAL MEDICAL CENTER,600 CELEBRATE LIFE PARKWAY,NEWNAN,GA,30265
110234,SGMC BERRIEN CAMPUS,1221 E MCPHERSON AVENUE,NASHVILLE,GA,31639
111300,SOUTHWEST GEORGIA REGIONAL MEDICAL CENTER,361 RANDOLPH STREET,CUTHBERT,GA,39840
111302,BLECKLEY MEMORIAL HOSPITAL,145 EAST PEACOCK STREET,COCHRAN,GA,31014
111303,JASPER MEMORIAL HOSPITAL,898 COLLEGE STREET,MONTICELLO,GA,31064
111304,MORGAN MEMORIAL HOSPITAL,1077 SOUTH MAIN STREET,MADISON,GA,30650
111305,MILLER COUNTY HOSPITAL,209 N CUTHBERT STREET,COLQUITT,GA,39837
111306,EFFINGHAM HOSPITAL,459 GA HIGHWAY 119 SOUTH,SPRINGFIELD,GA,31329
111308,CLINCH MEMORIAL HOSPITAL,1050 VALDOSTA HIGHWAY,HOMERVILLE,GA,31634
111310,"MEDICAL CENTER OF PEACH COUNTY, NAVICENT HEALTH",1960 HIGHWAY 247 CONNECTOR,BYRON,GA,31008
111313,PUTNAM GENERAL HOSPITAL,101 LAKE OCONEE PARKWAY,EATONTON,GA,31024
111314,PIONEER COMMUNITY HOSPITAL OF EARLY,11740 COLUMBIA STREET,BLAKELY,GA,39823
111316,WARM SPRINGS MEDICAL CENTER,5995 SPRING STREET,WARM SPRINGS,GA,31830
111318,MONROE COUNTY HOSPITAL,88 MARTIN LUTHER KING JR DRIVE,FORSYTH,GA,31029
111319,WELLSTAR SYLVAN GROVE HOSPITAL,1050 MCDONOUGH ROAD,JACKSON,GA,30233
111320,HIGGINS GENERAL HOSPITAL,200 ALLEN MEMORIAL DRIVE,BREMEN,GA,30110
111324,CHATUGE REGIONAL HOSPITAL,110 EAST MAIN STREET,HIAWASSEE,GA,30546
111325,WILLS MEMORIAL HOSPITAL,120 GORDON STREET,WASHINGTON,GA,30673
111326,SGMC LANIER CAMPUS,116 WEST THIGPEN AVENUE,LAKELAND,GA,31635
111327,BACON COUNTY HOSPITAL,302 SOUTH WAYNE STREET,ALMA,GA,31510
111328,PHOEBE WORTH MEDICAL CENTER,807 SOUTH ISABELLA STREET,SYLVESTER,GA,31791
111329,ST MARY'S GOOD SAMARITAN HOSPITAL,5401 LAKE OCONEE PARKWAY,GREENSBORO,GA,30642
111330,POLK MEDICAL CENTER,2360 ROCKMART HIGHWAY,CEDARTOWN,GA,30125
111331,MITCHELL COUNTY HOSPITAL,90 STEPHENS STREET,CAMILLA,GA,31730
111332,BROOKS COUNTY HOSPITAL,903 N COURT ST,QUITMAN,GA,31643
111333,JEFF DAVIS HOSPITAL,"163 SOUTH TALLAHASSEE STREET, P O BOX 1690",HAZLEHURST,GA,31539
111334,CANDLER COUNTY HOSPITAL,400 CEDAR STREET,METTER,GA,30439
111335,LIBERTY REGIONAL MEDICAL CENTER,462 E G MILES PARKWAY,HINESVILLE,GA,31310
111336,MOUNTAIN LAKES MEDICAL CENTER,196 RIDGECREST CIRCLE,CLAYTON,GA,30525
120001,THE QUEENS MEDICAL CENTER,1301 PUNCHBOWL ST,HONOLULU,HI,96813
120002,MAUI MEMORIAL MEDICAL CENTER,221 MAHALANI STREET,WAILUKU,HI,96793
120004,WAHIAWA GENERAL HOSPITAL,128 LEHUA STREET,WAHIAWA,HI,96786
120005,HILO MEDICAL CENTER,1190 WAIANUENUE AVENUE,HILO,HI,96720
120006,CASTLE MEDICAL CENTER,640 ULUKAHIKI ST,KAILUA,HI,96734
120007,KUAKINI MEDICAL CENTER,347 NORTH KUAKINI STREET,HONOLULU,HI,96817
120011,KAISER FOUNDATION HOSPITAL,3288 MOANALUA RD,HONOLULU,HI,96819
120014,WILCOX MEMORIAL HOSPITAL,3-3420 KUHIO HIGHWAY,LIHUE,HI,96766
120019,KONA COMMUNITY HOSPITAL,79-1019 HAUKAPILA STREET,KEALAKEKUA,HI,96750
120022,STRAUB CLINIC AND HOSPITAL,888 SO KING STREET,HONOLULU,HI,96813
120026,PALI MOMI MEDICAL CENTER,98-1079 MOANALUA ROAD,AIEA,HI,96701
120028,NORTH HAWAII COMMUNITY HOSPITAL,67 1125 MAMALAHOA HIGHWAY,KAMUELA,HI,96743
121300,KAUAI VETERANS MEMORIAL HOSPITAL,4643 WAIMEA CANYON DRIVE,WAIMEA,HI,96796
121301,KAU HOSPITAL,1 KAMANI STREET,PAHALA,HI,96777
121303,MOLOKAI GENERAL HOSPITAL,280 HOME OLU PLACE,KAUNAKAKAI,HI,96748
121304,KAHUKU MEDICAL CENTER,56-117 PUALALEA STREET,KAHUKU,HI,96731
121306,SAMUEL MAHELONA MEMORIAL HOSPITAL,4800 KAWAIHAU ROAD,KAPAA,HI,96746
121308,KULA HOSPITAL,100 KOKEA PLACE,KULA,HI,96790
130002,ST LUKE'S MAGIC VALLEY RMC,801 POLE LINE ROAD WEST,TWIN FALLS,ID,83301
130003,ST JOSEPH REGIONAL MEDICAL CENTER,415 SIXTH STREET,LEWISTON,ID,83501
130006,ST LUKE'S REGIONAL MEDICAL CENTER,190 EAST BANNOCK STREET,BOISE,ID,83712
130007,ST ALPHONSUS REGIONAL MEDICAL CENTER,1055 NORTH CURTIS ROAD,BOISE,ID,83706
130013,SAINT ALPHONSUS MEDICAL CENTER - NAMPA,1512 TWELFTH AVENUE ROAD,NAMPA,ID,83686
130014,WEST VALLEY MEDICAL CENTER,1717 ARLINGTON STREET,CALDWELL,ID,83605
130018,EASTERN IDAHO REGIONAL MEDICAL CENTER,3100 CHANNING WAY,IDAHO FALLS,ID,83404
130025,MADISON MEMORIAL HOSPITAL,450 EAST MAIN STREET,REXBURG,ID,83440
130028,PORTNEUF MEDICAL CENTER,777 HOSPITAL WAY,POCATELLO,ID,83201
130049,KOOTENAI HEALTH,2003 KOOTENAI HEALTH WAY,COEUR D'ALENE,ID,83814
130063,TREASURE VALLEY HOSPITAL,8800 WEST EMERALD STREET,BOISE,ID,83704
130065,MOUNTAIN VIEW HOSPITAL,2325 CORONADO STREET,IDAHO FALLS,ID,83404
130066,NORTHWEST SPECIALTY HOSPITAL,1593 EAST POLSTON AVENUE,POST FALLS,ID,83854
130067,IDAHO DOCTORS HOSPITAL,350 N MERIDIAN STREET,BLACKFOOT,ID,83221
131301,BOUNDARY COMMUNITY HOSPITAL,6640 KANIKSU STREET,BONNERS FERRY,ID,83805
131302,NORTH CANYON MEDICAL CENTER,267 NORTH CANYON DR,GOODING,ID,83330
131303,NELL J REDFIELD MEMORIAL HOSPITAL,150 NORTH 200 WEST,MALAD,ID,83252
131304,HARMS MEMORIAL HOSPITAL,510 ROOSEVELT STREET,AMERICAN FALLS,ID,83211
131305,STEELE MEMORIAL MEDICAL CENTER,203 SOUTH DAISY STREET,SALMON,ID,83467
131307,WEISER MEMORIAL HOSPITAL,645 EAST 5TH STREET,WEISER,ID,83672
131308,CASCADE MEDICAL CENTER,402 LAKE CASCADE PARKWAY,CASCADE,ID,83611
131309,CARIBOU MEMORIAL HOSPITAL,300 SOUTH 3RD WEST,SODA SPRINGS,ID,83276
131310,ST LUKE'S JEROME,709 NORTH LINCOLN AVENUE,JEROME,ID,83338
131311,ST LUKE'S ELMORE MEDICAL CENTER,895 NORTH 6TH EAST,MOUNTAIN HOME,ID,83647
131312,ST LUKE'S MCCALL,1000 STATE STREET,MC CALL,ID,83638
131313,TETON VALLEY HOSPITAL,120 EAST HOWARD AVE,DRIGGS,ID,83422
131314,SHOSHONE MEDICAL CENTER,25 JACOBS GULCH ROAD,KELLOGG,ID,83837
131315,SYRINGA GENERAL HOSPITAL,607 W MAIN STREET,GRANGEVILLE,ID,83530
131316,BEAR LAKE MEMORIAL HOSPITAL,164 SOUTH FIFTH STREET,MONTPELIER,ID,83254
131317,BENEWAH COMMUNITY HOSPITAL,229 SOUTH 7TH STREET,ST MARIES,ID,83861
131318,VALOR HEALTH,1202 EAST LOCUST STREET,EMMETT,ID,83617
131319,MINIDOKA MEMORIAL HOSPITAL,1224 8TH STREET,RUPERT,ID,83350
131320,CLEARWATER VALLEY HOSPITAL & CLINICS,301 CEDAR STREET,OROFINO,ID,83544
131321,ST MARY'S HOSPITAL,701 LEWISTON ST,COTTONWOOD,ID,83522
131322,FRANKLIN COUNTY MEDICAL CENTER,44 NORTH FIRST EAST,PRESTON,ID,83263
131323,ST LUKE'S WOOD RIVER MEDICAL CENTER,100 HOSPITAL DRIVE,KETCHUM,ID,83340
131324,LOST RIVERS HOSPITAL,551 HIGHLAND DRIVE,ARCO,ID,83213
131325,BINGHAM MEMORIAL HOSPITAL,98 POPLAR STREET,BLACKFOOT,ID,83221
131326,CASSIA REGIONAL MEDICAL CENTER,1501 HILAND AVENUE,BURLEY,ID,83318
131327,GRITMAN MEDICAL CENTER,700 SOUTH MAIN STREET,MOSCOW,ID,83843
131328,BONNER GENERAL HOSPITAL,520 NORTH THIRD AVENUE,SANDPOINT,ID,83864
140001,GRAHAM HOSPITAL ASSOCIATION,210 WEST WALNUT STREET,CANTON,IL,61520
140002,ALTON MEMORIAL HOSPITAL,ONE MEMORIAL DRIVE,ALTON,IL,62002
140007,PRESENCE SAINT JOSEPH MEDICAL CENTER,333 N MADISON,JOLIET,IL,60435
140008,LOYOLA GOTTLIEB MEMORIAL HOSPITAL,701 WEST NORTH AVE,MELROSE PARK,IL,60160
140010,EVANSTON HOSPITAL,2650 RIDGE AVE,EVANSTON,IL,60201
140011,HERRIN HOSPITAL,201 S 14TH ST,HERRIN,IL,62948
140012,KATHERINE SHAW BETHEA HOSPITAL,403 E 1ST ST,DIXON,IL,61021
140013,PROCTOR HOSPITAL,5409 N KNOXVILLE AVE,PEORIA,IL,61614
140015,BLESSING HOSPITAL,BROADWAY AT 11TH STREET,QUINCY,IL,62301
140018,MT SINAI HOSPITAL MEDICAL CENTER,15TH STREET AT CALIFORNIA,CHICAGO,IL,60608
140019,SHELBY MEMORIAL HOSPITAL,200 S CEDAR ST,SHELBYVILLE,IL,62565
140026,ST MARYS HOSPITAL,111  SPRING STREET,STREATOR,IL,61364
140029,COPLEY MEMORIAL HOSPITAL,2000 OGDEN AVENUE,AURORA,IL,60504
140030,SHERMAN HOSPITAL,1425 NORTH RANDALL ROAD,ELGIN,IL,60123
140032,ST ANTHONYS MEMORIAL HOSPITAL,503 N MAPLE STREET,EFFINGHAM,IL,62401
140033,VISTA MEDICAL CENTER WEST,2615 WASHINGTON ST,WAUKEGAN,IL,60085
140034,SSM HEALTH ST MARY'S HOSPITAL -CENTRALIA,400 NORTH PLEASANT AVENUE,CENTRALIA,IL,62801
140040,GALESBURG COTTAGE HOSPITAL,695 N KELLOGG ST,GALESBURG,IL,61401
140043,CGH MEDICAL CENTER,100 EAST LEFEVRE ROAD,STERLING,IL,61081
140046,GOOD SAMARITAN REGIONAL HLTH CENTER,1 GOOD SAMARITAN WAY,MOUNT VERNON,IL,62864
140048,ADVOCATE TRINITY HOSPITAL,2320 E 93RD ST,CHICAGO,IL,60617
140049,WEST SUBURBAN MEDICAL CENTER,3 ERIE COURT,OAK PARK,IL,60302
140052,OSF SAINT ANTHONY'S HEALTH CENTER,ST ANTHONY'S WAY,ALTON,IL,62002
140053,ST JOHNS HOSPITAL,800 E CARPENTER ST,SPRINGFIELD,IL,62769
140054,MACNEAL  HOSPITAL,3249 SOUTH OAK PARK AVENUE,BERWYN,IL,60402
140058,PASSAVANT AREA HOSPITAL,1600 W WALNUT ST,JACKSONVILLE,IL,62650
140059,JERSEY COMMUNITY HOSPITAL,400 MAPLE SUMMIT ROAD,JERSEYVILLE,IL,62052
140062,PALOS COMMUNITY HOSPITAL,12251 SOUTH 80TH AVENUE,PALOS HEIGHTS,IL,60463
140063,RUSH OAK PARK HOSPITAL,520 S MAPLE AVE,OAK PARK,IL,60304
140064,ST MARY MEDICAL CENTER,3333 NORTH SEMINARY,GALESBURG,IL,61401
140065,ADVENTIST LA GRANGE MEMORIAL HOSPITAL,5101 S WILLOW SPRINGS RD,LA GRANGE,IL,60525
140067,SAINT FRANCIS MEDICAL CENTER,530 NE GLEN OAK AVE,PEORIA,IL,61637
140068,ROSELAND COMMUNITY HOSPITAL,45 W 111TH STREET,CHICAGO,IL,60628
140077,TOUCHETTE REGIONAL HOSPITAL INC,5900 BOND AVENUE,CENTREVILLE,IL,62207
140080,PRESENCE SAINT FRANCIS HOSPITAL,355 RIDGE AVE,EVANSTON,IL,60202
140082,LOUIS A WEISS MEMORIAL HOSPITAL,4646 N MARINE DRIVE,CHICAGO,IL,60640
140083,LORETTO HOSPITAL,645 SOUTH CENTRAL AVE,CHICAGO,IL,60644
140084,VISTA MEDICAL CENTER EAST,1324 NORTH SHERIDAN ROAD,WAUKEGAN,IL,60085
140088,THE UNIVERSITY OF CHICAGO MEDICAL CENTER,5841 SOUTH MARYLAND,CHICAGO,IL,60637
140089,MC DONOUGH DISTRICT HOSPITAL,525 EAST GRANT STREET,MACOMB,IL,61455
140091,THE CARLE FOUNDATION HOSPITAL,611 WEST PARK STREET,URBANA,IL,61801
140093,PRESENCE UNITED SAMARITANS MEDICAL CENTER,812 N LOGAN,DANVILLE,IL,61832
140095,SAINT ANTHONY HOSPITAL,2875 WEST 19TH STREET,CHICAGO,IL,60623
140100,MIDWESTERN REGION MED CENTER,2520 ELISHA AVENUE,ZION,IL,60099
140101,MORRIS HOSPITAL & HEALTHCARE CENTERS,150 W HIGH ST,MORRIS,IL,60450
140103,ST BERNARD HOSPITAL,326 W 64TH ST,CHICAGO,IL,60621
140110,OTTAWA REGIONAL HOSPITAL & HEALTHCARE CENTER,1100 EAST NORRIS DRIVE,OTTAWA,IL,61350
140113,PRESENCE COVENANT MEDICAL CENTER,1400 WEST PARK AVENUE,URBANA,IL,61801
140114,SWEDISH COVENANT HOSPITAL,5145 N CALIFORNIA AVE,CHICAGO,IL,60625
140115,THOREK MEMORIAL HOSPITAL,850 W IRVING PARK RD,CHICAGO,IL,60613
140116,CENTEGRA HEALTH SYSTEM - MC HENRY HOSPITAL,4201 MEDICAL CENTER DRIVE,MCHENRY,IL,60050
140117,PRESENCE RESURRECTION MEDICAL CENTER,7435 W TALCOTT AVENUE,CHICAGO,IL,60631
140118,METROSOUTH MEDICAL CENTER,12935 S GREGORY,BLUE ISLAND,IL,60406
140119,RUSH UNIVERSITY MEDICAL CENTER,1653 WEST CONGRESS PARKWAY,CHICAGO,IL,60612
140120,PEKIN MEMORIAL HOSPITAL,600 SOUTH 13TH STREET,PEKIN,IL,61554
140122,ADVENTIST HINSDALE HOSPITAL,120 NORTH OAK ST,HINSDALE,IL,60521
140124,JOHN H STROGER JR HOSPITAL,1901 W HARRISON ST,CHICAGO,IL,60612
140125,GATEWAY REGIONAL MEDICAL CENTER,2100 MADISON AVENUE,GRANITE CITY,IL,62040
140127,ADVOCATE BROMENN MEDICAL CENTER,1304 FRANKLIN AVENUE,NORMAL,IL,61761
140130,NORTHWESTERN LAKE FOREST HOSPITAL,660 N WESTMORELAND ROAD,LAKE FOREST,IL,60045
140133,HOLY CROSS HOSPITAL,2701 W 68TH STREET,CHICAGO,IL,60629
140135,DECATUR MEMORIAL HOSPITAL,2300 NORTH EDWARD STREET,DECATUR,IL,62526
140137,GREENVILLE REGIONAL HOSPITAL,200 HEALTHCARE DR,GREENVILLE,IL,62246
140143,ST MARGARETS HOSPITAL,600 E 1ST ST,SPRING VALLEY,IL,61362
140145,ST JOSEPHS HOSPITAL,9515 HOLY CROSS LN,BREESE,IL,62230
140147,RICHLAND MEMORIAL HOSPITAL,800 EAST LOCUST,OLNEY,IL,62450
140148,MEMORIAL MEDICAL CENTER,701 N FIRST ST,SPRINGFIELD,IL,62781
140150,UNIVERSITY OF ILLINOIS HOSPITAL,1740 WEST TAYLOR ST SUITE 1400,CHICAGO,IL,60612
140155,PRESENCE ST MARYS HOSPITAL,500 W COURT ST,KANKAKEE,IL,60901
140158,MERCY HOSPITAL AND MEDICAL CENTER,2525 S MICHIGAN AVE,CHICAGO,IL,60616
140160,FHN MEMORIAL HOSPITAL,1045 WEST STEPHENSON STREET,FREEPORT,IL,61032
140161,SAINT JAMES HOSPITAL,2500 WEST REYNOLDS STREET,PONTIAC,IL,61764
140162,ST JOSEPH MEDICAL CENTER,2200 E WASHINGTON,BLOOMINGTON,IL,61701
140164,MEMORIAL HOSPITAL OF CARBONDALE,405 W JACKSON,CARBONDALE,IL,62902
140166,ST MARYS HOSPITAL,1800 E LAKE SHORE DR,DECATUR,IL,62521
140167,IROQUOIS MEMORIAL HOSPITAL,200 FAIRMAN STREET,WATSEKA,IL,60970
140172,FRANCISCAN ST JAMES HEALTH,20201 S CRAWFORD AVENUE,OLYMPIA FIELDS,IL,60461
140174,PRESENCE MERCY MEDICAL CENTER,1325 N HIGHLAND AVENUE,AURORA,IL,60506
140176,CENTEGRA HEALTH SYSTEM - WOODSTOCK HOSPITAL,3701 DOTY ROAD,WOODSTOCK,IL,60098
140177,JACKSON PARK HOSPITAL,7531 S STONY ISLAND AVE,CHICAGO,IL,60649
140179,LITTLE COMPANY OF MARY HOSPITAL,2800 W 95TH ST,EVERGREEN PARK,IL,60805
140180,PRESENCE SAINTS MARY AND ELIZABETH MEDICAL CENTER,2233 W DIVISION ST,CHICAGO,IL,60622
140181,SOUTH SHORE HOSPITAL,8012 SOUTH CRANDON AVENUE,CHICAGO,IL,60617
140182,ADVOCATE ILLINOIS MASONIC MEDICAL CENTER,836 WEST WELLINGTON AVENUE,CHICAGO,IL,60657
140184,HEARTLAND REGIONAL MEDICAL CENTER,3333 W DE YOUNG,MARION,IL,62959
140185,MEMORIAL HOSPITAL,4500 MEMORIAL DRIVE,BELLEVILLE,IL,62226
140186,RIVERSIDE MEDICAL CENTER,350 N WALL ST,KANKAKEE,IL,60901
140187,ST ELIZABETH HOSPITAL,211 S THIRD ST,BELLEVILLE,IL,62220
140189,SARAH BUSH LINCOLN HEALTH CENTER,1000 HEALTH CENTER DRIVE P O BOX 372,MATTOON,IL,61938
140191,INGALLS MEMORIAL HOSPITAL,ONE INGALLS DRIVE,HARVEY,IL,60426
140197,METHODIST HOSPITAL OF CHICAGO,5025 N PAULINA STREET,CHICAGO,IL,60640
140200,ELMHURST MEMORIAL HOSPITAL,155 EAST BRUSH HILL ROAD,ELMHURST,IL,60126
140202,ADVOCATE CONDELL MEDICAL CENTER,801 S MILWAUKEE AVE,LIBERTYVILLE,IL,60048
140206,NORWEGIAN-AMERICAN HOSPITAL,1044 N FRANCISCO AVE,CHICAGO,IL,60622
140208,ADVOCATE CHRIST HOSPITAL & MEDICAL CENTER,4440 W 95TH STREET,OAK LAWN,IL,60453
140209,METHODIST MEDICAL CENTER OF ILLINOIS,221 N E GLEN OAK AVE,PEORIA,IL,61636
140210,HARRISBURG MEDICAL CENTER,100 DOCTOR WARREN TUTTLE DR,HARRISBURG,IL,62946
140211,DELNOR COMMUNITY HOSPITAL,300 RANDALL RD,GENEVA,IL,60134
140213,SILVER CROSS HOSPITAL  AND MEDICAL CENTERS,1900 SILVER CROSS BLVD,NEW LENOX,IL,60451
140217,PRESENCE SAINT JOSEPH HOSPITAL - ELGIN,77 N AIRLITE STREET,ELGIN,IL,60123
140223,ADVOCATE LUTHERAN GENERAL HOSPITAL,1775 DEMPSTER ST,PARK RIDGE,IL,60068
140224,PRESENCE SAINT JOSEPH HOSPITAL - CHICAGO,2900 NORTH LAKE SHORE DRIVE,CHICAGO,IL,60657
140228,SWEDISH AMERICAN HOSPITAL,1401 EAST STATE STREET,ROCKFORD,IL,61104
140231,EDWARD HOSPITAL,801 SOUTH WASHINGTON,NAPERVILLE,IL,60540
140233,SAINT ANTHONY MEDICAL CENTER,5666 EAST STATE STREET,ROCKFORD,IL,61108
140234,ILLINOIS VALLEY COMMUNITY HOSPITAL,925 WEST ST,PERU,IL,61354
140239,ROCKFORD MEMORIAL HOSPITAL,2400 NORTH ROCKTON AVENUE,ROCKFORD,IL,61103
140240,WESTLAKE COMMUNITY HOSPITAL,1225 LAKE ST,MELROSE PARK,IL,60160
140242,CENTRAL DUPAGE HOSPITAL,25 NORTH WINFIELD ROAD,WINFIELD,IL,60190
140250,ADVOCATE SOUTH SUBURBAN HOSPITAL,17800 S KEDZIE AVE,HAZEL CREST,IL,60429
140251,COMMUNITY FIRST MEDICAL CENTER,5645 W ADDISON STREET,CHICAGO,IL,60634
140252,NORTHWEST COMMUNITY HOSPITAL 1,800 W CENTRAL ROAD,ARLINGTON HEIGHTS,IL,60005
140258,ALEXIAN BROTHERS MEDICAL CENTER 1,800 W BIESTERFIELD RD,ELK GROVE VILLAGE,IL,60007
140275,GENESIS HEALTH SYSTEM,801 ILLINI DRIVE,SILVIS,IL,61282
140276,LOYOLA UNIVERSITY MEDICAL CENTER,2160 S 1ST AVENUE,MAYWOOD,IL,60153
140280,TRINITY ROCK ISLAND,2701 17TH ST,ROCK ISLAND,IL,61201
140281,NORTHWESTERN MEMORIAL HOSPITAL,251 E HURON ST,CHICAGO,IL,60611
140286,KISHWAUKEE COMMUNITY HOSPITAL,ONE KISH HOSPITAL DRIVE,DEKALB,IL,60115
140288,ADVOCATE GOOD SAMARITAN HOSPITAL,3815 HIGHLAND AVENUE,DOWNERS GROVE,IL,60515
140289,ANDERSON HOSPITAL,6800 STATE ROUTE 162,MARYVILLE,IL,62062
140290,ST ALEXIUS MEDICAL CENTER,1555 N BARRINGTON RD,HOFFMAN ESTATES,IL,60194
140291,ADVOCATE GOOD SHEPHERD HOSPITAL,450 WEST HIGHWAY 22,BARRINGTON,IL,60010
140292,ADVENTIST GLENOAKS,701 WINTHROP AVENUE,GLENDALE HEIGHTS,IL,60139
140294,CROSSROADS COMMUNITY HOSPITAL,8 DOCTORS PARK ROAD,MOUNT VERNON,IL,62864
140300,PROVIDENT HOSPITAL OF CHICAGO,500 E 51ST ST,CHICAGO,IL,60615
140304,ADVENTIST BOLINGBROOK HOSPITAL,500 REMINGTON BOULEVARD,BOLINGBROOK,IL,60440
141300,THOMAS H BOYD MEMORIAL HOSPITAL,800 SCHOOL ST,CARROLLTON,IL,62016
141301,KIRBY MEDICAL CENTER,1111 N STATE ST,MONTICELLO,IL,61856
141302,MIDWEST MEDICAL CENTER,ONE MEDICAL CENTER DRIVE,GALENA,IL,61036
141303,DR JOHN WARNER HOSPITAL,422 W WHITE ST,CLINTON,IL,61727
141304,"GENESIS MEDICAL CENTER, ALEDO",409 NW 9TH AVENUE,ALEDO,IL,61231
141305,MEMORIAL HOSPITAL,1454 N COUNTY ROAD 2050,CARTHAGE,IL,62321
141306,COMMUNITY MEMORIAL HOSPITAL,400 CALDWELL,STAUNTON,IL,62088
141307,PINCKNEYVILLE COMMUNITY HOSPITAL,5383 STATE ROUTE 154,PINCKNEYVILLE,IL,62274
141308,WASHINGTON COUNTY HOSPITAL*,705 S GRAND,NASHVILLE,IL,62263
141309,ADVOCATE EUREKA  HOSPITAL,101 S MAJOR ST,EUREKA,IL,61530
141310,OSF SAINT PAUL MEDICAL CENTER,1401 E 12TH STREET,MENDOTA,IL,61342
141311,FAIRFIELD MEMORIAL HOSPITAL 1,303 N W 11TH STREET,FAIRFIELD,IL,62837
141312,ROCHELLE COMMUNITY HOSPITAL,900 N 2ND ST,ROCHELLE,IL,61068
141313,MASON DISTRICT HOSPITAL,"615 NORTH PROMENADE STREET,P O BOX 530",HAVANA,IL,62644
141315,ILLINI COMMUNITY HOSPITAL,640 W WASHINGTON,PITTSFIELD,IL,62363
141316,HOOPESTON COMMUNITY MEMORIAL HOSPITAL,701 EAST ORANGE STREET,HOOPESTON,IL,60942
141317,GIBSON COMMUNITY HOSPITAL,1120 N MELVIN STREET,GIBSON CITY,IL,60936
141318,OSF HOLY FAMILY MEDICAL CENTER,1000 W HARLEM AVENUE,MONMOUTH,IL,61462
141319,HAMMOND HENRY HOSPITAL,600 N COLLEGE AVENUE,GENESEO,IL,61254
141320,PARIS COMMUNITY HOSPITAL,721 E COURT STREET,PARIS,IL,61944
141321,FRANKLIN HOSPITAL,201 BAILEY LANE,BENTON,IL,62812
141322,ABRAHAM LINCOLN MEMORIAL HOSPITAL,200 STAHLHUT DRIVE,LINCOLN,IL,62656
141323,MASSAC MEMORIAL HOSPITAL,"28 CHICK STREET, PO BOX 850",METROPOLIS,IL,62960
141324,FERRELL HOSPITAL COMMUNITY FOUNDATIONS,1201 PINE STREET,ELDORADO,IL,62930
141325,OSF SAINT LUKES MEDICAL CENTER,1051 WEST SOUTH STREET,KEWANEE,IL,61443
141326,HAMILTON MEMORIAL HOSPITAL DISTRICT,611 S MARSHALL AVENUE,MCLEANSBORO,IL,62859
141327,WABASH GENERAL HOSPITAL 1,1418 COLLEGE DRIVE,MOUNT CARMEL,IL,62863
141328,HARDIN COUNTY GENERAL HOSPITAL,FERRELL ROAD,ROSICLARE,IL,62982
141329,MORRISON COMMUNITY HOSPITAL,303 N JACKSON STREET,MORRISON,IL,61270
141330,HOPEDALE MEDICAL COMPLEX,107 TREMONT STREET,HOPEDALE,IL,61747
141331,MARSHALL BROWNING HOSPITAL,900 NORTH WASHINGTON STREET,DU QUOIN,IL,62832
141332,HILLSBORO AREA HOSPITAL,1200 E TREMONT STREET,HILLSBORO,IL,62049
141333,SARAH D CULBERTSON MEMORIAL HOSPITAL,238 SOUTH CONGRESS STREET,RUSHVILLE,IL,62681
141334,ST JOSEPH MEMORIAL HOSPITAL,2 SOUTH HOSPITAL DRIVE,MURPHYSBORO,IL,62966
141335,MERCY HARVARD HOSPITAL,901 GRANT STREET,HARVARD,IL,60033
141336,ST JOSEPH'S HOSPITAL,12866 TROXLER AVENUE,HIGHLAND,IL,62249
141337,PERRY MEMORIAL HOSPITAL,530 PARK AVENUE EAST,PRINCETON,IL,61356
141338,MEMORIAL HOSPITAL,1900 STATE STREET,CHESTER,IL,62233
141339,TAYLORVILLE MEMORIAL HOSPITAL,201 EAST PLEASANT STREET,TAYLORVILLE,IL,62568
141340,VALLEY WEST COMMUNITY HOSPITAL,1301 NORTH MAIN STREET,SANDWICH,IL,60548
141341,PANA COMMUNITY HOSPITAL,101 E NINTH STREET,PANA,IL,62557
141342,UNION COUNTY HOSPITAL,517 NORTH MAIN STREET,ANNA,IL,62906
141343,CRAWFORD MEMORIAL HOSPITAL,1000 NORTH ALLEN STREET,ROBINSON,IL,62454
141344,LAWRENCE COUNTY MEMORIAL HOSPITAL,2200 W STATE ST,LAWRENCEVILLE,IL,62439
141345,SALEM TOWNSHIP HOSPITAL,1201 RICKER DRIVE,SALEM,IL,62881
141346,FAYETTE COUNTY HOSPITAL,7TH AND TAYLOR,VANDALIA,IL,62471
141347,CARLINVILLE AREA HOSPITAL,20733 N BROAD STREET,CARLINVILLE,IL,62626
141348,RED BUD REGIONAL HOSPITAL,325 SPRING STREET,RED BUD,IL,62278
141349,SPARTA COMMUNITY HOSPITAL,818 E BROADWAY,SPARTA,IL,62286
141350,ST FRANCIS HOSPITAL,1215 FRANCISCAN DR,LITCHFIELD,IL,62056
141351,CLAY COUNTY HOSPITAL,911 STACY BURK DRIVE,FLORA,IL,62839
150001,JOHNSON MEMORIAL HOSPITAL,1125 W JEFFERSON ST,FRANKLIN,IN,46131
150002,METHODIST HOSPITALS INC,600 GRANT ST,GARY,IN,46402
150004,FRANCISCAN ST MARGARET HEALTH - HAMMOND,5454 HOHMAN AVE,HAMMOND,IN,46320
150005,HENDRICKS REGIONAL HEALTH,1000 E MAIN ST,DANVILLE,IN,46122
150006,LA PORTE HOSPITAL,1007 LINCOLNWAY,LA PORTE,IN,46350
150007,COMMUNITY HOWARD REGIONAL HEALTH INC,3500 S LAFOUNTAIN ST,KOKOMO,IN,46902
150008,ST CATHERINE HOSPITAL INC,4321 FIR ST,EAST CHICAGO,IN,46312
150009,CLARK MEMORIAL HOSPITAL,1220 MISSOURI AVE,JEFFERSONVILLE,IN,47130
150010,ST VINCENT KOKOMO,1907 W SYCAMORE ST,KOKOMO,IN,46904
150011,MARION GENERAL HOSPITAL,441 N WABASH AVE,MARION,IN,46952
150012,SAINT JOSEPH REGIONAL MEDICAL CENTER,5215 HOLY CROSS PKWY,MISHAWAKA,IN,46545
150015,FRANCISCAN ST ANTHONY HEALTH - MICHIGAN CITY,301 W HOMER ST,MICHIGAN CITY,IN,46360
150017,LUTHERAN HOSPITAL OF INDIANA,7950 W JEFFERSON BLVD,FORT WAYNE,IN,46804
150018,ELKHART GENERAL HOSPITAL,600 E BLVD,ELKHART,IN,46514
150021,PARKVIEW REGIONAL MEDICAL CENTER,11109 PARKVIEW PLAZA DRIVE,FORT WAYNE,IN,46845
150022,FRANCISCAN ST ELIZABETH HEALTH - CRAWFORDSVILLE,1710 LAFAYETTE RD,CRAWFORDSVILLE,IN,47933
150023,UNION HOSPITAL INC,1606 N SEVENTH ST,TERRE HAUTE,IN,47804
150024,ESKENAZI HEALTH,720 ESKENAZI AVENUE,INDIANAPOLIS,IN,46202
150026,IU HEALTH GOSHEN HOSPITAL,200 HIGH PARK AVE,GOSHEN,IN,46526
150030,HENRY COUNTY MEMORIAL HOSPITAL,1000 N 16TH ST,NEW CASTLE,IN,47362
150034,ST MARY MEDICAL CENTER INC,1500 S LAKE PARK AVE,HOBART,IN,46342
150035,PORTER REGIONAL HOSPITAL,85 EAST US HWY 6,VALPARAISO,IN,46383
150037,HANCOCK REGIONAL HOSPITAL,801 N STATE ST,GREENFIELD,IN,46140
150042,GOOD SAMARITAN HOSPITAL,520 S 7TH ST,VINCENNES,IN,47591
150044,FLOYD MEMORIAL HOSPITAL AND HEALTH SERVICES,1850 STATE ST,NEW ALBANY,IN,47150
150045,DEKALB HEALTH,1316 E SEVENTH ST,AUBURN,IN,46706
150046,TERRE HAUTE REGIONAL HOSPITAL,3901 S SEVENTH ST,TERRE HAUTE,IN,47802
150047,ST JOSEPH HOSPITAL,700 BROADWAY,FORT WAYNE,IN,46802
150048,REID HEALTH,1100 REID PKWY,RICHMOND,IN,47374
150051,INDIANA UNIVERSITY HEALTH BLOOMINGTON HOSPITAL,601 W SECOND ST,BLOOMINGTON,IN,47403
150056,INDIANA UNIVERSITY HEALTH,1701 N SENATE BLVD,INDIANAPOLIS,IN,46202
150057,FRANCISCAN ST FRANCIS HEALTH - MOORESVILLE,1201 HADLEY RD,MOORESVILLE,IN,46158
150058,MEMORIAL HOSPITAL OF SOUTH BEND,615 N MICHIGAN ST,SOUTH BEND,IN,46601
150059,RIVERVIEW HEALTH,395 WESTFIELD RD,NOBLESVILLE,IN,46060
150061,DAVIESS COMMUNITY HOSPITAL,1314 E WALNUT ST,WASHINGTON,IN,47501
150064,FAYETTE REGIONAL HEALTH SYSTEM,1941 VIRGINIA AVE,CONNERSVILLE,IN,47331
150065,SCHNECK MEDICAL CENTER,411 W TIPTON ST,SEYMOUR,IN,47274
150069,KING'S DAUGHTERS' HEALTH,1373 EAST SR 62,MADISON,IN,47250
150072,MEMORIAL HOSPITAL,1101 MICHIGAN AVE,LOGANSPORT,IN,46947
150074,COMMUNITY HOSPITAL EAST,1500 N RITTER AVE,INDIANAPOLIS,IN,46219
150075,BLUFFTON REGIONAL MEDICAL CENTER,303 S MAIN ST,BLUFFTON,IN,46714
150076,SAINT JOSEPH REGIONAL MEDICAL CENTER - PLYMOUTH,1915 LAKE AVE,PLYMOUTH,IN,46563
150082,DEACONESS HOSPITAL INC,600 MARY ST,EVANSVILLE,IN,47747
150084,ST VINCENT HOSPITAL & HEALTH SERVICES,2001 W 86TH ST,INDIANAPOLIS,IN,46260
150086,DEARBORN COUNTY HOSPITAL,600 WILSON CREEK RD,LAWRENCEBURG,IN,47025
150088,ST VINCENT ANDERSON REGIONAL HOSPITAL INC,2015 JACKSON ST,ANDERSON,IN,46016
150089,INDIANA UNIVERSITY HEALTH BALL MEMORIAL HOSPITAL,2401 UNIVERSITY AVE,MUNCIE,IN,47303
150090,FRANCISCAN ST MARGARET HEALTH - DYER,24 JOLIET ST,DYER,IN,46311
150091,PARKVIEW HUNTINGTON HOSPITAL,2001 STULTS RD,HUNTINGTON,IN,46750
150097,MAJOR HOSPITAL,150 W WASHINGTON ST,SHELBYVILLE,IN,46176
150100,ST MARY'S MEDICAL CENTER,3700 WASHINGTON AVE,EVANSVILLE,IN,47750
150101,PARKVIEW WHITLEY HOSPITAL,1260 E SR 205,COLUMBIA CITY,IN,46725
150102,STARKE HOSPITAL,102 E CULVER RD,KNOX,IN,46534
150104,WITHAM HEALTH SERVICES,2605 N LEBANON ST,LEBANON,IN,46052
150109,FRANCISCAN ST ELIZABETH HEALTH - LAFAYETTE EAST,1701 S CREASY LN,LAFAYETTE,IN,47905
150112,COLUMBUS REGIONAL HOSPITAL,2400 E 17TH ST,COLUMBUS,IN,47201
150113,COMMUNITY HOSPITAL OF ANDERSON AND MADISON COUNTY,1515 N MADISON AVE,ANDERSON,IN,46011
150115,MEMORIAL HOSPITAL AND HEALTH CARE CENTER,800 W 9TH ST,JASPER,IN,47546
150125,COMMUNITY HOSPITAL,901 MACARTHUR BLVD,MUNSTER,IN,46321
150126,FRANCISCAN ST ANTHONY HEALTH - CROWN POINT,1201 S MAIN ST,CROWN POINT,IN,46307
150128,COMMUNITY HOSPITAL SOUTH,1402 E COUNTY LINE RD S,INDIANAPOLIS,IN,46227
150133,KOSCIUSKO COMMUNITY HOSPITAL,2101 E DUBOIS DR,WARSAW,IN,46580
150146,PARKVIEW NOBLE HOSPITAL,401 SAWYER RD,KENDALLVILLE,IN,46755
150149,WOMEN'S HOSPITAL THE,4199 GATEWAY BLVD,NEWBURGH,IN,47630
150150,DUPONT HOSPITAL LLC,2520 E DUPONT RD,FORT WAYNE,IN,46825
150153,ST VINCENT HEART CENTER OF INDIANA LLC,10580 N MERIDIAN ST,INDIANAPOLIS,IN,46290
150157,ST VINCENT CARMEL HOSPITAL INC,13500 N MERIDIAN ST,CARMEL,IN,46032
150158,IU HEALTH WEST HOSPITAL,1111 N RONALD REAGAN PKWY,AVON,IN,46123
150160,ORTHOINDY HOSPITAL,8400 NORTHWEST BLVD,INDIANAPOLIS,IN,46278
150161,INDIANA UNIVERSITY HEALTH NORTH HOSPITAL,11700 N MERIDIAN ST,CARMEL,IN,46032
150162,FRANCISCAN ST FRANCIS HEALTH - INDIANAPOLIS,8111 S EMERSON AVE,INDIANAPOLIS,IN,46237
150164,MONROE HOSPITAL,4011 S MONROE MEDICAL PARK BLVD,BLOOMINGTON,IN,47403
150165,FRANCISCAN HEALTHCARE - MUNSTER,701 SUPERIOR AVE,MUNSTER,IN,46321
150166,PINNACLE HOSPITAL,9301 CONNECTICUT DR,CROWN POINT,IN,46307
150167,ORTHOPAEDIC HOSPITAL AT PARKVIEW NORTH LLC,11130 PARKVIEW CIRCLE DR,FORT WAYNE,IN,46845
150168,THE ORTHOPAEDIC HOSPITAL OF LUTHERAN HEALTH NETWOR,7952 W JEFFERSON BLVD,FORT WAYNE,IN,46804
150169,COMMUNITY HOSPITAL NORTH,7150 CLEARVISTA DR,INDIANAPOLIS,IN,46256
150172,PHYSICIANS' MEDICAL CENTER LLC,4023 REAS LN,NEW ALBANY,IN,47150
150173,INDIANA UNIVERSITY HEALTH ARNETT HOSPITAL,5165 MCCARTY LN,LAFAYETTE,IN,47905
150175,THE HEART HOSPITAL AT DEACONESS GATEWAY LLC,4007 GATEWAY BLVD,NEWBURGH,IN,47630
150176,KENTUCKIANA MEDICAL CENTER LLC,4601 MEDICAL PLAZA WAY,CLARKSVILLE,IN,47129
150177,UNITY MEDICAL AND SURGICAL HOSPITAL,4455 EDISON LAKES PKWY,MISHAWAKA,IN,46545
150179,FAIRBANKS,8102 CLEARVISTA PARKWAY,INDIANAPOLIS,IN,46256
150181,ST VINCENT FISHERS HOSPITAL INC,13861 OLIO ROAD,FISHERS,IN,46037
150182,FRANCISCAN ST FRANCIS HEALTH - CARMEL,12188 B NORTH MERIDIAN STREET,CARMEL,IN,46032
151300,COMMUNITY HOSPITAL OF BREMEN INC,1020 HIGH RD,BREMEN,IN,46506
151301,ST VINCENT RANDOLPH HOSPITAL INC,473 E GREENVILLE AVE,WINCHESTER,IN,47394
151302,INDIANA UNIVERSITY HEALTH BLACKFORD HOSPITAL,410 PILGRIM BLVD,HARTFORD CITY,IN,47348
151303,ST VINCENT JENNINGS HOSPITAL INC,301 HENRY ST,NORTH VERNON,IN,47265
151304,RUSH MEMORIAL HOSPITAL,1300 N MAIN ST,RUSHVILLE,IN,46173
151305,PULASKI MEMORIAL HOSPITAL,616 E 13TH ST,WINAMAC,IN,46996
151306,INDIANA UNIVERSITY HEALTH PAOLI HOSPITAL,642 W HOSPITAL RD,PAOLI,IN,47454
151307,ST VINCENT WILLIAMSPORT HOSPITAL INC,412 N MONROE ST,WILLIAMSPORT,IN,47993
151308,ST VINCENT MERCY HOSPITAL,1331 S A ST,ELWOOD,IN,46036
151309,ST VINCENT CLAY HOSPITAL INC,1206 E NATIONAL AVE,BRAZIL,IN,47834
151310,"PARKVIEW WABASH HOSPITAL, INC",710 N EAST ST,WABASH,IN,46992
151311,INDIANA UNIVERSITY HEALTH TIPTON HOSPITAL INC,1000 S MAIN ST,TIPTON,IN,46072
151312,INDIANA UNIVERSITY HEALTH WHITE MEMORIAL HOSPITAL,720 SOUTH SIXTH ST,MONTICELLO,IN,47960
151313,WOODLAWN HOSPITAL,1400 E 9TH ST,ROCHESTER,IN,46975
151314,ST VINCENT SALEM HOSPITAL INC,911 N SHELBY ST,SALEM,IN,47167
151315,CAMERON MEMORIAL COMMUNITY HOSPITAL INC,416 E MAUMEE ST,ANGOLA,IN,46703
151316,ST VINCENT FRANKFORT HOSPITAL INC,1300 S JACKSON ST,FRANKFORT,IN,46041
151317,GREENE COUNTY GENERAL HOSPITAL,1185 N 1000 W,LINTON,IN,47441
151318,DUKES MEMORIAL HOSPITAL,275 W 12TH ST,PERU,IN,46970
151319,GIBSON GENERAL HOSPITAL,1808 SHERMAN DR,PRINCETON,IN,47670
151320,JAY COUNTY HOSPITAL,500 W VOTAW ST,PORTLAND,IN,47371
151322,PERRY COUNTY MEMORIAL HOSPITAL,8885 SR 237,TELL CITY,IN,47586
151323,PARKVIEW LAGRANGE HOSPITAL,207 N TOWNLINE RD,LAGRANGE,IN,46761
151324,FRANCISCAN HEALTHCARE RENSSELAER,1104 E GRACE ST,RENSSELAER,IN,47978
151325,"ST MARY''S WARRICK HOSPITAL, INC",1116 MILLIS AVE,BOONVILLE,IN,47601
151326,UNION HOSPITAL CLINTON,801 S MAIN ST,CLINTON,IN,47842
151327,SULLIVAN COUNTY COMMUNITY HOSPITAL,2200 N SECTION ST,SULLIVAN,IN,47882
151328,INDIANA UNIVERSITY HEALTH BEDFORD HOSPITAL,2900 W 16TH ST,BEDFORD,IN,47421
151329,MARGARET MARY HEALTH,321 MITCHELL AVE,BATESVILLE,IN,47006
151330,ADAMS MEMORIAL HOSPITAL,1100 MERCER AVE,DECATUR,IN,46733
151331,HARRISON COUNTY HOSPITAL,1141 HOSPITAL DR NW,CORYDON,IN,47112
151332,DECATUR COUNTY MEMORIAL HOSPITAL,720 N LINCOLN ST,GREENSBURG,IN,47240
151333,PUTNAM COUNTY HOSPITAL,1542 S BLOOMINGTON ST,GREENCASTLE,IN,46135
151334,SCOTT MEMORIAL HOSPITAL,1451 N GARDNER ST,SCOTTSBURG,IN,47170
151335,ST VINCENT DUNN HOSPITAL INC,1600 23RD ST,BEDFORD,IN,47421
160001,CENTRAL IOWA HEALTHCARE,3 S 4TH AVE,MARSHALLTOWN,IA,50158
160005,ST ANTHONY REGIONAL HOSPITAL & NURSING HOME,311 SOUTH CLARK STREET,CARROLL,IA,51401
160008,KEOKUK AREA HOSPITAL,1600 MORGAN STREET,KEOKUK,IA,52632
160013,TRINITY MUSCATINE,1518 MULBERRY AVENUE,MUSCATINE,IA,52761
160016,TRINITY REGIONAL MEDICAL CENTER,802 KENYON RD,FORT DODGE,IA,50501
160024,IOWA LUTHERAN HOSPITAL,700 EAST UNIVERSITY AVENUE,DES MOINES,IA,50316
160028,CHI HEALTH MERCY COUNCIL BLUFFS,800 MERCY DRIVE,COUNCIL BLUFFS,IA,51503
160029,MERCY HOSPITAL,500 E MARKET STREET,IOWA CITY,IA,52245
160030,MARY GREELEY MEDICAL CENTER,1111 DUFF AVENUE,AMES,IA,50010
160032,SKIFF MEDICAL CENTER,204 N 4TH AVE E,NEWTON,IA,50208
160033,GENESIS MEDICAL CENTER-DAVENPORT,1227 EAST RUSHOLME STREET,DAVENPORT,IA,52803
160040,SARTORI MEMORIAL HOSPITAL,515 COLLEGE STREET,CEDAR FALLS,IA,50613
160045,ST LUKES HOSPITAL,1026 A AVE NE,CEDAR RAPIDS,IA,52402
160047,METHODIST JENNIE EDMUNDSON,933 EAST PIERCE STREET,COUNCIL BLUFFS,IA,51503
160057,GREAT RIVER MEDICAL CENTER,1221 SOUTH GEAR AVENUE,WEST BURLINGTON,IA,52655
160058,UNIVERSITY OF IOWA HOSPITAL & CLINICS,200 HAWKINS DRIVE,IOWA CITY,IA,52242
160064,MERCY MEDICAL CENTER-NORTH IOWA,1000 FOURTH STREET SW,MASON CITY,IA,50401
160067,COVENANT MEDICAL CENTER,3421 WEST NINTH STREET,WATERLOO,IA,50702
160069,MERCY MEDICAL CENTER-DUBUQUE,250 MERCY DRIVE,DUBUQUE,IA,52001
160079,MERCY MEDICAL CENTER - CEDAR RAPIDS,701 10TH STREET SE,CEDAR RAPIDS,IA,52403
160080,MERCY MEDICAL CENTER-CLINTON,1410 NORTH 4TH STREET,CLINTON,IA,52732
160082,IOWA METHODIST MEDICAL CENTER,1200 PLEASANT STREET,DES MOINES,IA,50309
160083,MERCY MEDICAL CENTER-DES MOINES,1111 6TH AVE,DES MOINES,IA,50314
160089,OTTUMWA REGIONAL HEALTH CENTER,1001 E PENNSYLVANIA,OTTUMWA,IA,52501
160101,BROADLAWNS MEDICAL CENTER,1801 HICKMAN ROAD,DES MOINES,IA,50314
160104,TRINITY BETTENDORF,4500 UTICA RIDGE ROAD,BETTENDORF,IA,52722
160110,ALLEN HOSPITAL,1825 LOGAN AVENUE,WATERLOO,IA,50703
160112,SPENCER MUNICIPAL HOSPITAL,1200 1ST AVENUE EAST,SPENCER,IA,51301
160117,FINLEY HOSPITAL,350 NORTH GRANDVIEW AVENUE,DUBUQUE,IA,52001
160122,FORT MADISON COMMUNITY HOSPITAL,5445 AVE O,FORT MADISON,IA,52627
160124,LAKES REGIONAL HEALTHCARE,2301 HIGHWAY 71,SPIRIT LAKE,IA,51360
160146,ST LUKES REGIONAL MEDICAL CENTER,2720 STONE PARK BOULEVARD,SIOUX CITY,IA,51104
160147,GRINNELL REGIONAL MEDICAL CENTER,210 FOURTH AVENUE,GRINNELL,IA,50112
160153,MERCY MEDICAL CENTER-SIOUX CITY,801 5TH ST,SIOUX CITY,IA,51101
161300,BAUM HARMON MERCY HOSPITAL,255 N WELCH AVENUE,PRIMGHAR,IA,51245
161301,IOWA SPECIALTY HOSPITAL - BELMOND,403 FIRST STREET SE,BELMOND,IA,50421
161302,IOWA SPECIALTY HOSPITAL-CLARION,1316 SOUTH MAIN STREET,CLARION,IA,50525
161303,GRUNDY COUNTY MEMORIAL HOSPITAL,201 EAST J AVENUE,GRUNDY CENTER,IA,50638
161304,CHI HEALTH  - MERCY CORNING,603 ROSARY DRIVE,CORNING,IA,50841
161306,JONES REGIONAL MEDICAL CENTER,1795 HIGHWAY 64 EAST,ANAMOSA,IA,52205
161307,HANCOCK COUNTY HEALTH SYSTEM,532 1ST ST NW,BRITT,IA,50423
161308,FRANKLIN GENERAL HOSPITAL,1720 CENTRAL AVENUE EAST,HAMPTON,IA,50441
161309,CHI HEALTH MISSOURI VALLEY,631 N 8TH ST,MISSOURI VALLEY,IA,51555
161310,ADAIR COUNTY MEMORIAL HOSPITAL,609 SE KENT,GREENFIELD,IA,50849
161311,HAWARDEN REGIONAL HEALTHCARE,1111 11TH STREET,HAWARDEN,IA,51023
161312,GUTTENBERG MUNICIPAL HOSPITAL,200 MAIN STREET,GUTTENBERG,IA,52052
161313,GENESIS MEDICAL CENTER-DEWITT,1118 11TH STREET,DEWITT,IA,52742
161316,GUNDERSEN PALMER LUTHERAN HOSPITAL AND CLINICS,112 JEFFERSON STREET,WEST UNION,IA,52175
161317,MARENGO MEMORIAL HOSPITAL,300 W MAY ST,MARENGO,IA,52301
161318,VETERANS MEMORIAL HOSPITAL,40 1ST STREET SE,WAUKON,IA,52172
161319,CENTRAL COMMUNITY HOSPITAL,901 DAVIDSON STREET NW,ELKADER,IA,52043
161320,COMMUNITY MEMORIAL HOSPITAL MEDICAL CENTER,909 WEST FIRST STREET,SUMNER,IA,50674
161321,SANFORD ROCK RAPIDS MEDICAL CENTER,801 SOUTH GREENE STREET,ROCK RAPIDS,IA,51246
161322,DALLAS COUNTY HOSPITAL,610 TENTH STREET,PERRY,IA,50220
161325,GREENE COUNTY MEDICAL CENTER,1000 WEST LINCOLNWAY,JEFFERSON,IA,50129
161326,MADISON COUNTY MEMORIAL HOSPITAL,300 WEST HUTCHINGS STREET,WINTERSET,IA,50273
161327,DAVIS COUNTY HOSPITAL,509 NORTH MADISON STREET,BLOOMFIELD,IA,52537
161328,REGIONAL HEALTH SERVICES OF HOWARD COUNTY,235 8TH AVENUE WEST,CRESCO,IA,52136
161329,JACKSON COUNTY REGIONAL HEALTH CENTER,700 W GROVE ST,MAQUOKETA,IA,52060
161330,AUDUBON COUNTY MEMORIAL HOSPITAL,515 PACIFIC STREET,AUDUBON,IA,50025
161331,MERCY MEDICAL CENTER-NEW HAMPTON,308 NORTH MAPLE AVENUE,NEW HAMPTON,IA,50659
161332,MANNING REGIONAL HEALTHCARE CENTER,1550 SIXTH STREET,MANNING,IA,51455
161333,STORY COUNTY HOSPITAL,640 SOUTH 19TH STREET,NEVADA,IA,50201
161335,BUCHANAN COUNTY HEALTH CENTER,1600 FIRST ST EAST,INDEPENDENCE,IA,50644
161336,HEGG MEMORIAL HEALTH CENTER,1202 21ST AVENUE,ROCK VALLEY,IA,51247
161337,VAN BUREN COUNTY HOSPITAL,304 FRANKLIN STREET,KEOSAUQUA,IA,52565
161338,MERCY HOSPITAL OF FRANCISCAN SISTERS-OELWEIN,201 EIGHTH AVENUE SE,OELWEIN,IA,50662
161339,WAVERLY HEALTH CENTER,312  9TH STREET SW,WAVERLY,IA,50677
161340,DECATUR COUNTY HOSPITAL,1405 NW CHURCH STREET,LEON,IA,50144
161341,LUCAS COUNTY HEALTH CENTER,1200 NORTH 7TH STREET,CHARITON,IA,50049
161342,MONROE COUNTY HOSPITAL,6580 165TH STREET,ALBIA,IA,52531
161343,REGIONAL MEDICAL CENTER,709 W MAIN STREET,MANCHESTER,IA,52057
161344,WASHINGTON COUNTY HOSPITAL AND CLINICS,400 EAST POLK STREET,WASHINGTON,IA,52353
161345,OSCEOLA COMMUNITY HOSPITAL,600 9TH AVENUE NORTH,SIBLEY,IA,51249
161346,SIOUX CENTER HEALTH,1101 9TH STREET SE,SIOUX CENTER,IA,51250
161347,FLOYD COUNTY MEDICAL CENTER,800 11TH ST,CHARLES CITY,IA,50616
161348,CLARKE COUNTY HOSPITAL,800 S FILLMORE ST,OSCEOLA,IA,50213
161349,VIRGINIA GAY HOSPITAL,502 NORTH 9TH AVENUE,VINTON,IA,52349
161350,STEWART MEMORIAL COMMUNITY HOSPITAL,1301 WEST MAIN STREET,LAKE CITY,IA,51449
161351,AVERA HOLY FAMILY HOSPITAL,826 NORTH 8TH STREET,ESTHERVILLE,IA,51334
161352,CLARINDA REGIONAL HEALTH CENTER,220 ESSIE DAVISON DRIVE,CLARINDA,IA,51632
161353,KOSSUTH REGIONAL HEALTH CENTER,1515 SOUTH PHILLIPS STREET,ALGONA,IA,50511
161354,HORN MEMORIAL HOSPITAL,701 E 2ND ST,IDA GROVE,IA,51445
161355,KNOXVILLE HOSPITAL & CLINICS,1002 SOUTH LINCOLN STREET,KNOXVILLE,IA,50138
161356,HENRY COUNTY HEALTH CENTER,407 S WHITE ST,MOUNT PLEASANT,IA,52641
161357,PALO ALTO COUNTY HOSPITAL,3201 1ST STREET,EMMETSBURG,IA,50536
161358,WAYNE COUNTY HOSPITAL,417 SOUTH EAST STREET,CORYDON,IA,50060
161359,BURGESS HEALTH CENTER,1600 DIAMOND STREET,ONAWA,IA,51040
161360,ORANGE CITY AREA HEALTH SYSTEM,1000 LINCOLN CIRCLE SE,ORANGE CITY,IA,51041
161361,VAN DIEST MEDICAL CENTER,2350 HOSPITAL DRIVE,WEBSTER CITY,IA,50595
161362,CHEROKEE REGIONAL MEDICAL CENTER,300 SIOUX VALLEY DRIVE,CHEROKEE,IA,51012
161363,MONTGOMERY COUNTY MEMORIAL HOSPITAL,2301 EASTERN AVENUE,RED OAK,IA,51566
161364,JEFFERSON COUNTY HEALTH CENTER,2000 S MAIN,FAIRFIELD,IA,52556
161365,GREATER REGIONAL MEDICAL CENTER,1700 WEST TOWNLINE ROAD,CRESTON,IA,50801
161366,SHENANDOAH MEDICAL CENTER,300 PERSHING AVENUE,SHENANDOAH,IA,51601
161367,PELLA REGIONAL HEALTH CENTER,404 JEFFERSON STREET,PELLA,IA,50219
161368,FLOYD VALLEY HOSPITAL,714 LINCOLN ST NE,LE MARS,IA,51031
161369,CRAWFORD COUNTY MEMORIAL HOSPITAL,100 MEDICAL PARKWAY,DENISON,IA,51442
161370,LORING HOSPITAL,211 HIGHLAND AVENUE PO BOX 217,SAC CITY,IA,50583
161371,WINNESHIEK MEDICAL CENTER,901 MONTGOMERY STREET,DECORAH,IA,52101
161372,BOONE COUNTY HOSPITAL,1015 UNION STREET,BOONE,IA,50036
161373,RINGGOLD COUNTY HOSPITAL,504 NORTH CLEVELAND STREET,MOUNT AYR,IA,50854
161374,MYRTUE MEDICAL CENTER,1213 GARFIELD AVENUE,HARLAN,IA,51537
161375,BUENA VISTA REGIONAL MEDICAL CENTER,1525 WEST 5TH STREET,STORM LAKE,IA,50588
161376,CASS COUNTY MEMORIAL HOSPITAL,1501 EAST TENTH STREET,ATLANTIC,IA,50022
161377,MERCY MEDICAL CENTER-CENTERVILLE,ONE ST JOSEPH'S DRIVE,CENTERVILLE,IA,52544
161378,MERCY MEDICAL CENTER-DYERSVILLE,1111 3RD STREET SW,DYERSVILLE,IA,52040
161379,MAHASKA  HEALTH PARTNERSHIP,1229 C AVENUE EAST,OSKALOOSA,IA,52577
161380,HANSEN FAMILY HOSPITAL,920 SOUTH OAK STREET,IOWA FALLS,IA,50126
161381,SANFORD SHELDON MEDICAL CENTER,118 NORTH 7TH AVENUE,SHELDON,IA,51201
170006,VIA CHRISTI HOSPITAL PITTSBURG INC,1 MT CARMEL WAY,PITTSBURG,KS,66762
170009,SAINT JOHN HOSPITAL,3500 SOUTH 4TH STREET,LEAVENWORTH,KS,66048
170012,SALINA REGIONAL HEALTH CENTER,400 SOUTH SANTA FE AVENUE,SALINA,KS,67401
170013,HAYS MEDICAL CENTER,2220 CANTERBURY DRIVE,HAYS,KS,67601
170014,RANSOM MEMORIAL HOSPITAL,1301 S MAIN STREET,OTTAWA,KS,66067
170016,ST FRANCIS HEALTH CENTER INC,1700 SW 7TH STREET,TOPEKA,KS,66606
170017,SUSAN B ALLEN MEMORIAL HOSPITAL,720 W CENTRAL ST,EL DORADO,KS,67042
170020,HUTCHINSON REGIONAL MEDICAL CENTER INC,1701 E 23RD AVENUE,HUTCHINSON,KS,67502
170023,ST CATHERINE HOSPITAL,401 EAST SPRUCE,GARDEN CITY,KS,67846
170027,PRATT REGIONAL MEDICAL CENTER,200 COMMODORE ST,PRATT,KS,67124
170039,SUMNER REGIONAL MEDICAL CENTER,1323 NORTH A STREET,WELLINGTON,KS,67152
170040,UNIVERSITY OF KANSAS HOSPITAL,3901 RAINBOW BLVD,KANSAS CITY,KS,66103
170049,OLATHE MEDICAL CENTER,20333 WEST 151ST STREET,OLATHE,KS,66061
170058,MERCY HOSPITAL-FORT SCOTT,401 WOODLAND HILLS BLVD,FORT SCOTT,KS,66701
170068,SOUTHWEST MEDICAL CENTER,315 WEST 15TH STREET,LIBERAL,KS,67901
170074,GEARY COMMUNITY HOSPITAL,1102 ST MARY'S ROAD,JUNCTION CITY,KS,66441
170075,MERCY HOSPITAL,218 E PACK ST,MOUNDRIDGE,KS,67107
170086,STORMONT VAIL HOSPITAL,1500 SW 10TH AVENUE,TOPEKA,KS,66604
170094,COFFEY COUNTY HOSPITAL,801 NORTH 4TH STREET,BURLINGTON,KS,66839
170103,NEWTON MEDICAL CENTER,600 MEDICAL CENTER DRIVE,NEWTON,KS,67114
170104,SHAWNEE MISSION MEDICAL CENTER,9100 W 74TH STREET,SHAWNEE MISSION,KS,66204
170105,MCPHERSON HOSPITAL INC,1000 HOSPITAL DRIVE,MCPHERSON,KS,67460
170109,MIAMI COUNTY MEDICAL CENTER,2100 BAPTISTE DRIVE,PAOLA,KS,66071
170110,BOB WILSON MEMORIAL GRANT COUNTY HOSPITAL,415 N MAIN STREET,ULYSSES,KS,67880
170120,LABETTE HEALTH,1902 SOUTH US HWY 59,PARSONS,KS,67357
170122,"VIA CHRISTI HOSPITALS WICHITA, INC",929 NORTH ST FRANCIS STREET,WICHITA,KS,67214
170123,WESLEY MEDICAL CENTER,550 N HILLSIDE STREET,WICHITA,KS,67214
170133,SAINT LUKE'S CUSHING HOSPITAL,711 MARSHALL STREET,LEAVENWORTH,KS,66048
170137,LAWRENCE MEMORIAL HOSPITAL,325 MAINE STREET,LAWRENCE,KS,66044
170142,"VIA CHRISTI HOSPITAL MANHATTAN, INC",1823 COLLEGE AVE,MANHATTAN,KS,66502
170145,COFFEYVILLE REGIONAL MEDICAL CENTER,1400 W 4TH ST,COFFEYVILLE,KS,67337
170146,PROVIDENCE MEDICAL CENTER,8929 PARALLEL PARKWAY,KANSAS CITY,KS,66112
170150,SOUTH CENTRAL KS  MED CENTER,6401 PATTERSON PARKWAY,ARKANSAS CITY,KS,67005
170166,MORTON COUNTY HOSPITAL,445 N HILLTOP,ELKHART,KS,67950
170175,WESTERN PLAINS MEDICAL COMPLEX,3001 AVENUE A,DODGE CITY,KS,67801
170176,OVERLAND PARK REG MED CTR,10500 QUIVIRA ROAD,OVERLAND PARK,KS,66215
170182,MENORAH MEDICAL CENTER,5721 WEST 119TH STREET,OVERLAND PARK,KS,66209
170183,KANSAS SURGERY & RECOVERY CENTER,2770 NORTH WEBB ROAD,WICHITA,KS,67226
170185,SAINT LUKE'S SOUTH HOSPITAL,12300 METCALF AVENUE,OVERLAND PARK,KS,66213
170186,KANSAS HEART HOSPITAL,3601 NORTH WEBB ROAD,WICHITA,KS,67226
170187,SALINA SURGICAL HOSPITAL,401 SOUTH SANTA FE AVENUE,SALINA,KS,67401
170188,KANSAS CITY ORTHOPAEDIC INSTITUTE,3651 COLLEGE BLVD,LEAWOOD,KS,66211
170190,MANHATTAN SURGICAL HOSPITAL LLC,1829 COLLEGE AVENUE,MANHATTAN,KS,66502
170191,GREAT BEND REGIONAL HOSPITAL,514 CLEVELAND STREET,GREAT BEND,KS,67530
170194,DOCTORS HOSPITAL LLC,4901 COLLEGE BLVD,LEAWOOD,KS,66211
170196,"KANSAS SPINE & SPECIALTY HOSPITAL, LLC",3333 NORTH WEBB ROAD,WICHITA,KS,67226
170197,KANSAS MEDICAL CENTER LLC,1124 WEST 21ST STREET,ANDOVER,KS,67002
170198,"SUMMIT SURGICAL, LLC",1818 EAST 23RD AVENUE,HUTCHINSON,KS,67502
170199,MINIMALLY INVASIVE SURGERY HOSPITAL,11217 LAKEVIEW AVENUE,LENEXA,KS,66219
170200,"VIA CHRISTI HOSPITAL WICHITA ST TERESA, INC",14800 WEST ST TERESA,WICHITA,KS,67235
170203,PREMIER SURGICAL INSTITUTE,1619 K 66,GALENA,KS,66739
171300,GRISELL MEMORIAL HOSPITAL,210 SOUTH VERMONT AVENUE,RANSOM,KS,67572
171301,ELLINWOOD DISTRICT HOSPITAL,605 N MAIN STREET,ELLINWOOD,KS,67526
171302,OSWEGO COMMUNITY HOSPITAL,800 BARKER DRIVE,OSWEGO,KS,67356
171304,ASHLAND HEALTH CENTER,709 OAK STREET,ASHLAND,KS,67831
171306,WICHITA COUNTY HEALTH CENTER,211 E EARL STREET,LEOTI,KS,67861
171307,RAWLINS COUNTY HEALTH CENTER,707 GRANT ST,ATWOOD,KS,67730
171308,MERCY HOSPITAL COLUMBUS,220 N PENNSYLVANIA AVENUE,COLUMBUS,KS,66725
171310,CHEYENNE COUNTY HOSPITAL,210 WEST 1ST STREET,ST FRANCIS,KS,67756
171311,ROOKS COUNTY HEALTH CENTER,1210 NORTH WASHINGTON,PLAINVILLE,KS,67663
171312,COMANCHE COUNTY HOSPITAL,2ND & FRISCO STREET,COLDWATER,KS,67029
171313,KEARNY COUNTY HOSPITAL,500 THORPE STREET,LAKIN,KS,67860
171314,FW HUSTON MEDICAL CENTER,408 DELAWARE STREET,WINCHESTER,KS,66097
171315,NEMAHA VALLEY COMMUNITY HOSPITAL,1600 COMMUNITY DR,SENECA,KS,66538
171316,ANDERSON COUNTY HOSPITAL,421 S MAPLE,GARNETT,KS,66032
171317,EDWARDS COUNTY HOSPITAL,620 WEST EIGHTH STREET,KINSLEY,KS,67547
171318,SEDAN CITY HOSPITAL,300 NORTH STREET,SEDAN,KS,67361
171319,HOLTON COMMUNITY HOSPITAL,1110 COLUMBINE DRIVE,HOLTON,KS,66436
171321,MEADE DISTRICT HOSPITAL,510 EAST CARTHAGE,MEADE,KS,67864
171322,HAMILTON COUNTY HOSPITAL,700 NORTH HUSER,SYRACUSE,KS,67878
171323,STAFFORD COUNTY HOSPITAL,502 S BUCKEYE,STAFFORD,KS,67578
171324,SATANTA DISTRICT HOSPITAL,CHEYENNE & APACHE,SATANTA,KS,67870
171325,GRAHAM COUNTY HOSPITAL,304 WEST PROUT STREET,HILL CITY,KS,67642
171327,ELLSWORTH COUNTY MEDICAL CENTER,1604 AYLWARD AVENUE,ELLSWORTH,KS,67439
171328,OTTAWA COUNTY HEALTH CENTER,215 E 8TH STREET,MINNEAPOLIS,KS,67467
171330,HOSPITAL DISTRICT #1 OF RICE COUNTY,619 SOUTH CLARK AVENUE,LYONS,KS,67554
171331,KIOWA DISTRICT HOSPITAL,1002 SOUTH 4TH STREET,KIOWA,KS,67070
171333,CLARA BARTON HOSPITAL,250 W 9TH STREET,HOISINGTON,KS,67544
171334,MEDICINE LODGE MEMORIAL HOSPITAL,710 N WALNUT STREET,MEDICINE LODGE,KS,67104
171335,STEVENS COUNTY HOSPITAL,1006 S JACKSON,HUGOTON,KS,67951
171336,NESS COUNTY HOSPITAL DISTRICT #2,312 CUSTER STREET,NESS CITY,KS,67560
171337,WAMEGO HEALTH CENTER,711 GENN DRIVE,WAMEGO,KS,66547
171338,SABETHA COMMUNITY HOSPITAL,14TH & OREGON,SABETHA,KS,66534
171339,GREENWOOD COUNTY HOSPITAL,100 W 16TH STREET,EUREKA,KS,67045
171340,HERINGTON MUNICIPAL HOSPITAL,100 E HELEN STREET,HERINGTON,KS,67449
171341,HIAWATHA COMMUNITY HOSPITAL,300 UTAH STREET,HIAWATHA,KS,66434
171342,RUSH COUNTY MEMORIAL HOSPITAL,801 LOCUST ST,LA CROSSE,KS,67548
171343,STANTON COUNTY HOSPITAL,404 N CHESTNUT,JOHNSON,KS,67855
171344,WILSON MEDICAL CENTER,REECE CAMPUS 2600 OTTAWA ROAD,NEODESHA,KS,66757
171345,PAWNEE VALLEY COMMUNITY HOSPITAL,923 CARROLL AVENUE,LARNED,KS,67550
171346,ANTHONY MEDICAL CENTER,1101 EAST SPRING STREET,ANTHONY,KS,67003
171347,SHERIDAN COUNTY HOSPITAL,826  18TH STREET,HOXIE,KS,67740
171348,NORTON COUNTY HOSPITAL,102 E HOLME STREET,NORTON,KS,67654
171349,CLOUD COUNTY HEALTH CENTER,1100 HIGHLAND DRIVE,CONCORDIA,KS,66901
171350,RUSSELL REGIONAL HOSPITAL,200 S MAIN STREET,RUSSELL,KS,67665
171351,WASHINGTON COUNTY HOSPITAL,304 E 3RD STREET,WASHINGTON,KS,66968
171352,DECATUR COUNTY HOSPITAL,810 W  COLUMBIA STREET,OBERLIN,KS,67749
171353,PHILLIPS COUNTY HEALTH SYSTEMS,1150 STATE STREET,PHILLIPSBURG,KS,67661
171354,"COMMUNITY HOSPITAL, ONAGA AND ST MARYS CAMPUS",120 WEST 8TH STREET,ONAGA,KS,66521
171355,TREGO COUNTY LEMKE MEMORIAL HOSPITAL,320 THIRTEENTH ST,WA KEENEY,KS,67672
171356,ST LUKE HOSPITAL & LIVING CENTER,535 SOUTH FREEBRON,MARION,KS,66861
171357,HILLSBORO COMMUNITY HOSPITAL,701 S MAIN STREET,HILLSBORO,KS,67063
171358,LINDSBORG COMMUNITY HOSPITAL,605 W LINCOLN STREET,LINDSBORG,KS,67456
171359,GREELEY COUNTY HEALTH SERVICES,506 3RD STREET,TRIBUNE,KS,67879
171360,LINCOLN COUNTY HOSPITAL,624 N SECOND,LINCOLN,KS,67455
171361,REPUBLIC COUNTY HOSPITAL,2420 G STREET,BELLEVILLE,KS,66935
171362,CITIZENS MEDICAL CENTER,100 E COLLEGE DRIVE,COLBY,KS,67701
171363,"COMMUNITY MEMORIAL HEALTHCARE, INC",708 N 18TH STREET,MARYSVILLE,KS,66508
171364,OSBORNE COUNTY MEMORIAL HOSPITAL,424 W NEW HAMPSHIRE STREET,OSBORNE,KS,67473
171365,HANOVER HOSPITAL,205 S HANOVER STREET,HANOVER,KS,66945
171366,HARPER HOSPITAL DISTRICT NO 5,700 WEST 13TH,HARPER,KS,67058
171367,GOVE COUNTY MEDICAL CENTER,520 WEST 5TH STREET,QUINTER,KS,67752
171368,MINNEOLA DISTRICT HOSPITAL NBR 2,212 MAIN,MINNEOLA,KS,67865
171369,HODGEMAN COUNTY HEALTH CENTER,809 BRAMLEY,JETMORE,KS,67854
171370,GOODLAND REGIONAL MEDICAL CENTER,220 WEST SECOND STREET,GOODLAND,KS,67735
171371,CLAY COUNTY MEDICAL CENTER,617 LIBERTY,CLAY CENTER,KS,67432
171372,SCOTT COUNTY HOSPITAL,201 ALBERT AVENUE,SCOTT CITY,KS,67871
171373,ALLEN COUNTY REGIONAL HOSPITAL,3066 NORTH KENTUCKY STREET,IOLA,KS,66749
171374,FREDONIA REGIONAL HOSPITAL,1527 MADISON,FREDONIA,KS,66736
171375,MITCHELL COUNTY HOSPITAL HEALTH SYSTEMS,"400 W 8TH STREET, P O BOX 399",BELOIT,KS,67420
171376,GIRARD MEDICAL CENTER,302 NORTH HOSPITAL DRIVE,GIRARD,KS,66743
171377,SMITH COUNTY MEMORIAL HOSPITAL,614 SOUTH MAIN STREET,SMITH CENTER,KS,66967
171378,KINGMAN COMMUNITY HOSPITAL,750 W AVE D,KINGMAN,KS,67068
171379,MORRIS COUNTY HOSPITAL,600 N WASHINGTON ST,COUNCIL GROVE,KS,66846
171380,NEOSHO MEMORIAL REGIONAL MEDICAL CENTER,629 SOUTH PLUMMER,CHANUTE,KS,66720
171381,MEMORIAL HOSPITAL,511 NE 10TH ST,ABILENE,KS,67410
171382,ATCHISON HOSPITAL,800 RAVIN HILL DRIVE,ATCHISON,KS,66002
171383,WILLIAM NEWTON HOSPITAL,1300 EAST FIFTH AVENUE,WINFIELD,KS,67156
171384,NEWMAN REGIONAL HEALTH,1201 WEST 12TH AVENUE,EMPORIA,KS,66801
173300,CHILDREN'S MERCY HOSPITAL KANSAS,5808 W 110TH STREET,OVERLAND PARK,KS,66211
180001,ST ELIZABETH FT THOMAS,85 NORTH GRAND AVENUE,FORT THOMAS,KY,41075
180002,WHITESBURG ARH HOSPITAL,240 HOSPITAL ROAD,WHITESBURG,KY,41858
180004,OWENSBORO HEALTH MUHLENBERG COMMUNITY HOSPITAL,440 HOPKINSVILLE STREET,GREENVILLE,KY,42345
180005,HIGHLANDS REGIONAL MEDICAL CENTER,5000 KENTUCKY ROUTE 321,PRESTONSBURG,KY,41653
180009,KING'S DAUGHTERS' MEDICAL CENTER,2201 LEXINGTON AVENUE,ASHLAND,KY,41101
180010,SAINT JOSEPH HOSPITAL,ONE SAINT JOSEPH DRIVE,LEXINGTON,KY,40504
180011,SAINT JOSEPH LONDON,1001 SAINT JOSEPH LANE,LONDON,KY,40741
180012,HARDIN MEMORIAL HOSPITAL,913 NORTH DIXIE AVENUE,ELIZABETHTOWN,KY,42701
180013,THE MEDICAL CENTER AT BOWLING GREEN,250 PARK STREET,BOWLING GREEN,KY,42101
180016,JEWISH HOSPITAL - SHELBYVILLE,727 HOSPITAL DRIVE,SHELBYVILLE,KY,40065
180017,T J SAMSON COMMUNITY HOSPITAL,1301 NORTH RACE STREET,GLASGOW,KY,42141
180018,ST CLAIRE REGIONAL MEDICAL CENTER,222 MEDICAL CIRCLE,MOREHEAD,KY,40351
180019,MEADOWVIEW REGIONAL MEDICAL CENTER,989 MEDICAL PARK DRIVE,MAYSVILLE,KY,41056
180020,MIDDLESBORO APPALACHIAN REGIONAL HEALTHCARE HOSPIT,3600 WEST CUMBERLAND AVENUE,MIDDLESBORO,KY,40965
180021,PINEVILLE COMMUNITY HOSPITAL,850 RIVERVIEW AVENUE,PINEVILLE,KY,40977
180024,SPRING VIEW HOSPITAL,320 LORETTO ROAD,LEBANON,KY,40033
180025,FLAGET MEMORIAL HOSPITAL,4305 NEW SHEPHERDSVILLE ROAD,BARDSTOWN,KY,40004
180027,MURRAY-CALLOWAY COUNTY HOSPITAL,803 POPLAR STREET,MURRAY,KY,42071
180029,HAZARD ARH REGIONAL MEDICAL CENTER,100 MEDICAL CENTER DRIVE,HAZARD,KY,41701
180035,ST ELIZABETH MEDICAL CENTER NORTH,1 MEDICAL VILLAGE DRIVE,EDGEWOOD,KY,41017
180036,OUR LADY OF BELLEFONTE HOSPITAL,1000 SAINT CHRISTOPHER DRIVE,ASHLAND,KY,41101
180038,OWENSBORO HEALTH REGIONAL HOSPITAL,1201 PLEASANT VALLEY ROAD,OWENSBORO,KY,42303
180040,JEWISH HOSPITAL & ST MARY'S HEALTHCARE,200 ABRAHAM FLEXNER WAY,LOUISVILLE,KY,40202
180043,MEMORIAL HOSPITAL,210 MARIE LANGDON DRIVE,MANCHESTER,KY,40962
180044,PIKEVILLE MEDICAL CENTER,911 BYPASS ROAD,PIKEVILLE,KY,41501
180045,ST ELIZABETH FLORENCE,4900 HOUSTON ROAD,FLORENCE,KY,41042
180046,BOURBON COMMUNITY HOSPITAL,9 LINVILLE DRIVE,PARIS,KY,40361
180048,EPHRAIM MCDOWELL REGIONAL MEDICAL CENTER,217 SOUTH THIRD STREET,DANVILLE,KY,40422
180049,BAPTIST HEALTH RICHMOND,801 EASTERN BYPASS,RICHMOND,KY,40475
180050,HARLAN ARH HOSPITAL,81 BALL PARK ROAD,HARLAN,KY,40831
180051,JENNIE STUART MEDICAL CENTER,320 WEST 18TH STREET,HOPKINSVILLE,KY,42240
180053,FLEMING COUNTY HOSPITAL,55 FOUNDATION DRIVE,FLEMINGSBURG,KY,41041
180056,METHODIST HOSPITAL,1305 N ELM ST,HENDERSON,KY,42420
180064,SAINT JOSEPH MOUNT STERLING,225 FALCON DRIVE,MOUNT STERLING,KY,40353
180066,LOGAN MEMORIAL HOSPITAL,1625 NASHVILLE STREET,RUSSELLVILLE,KY,42276
180067,UNIVERSITY OF KENTUCKY HOSPITAL,800 ROSE STREET,LEXINGTON,KY,40536
180069,TUG VALLEY ARH REGIONAL MEDICAL CENTER,260 HOSPITAL DRIVE,SOUTH WILLIAMSON,KY,41503
180070,TWIN LAKES REGIONAL MEDICAL CENTER,910 WALLACE AVENUE,LEITCHFIELD,KY,42754
180078,PAUL B HALL REGIONAL MEDICAL CENTER,625 JAMES S TRIMBLE BOULEVARD,PAINTSVILLE,KY,41240
180079,HARRISON MEMORIAL HOSPITAL,1210 KY HWY 36 E,CYNTHIANA,KY,41031
180080,BAPTIST HEALTH CORBIN,ONE TRILLIUM WAY,CORBIN,KY,40701
180087,TAYLOR REGIONAL HOSPITAL,1700 OLD LEBANON ROAD,CAMPBELLSVILLE,KY,42718
180088,NORTON HOSPITAL/NORTON MEDICAL PAVILIONS/KOSAIR CH,200 EAST CHESTNUT STREET,LOUISVILLE,KY,40202
180092,CLARK REGIONAL MEDICAL CENTER,175 HOSPITAL DRIVE,WINCHESTER,KY,40391
180093,BAPTIST HEALTH MADISONVILLE,900 HOSPITAL DRIVE,MADISONVILLE,KY,42431
180095,CRITTENDEN HEALTH SYSTEM,520 WEST GUM STREET,MARION,KY,42064
180101,GEORGETOWN COMMUNITY HOSPITAL,1140 LEXINGTON ROAD,GEORGETOWN,KY,40324
180102,LOURDES HOSPITAL,1530 LONE OAK ROAD,PADUCAH,KY,42003
180103,BAPTIST HEALTH LEXINGTON,1740 NICHOLASVILLE ROAD,LEXINGTON,KY,40503
180104,BAPTIST HEALTH PADUCAH,2501 KENTUCKY AVENUE,PADUCAH,KY,42003
180105,MONROE COUNTY MEDICAL CENTER,529 CAPP HARLAN ROAD,TOMPKINSVILLE,KY,42167
180106,"CLINTON COUNTY HOSPITAL, INC",723 BURKESVILLE ROAD,ALBANY,KY,42602
180115,ROCKCASTLE REGIONAL HOSPITAL & RESPIRATORY CARE CT,145 NEWCOMB AVENUE,MOUNT VERNON,KY,40456
180116,JACKSON PURCHASE MEDICAL CENTER,1099 MEDICAL CENTER CIRCLE,MAYFIELD,KY,42066
180124,GREENVIEW REGIONAL HOSPITAL,1801 ASHLEY CIRCLE,BOWLING GREEN,KY,42104
180127,FRANKFORT REGIONAL MEDICAL CENTER,299 KINGS DAUGHTERS DRIVE,FRANKFORT,KY,40601
180128,THREE RIVERS MEDICAL CENTER,2485 HIGHWAY 644,LOUISA,KY,41230
180130,BAPTIST HEALTH LOUISVILLE,4000 KRESGE WAY,LOUISVILLE,KY,40207
180132,LAKE CUMBERLAND REGIONAL HOSPITAL,305 LANGDON STREET,SOMERSET,KY,42502
180138,BAPTIST HEALTH LA GRANGE,1025 NEW MOODY LANE,LA GRANGE,KY,40031
180139,KENTUCKY RIVER MEDICAL CENTER,540 JETT DRIVE,JACKSON,KY,41339
180141,UNIVERSITY OF LOUISVILLE HOSPITAL,530 SOUTH JACKSON STREET,LOUISVILLE,KY,40202
180143,SAINT JOSEPH EAST,150 NORTH EAGLE CREEK DRIVE,LEXINGTON,KY,40509
180149,T J HEALTH COLUMBIA,901 WESTLAKE DRIVE,COLUMBIA,KY,42728
181301,MARCUM AND WALLACE MEMORIAL HOSPITAL,60 MERCY COURT,IRVINE,KY,40336
181302,THE JAMES B HAGGIN MEMORIAL HOSPITAL,464 LINDEN AVENUE,HARRODSBURG,KY,40330
181304,TRIGG COUNTY HOSPITAL,254 MAIN STREET,CADIZ,KY,42211
181305,SAINT JOSEPH MARTIN,11203 MAIN STREET,MARTIN,KY,41649
181306,METHODIST HOSPITAL UNION COUNTY,4604 US HIGHWAY 60 WEST,MORGANFIELD,KY,42437
181307,MORGAN COUNTY ARH HOSPITAL,476 LIBERTY ROAD,WEST LIBERTY,KY,41472
181308,BLUEGRASS COMMUNITY HOSPITAL,360 AMSDEN AVENUE,VERSAILLES,KY,40383
181309,CASEY COUNTY HOSPITAL,187 WOLFORD AVENUE,LIBERTY,KY,42539
181310,CARROLL COUNTY MEMORIAL HOSPITAL,309 ELEVENTH STREET,CARROLLTON,KY,41008
181311,ST ELIZABETH GRANT,238 BARNES ROAD,WILLIAMSTOWN,KY,41097
181312,ST ELIZABETH OWEN,330 ROLAND AVENUE,OWENTON,KY,40359
181314,THE MEDICAL CENTER AT CAVERNA,1501 SOUTH DIXIE STREET,HORSE CAVE,KY,42749
181315,EPHRAIM MCDOWELL FORT LOGAN HOSPITAL,110 METKER TRAIL,STANFORD,KY,40484
181316,MARY BRECKINRIDGE ARH HOSPITAL,130 KATE IRELAND DRIVE,HYDEN,KY,41749
181317,CUMBERLAND COUNTY HOSPITAL,299 GLASGOW ROAD,BURKESVILLE,KY,42717
181318,THE MEDICAL CENTER AT FRANKLIN,1100 BROOKHAVEN ROAD,FRANKLIN,KY,42135
181319,BRECKINRIDGE MEMORIAL HOSPITAL,1011 OLD HIGHWAY 60,HARDINSBURG,KY,40143
181320,"LIVINGSTON HOSPITAL AND HEALTHCARE SERVICES, INC",131 HOSPITAL DRIVE,SALEM,KY,42078
181321,WAYNE COUNTY HOSPITAL,166 HOSPITAL STREET,MONTICELLO,KY,42633
181322,CALDWELL MEDICAL CENTER,100 MEDICAL CENTER DRIVE,PRINCETON,KY,42445
181323,OHIO COUNTY HOSPITAL,1211 OLD MAIN STREET,HARTFORD,KY,42347
181324,THE MEDICAL CENTER AT SCOTTSVILLE,456 BURNLEY ROAD,SCOTTSVILLE,KY,42164
181325,JANE TODD CRAWFORD HOSPITAL,202-206 MILBY STREET,GREENSBURG,KY,42743
181327,MARSHALL COUNTY HOSPITAL,615 OLD SYMSONIA ROAD,BENTON,KY,42025
181328,BARBOURVILLE ARH HOSPITAL,80 HOSPITAL DRIVE,BARBOURVILLE,KY,40906
181329,SAINT JOSEPH BEREA,305 ESTILL STREET,BEREA,KY,40403
181330,RUSSELL COUNTY HOSPITAL,153 DOWELL ROAD,RUSSELL SPRINGS,KY,42642
181331,MCDOWELL ARH HOSPITAL,9879 KENTUCKY ROUTE 122,MC DOWELL,KY,41647
190002,LAFAYETTE GENERAL MEDICAL CENTER,1214 COOLIDGE AVENUE,LAFAYETTE,LA,70503
190003,DAUTERIVE HOSPITAL,600 NORTH LEWIS STREET,NEW IBERIA,LA,70563
190004,THIBODAUX REGIONAL MEDICAL CENTER,602 N ACADIA ROAD,THIBODAUX,LA,70301
190005,UNIVERSITY MEDICAL CENTER NEW ORLEANS,2000 CANAL STREET,NEW ORLEANS,LA,70112
190006,UNIVERSITY HOSPITAL & CLINICS,2390 WEST CONGRESS,LAFAYETTE,LA,70506
190007,NATCHITOCHES REGIONAL MEDICAL CENTER,501 KEYSER AVE,NATCHITOCHES,LA,71457
190008,TERREBONNE GENERAL MEDICAL CENTER,8166 MAIN STREET,HOUMA,LA,70360
190011,UNIVERSITY HEALTH CONWAY,4864 JACKSON STREET,MONROE,LA,71202
190013,WEST CALCASIEU CAMERON HOSPITAL,701 EAST CYPRESS STREET,SULPHUR,LA,70663
190014,TECHE REGIONAL MEDICAL CENTER,1125 MARGUERITE STREET,MORGAN CITY,LA,70380
190015,"NORTH OAKS MEDICAL CENTER, L L C",15790 PAUL VEGA MD DRIVE,HAMMOND,LA,70403
190017,OPELOUSAS GENERAL HEALTH SYSTEM,539 EAST PRUDHOMME STREET,OPELOUSAS,LA,70570
190019,CHRISTUS ST FRANCES CABRINI HOSPITAL,3330 MASONIC DRIVE,ALEXANDRIA,LA,71301
190020,LANE REGIONAL MEDICAL CENTER,6300 MAIN STREET,ZACHARY,LA,70791
190025,SAVOY MEDICAL CENTER,801 POINCIANA AVENUE,MAMOU,LA,70554
190026,RAPIDES REGIONAL MEDICAL CENTER,211 4TH STREET,ALEXANDRIA,LA,71301
190027,CHRISTUS ST PATRICK HOSPITAL,524 DR MICHAEL DEBAKEY STREET,LAKE CHARLES,LA,70601
190034,ABBEVILLE GENERAL HOSPITAL,118 N HOSPITAL DR,ABBEVILLE,LA,70510
190036,OCHSNER MEDICAL CENTER,1516 JEFFERSON HWY,NEW ORLEANS,LA,70121
190039,WEST JEFFERSON MEDICAL CENTER,1101 MEDICAL CENTER BLVD,MARRERO,LA,70072
190040,SLIDELL MEMORIAL HOSPITAL,1001 GAUSE BLVD,SLIDELL,LA,70458
190041,CHRISTUS HEALTH SHREVEPORT - BOSSIER,1453 E BERT KOUNS INDUSTRIAL DRIVE,SHREVEPORT,LA,71105
190044,ACADIA GENERAL HOSPITAL,1305 CROWLEY RAYNE HIGHWAY,CROWLEY,LA,70526
190045,ST TAMMANY PARISH HOSPITAL,1202 S TYLER STREET,COVINGTON,LA,70433
190046,TOURO INFIRMARY,1401 FOUCHER STREET,NEW ORLEANS,LA,70115
190050,BEAUREGARD MEMORIAL HOSPITAL,600 S PINE STREET,DERIDDER,LA,70634
190053,JENNINGS AMERICAN LEGION HOSPITAL,1634 ELTON ROAD,JENNINGS,LA,70546
190054,IBERIA GENERAL HOSPITAL AND MEDICAL CENTER,2315 E MAIN STREET,NEW IBERIA,LA,70562
190060,LAKE CHARLES MEMORIAL HOSPITAL,1701 OAK PARK BLVD,LAKE CHARLES,LA,70601
190064,OUR LADY OF THE LAKE REGIONAL MEDICAL CENTER,5000 HENNESSY BLVD,BATON ROUGE,LA,70808
190065,BATON ROUGE GENERAL MEDICAL CENTER,3600 FLORIDA STREET,BATON ROUGE,LA,70806
190079,ST CHARLES PARISH HOSPITAL,1057 PAUL MAILLARD ROAD,LULING,LA,70070
190081,WEST CARROLL MEMORIAL HOSPITAL,706 ROSS STREET,OAK GROVE,LA,71263
190086,NORTHERN LOUISIANA MEDICAL CENTER,401 EAST VAUGHN AVENUE,RUSTON,LA,71270
190088,SPRINGHILL MEDICAL CENTER,2001 DOCTORS DRIVE,SPRINGHILL,LA,71075
190090,WINN PARISH MEDICAL CENTER,301 W BOUNDARY STREET,WINNFIELD,LA,71483
190098,UNIVERSITY HEALTH SHREVEPORT,1541 KINGS HIGHWAY,SHREVEPORT,LA,71103
190099,AVOYELLES HOSPITAL,4231 HIGHWAY 1192,MARKSVILLE,LA,71351
190102,"OUR LADY OF LOURDES REGIONAL MEDICAL CENTER, INC",4801 AMBASSADOR CAFFERY PARKWAY,LAFAYETTE,LA,70508
190106,OAKDALE COMMUNITY HOSPITAL,130 N HOSPITAL DR,OAKDALE,LA,71463
190111,WILLIS KNIGHTON MEDICAL CENTER,2600 GREENWOOD ROAD,SHREVEPORT,LA,71103
190114,CLAIBORNE MEMORIAL MEDICAL CENTER,620 EAST COLLEGE STREET,HOMER,LA,71040
190116,MOREHOUSE GENERAL HOSPITAL,323 W WALNUT,BASTROP,LA,71220
190118,DESOTO REGIONAL HEALTH SYSTEM,207 JEFFERSON STREET,MANSFIELD,LA,71052
190125,ST FRANCIS MEDICAL CENTER,309 JACKSON STREET,MONROE,LA,71201
190128,WOMAN'S HOSPITAL,100 WOMAN'S WAY,BATON ROUGE,LA,70817
190133,ALLEN PARISH HOSPITAL,108 6TH AVENUE,KINDER,LA,70648
190140,FRANKLIN MEDICAL CENTER,2106 LOOP ROAD,WINNSBORO,LA,71295
190144,MINDEN MEDICAL CENTER,NO 1 MEDICAL PLAZA,MINDEN,LA,71055
190145,LASALLE GENERAL HOSPITAL,187 NINTH ST/HWY 84 WEST,JENA,LA,71342
190146,EAST JEFFERSON GENERAL HOSPITAL,4200 HOUMA BLVD,METAIRIE,LA,70006
190151,RICHARDSON MEDICAL CENTER,254 HIGHWAY 3048,RAYVILLE,LA,71269
190160,GLENWOOD REGIONAL MEDICAL CENTER,503 MCMILLAN ROAD,WEST MONROE,LA,71291
190164,BYRD REGIONAL HOSPITAL,1020 FERTITTA BLVD,LEESVILLE,LA,71446
190167,MERCY REGIONAL MEDICAL CENTER,800 E MAIN,VILLE PLATTE,LA,70586
190176,TULANE MEDICAL CENTER,1415 TULANE AVE,NEW ORLEANS,LA,70112
190177,LAKEVIEW REGIONAL MEDICAL CENTER,95 JUDGE TANNER BOULEVARD,COVINGTON,LA,70433
190183,LEONARD J CHABERT MEDICAL CENTER,1978 INDUSTRIAL BLVD,HOUMA,LA,70363
190184,CITIZENS MEDICAL CENTER,7939 U S HWY 165 SOUTH,COLUMBIA,LA,71418
190190,"CALDWELL MEMORIAL HOSPITAL, INC",411 MAIN STREET,COLUMBIA,LA,71418
190199,VILLA FELICIANA MEDICAL COMPLEX,5002 HIGHWAY 10,JACKSON,LA,70748
190201,LAKE AREA MEDICAL CENTER,4200 NELSON ROAD,LAKE CHARLES,LA,70605
190202,OCHSNER MEDICAL CENTER - BATON ROUGE,17000 MEDICAL CENTER DR,BATON ROUGE,LA,70816
190204,"OCHSNER MEDICAL CENTER - NORTHSHORE, L L C",100 MEDICAL CENTER DRIVE,SLIDELL,LA,70461
190205,WOMEN'S AND CHILDREN'S HOSPITAL,4600 AMBASSADOR CAFFERY PARKWAY,LAFAYETTE,LA,70508
190208,EAST CARROLL PARISH HOSPITAL,336 NORTH HOOD STREET,LAKE PROVIDENCE,LA,71254
190218,SABINE MEDICAL CENTER,240 HIGHLAND DRIVE,MANY,LA,71449
190236,WILLIS KNIGHTON BOSSIER HEALTH CENTER,2400 HOSPITAL DR,BOSSIER CITY,LA,71111
190241,PHYSICIANS MEDICAL CENTER,218 CORPORATE DRIVE,HOUMA,LA,70360
190242,ST ELIZABETH HOSPITAL,1125 WEST HIGHWAY 30,GONZALES,LA,70737
190245,MONROE SURGICAL HOSPITAL,2408 BROADMOOR BLVD,MONROE,LA,71201
190246,P & S SURGICAL HOSPITAL,312 GRAMMONT ST SUITE 101,MONROE,LA,71201
190250,LOUISIANA HEART HOSPITAL,64030 HIGHWAY 434,LACOMBE,LA,70445
190251,SURGICAL SPECIALTY CENTER OF BATON ROUGE,8080 BLUEBONNET BLVD,BATON ROUGE,LA,70810
190255,PARK PLACE SURGICAL HOSPITAL,4811 AMBASSADOR CAFFERY PARKWAY,LAFAYETTE,LA,70508
190256,STERLING SURGICAL HOSPITAL,989 ROBERT BLVD,SLIDELL,LA,70458
190259,LAFAYETTE SURGICAL SPECIALTY HOSPITAL,1101 KALISTE SALOOM RD,LAFAYETTE,LA,70508
190261,OUACHITA COMMUNITY HOSPITAL,1275 GLENNWOOD DRIVE,WEST MONROE,LA,71291
190263,HEART HOSPITAL OF LAFAYETTE,1105 KALISTE SALOOM ROAD,LAFAYETTE,LA,70508
190266,THE SPINE HOSPITAL OF LOUISIANA,"10105 PARK ROW CIRCLE, SUITE 250",BATON ROUGE,LA,70810
190267,FAIRWAY MEDICAL CENTER,67252 INDUSTRY LANE,COVINGTON,LA,70433
190268,LAFAYETTE GENERAL SURGICAL HOSPITAL,1000 W PINHOOK RD SUITE 100,LAFAYETTE,LA,70503
190270,SOUTHERN SURGICAL HOSPITAL,1700 W LINDBERG DRIVE,SLIDELL,LA,70458
190274,OCHSNER MEDICAL CENTER KENNER,180 WEST ESPLANADE AVENUE,KENNER,LA,70065
190278,SPECIALISTS HOSPITAL SHREVEPORT,1500 LINE AVENUE,SHREVEPORT,LA,71101
190297,DOCTORS HOSPITAL AT DEER CREEK LLC,815 SOUTH 10TH STREET,LEESVILLE,LA,71446
190298,CENTRAL LOUISIANA SURGICAL HOSPITAL,651 NORTH BOLTON AVE,ALEXANDRIA,LA,71301
190303,CYPRESS POINTE SURGICAL HOSPITAL,42570 SOUTH AIRPORT RD,HAMMOND,LA,70403
190307,SOUTH CAMERON MEMORIAL HOSPITAL,5360 WEST CREOLE HWY,CAMERON,LA,70631
190308,ST BERNARD PARISH HOSPITAL,8000 WEST JUDGE PEREZ DRIVE,CHALMETTE,LA,70043
190312,OUR LADY OF THE ANGELS HOSPITAL,433 PLAZA STREET,BOGALUSA,LA,70427
190313,NEW ORLEANS EAST HOSPITAL,5620 READ BLVD,NEW ORLEANS,LA,70127
191300,ST HELENA PARISH HOSPITAL CAH,16874 HIGHWAY 43,GREENSBURG,LA,70441
191301,UNION GENERAL HOSPITAL,901 JAMES AVE,FARMERVILLE,LA,71241
191302,ST MARTIN HOSPITAL,210 CHAMPAGNE BOULEVARD,BREAUX BRIDGE,LA,70517
191303,ASSUMPTION COMMUNITY HOSPITAL,135 HIGHWAY 402,NAPOLEONVILLE,LA,70390
191304,NORTH CADDO MEDICAL CENTER,715 SOUTH PINE STREET,VIVIAN,LA,71082
191305,ST JAMES PARISH HOSPITAL,1645 LUTCHER AVENUE,LUTCHER,LA,70071
191306,WEST FELICIANA PARISH HOSPITAL,5266 COMMERCE STREET,SAINT FRANCISVILLE,LA,70775
191309,HOOD MEMORIAL HOSPITAL,301 W WALNUT STREET,AMITE,LA,70422
191310,FRANKLIN FOUNDATION HOSPITAL,1097 NORTHWEST BLVD,FRANKLIN,LA,70538
191312,CHRISTUS COUSHATTA HEALTH CARE CENTER,1635 MARVEL STREET,COUSHATTA,LA,71019
191313,RIVERSIDE MEDICAL CENTER,1900 SOUTH MAIN ST,FRANKLINTON,LA,70438
191315,HARDTNER MEDICAL CENTER,1102 N PINE ROAD,OLLA,LA,71465
191316,POINTE COUPEE GENERAL HOSPITAL,2202 FALSE RIVER DRIVE,NEW ROADS,LA,70760
191317,JACKSON PARISH HOSPITAL,165 BEECH SPRINGS ROAD,JONESBORO,LA,71251
191318,RIVERLAND MEDICAL CENTER,1700  WALLACE BLVD,FERRIDAY,LA,71334
191320,BIENVILLE MEDICAL CENTER,1175 PINE STREET,ARCADIA,LA,71001
191321,LALLIE KEMP MEDICAL CENTER,52579 HIGHWAY 51 SOUTH,INDEPENDENCE,LA,70443
191322,ABROM KAPLAN MEMORIAL HOSPITAL,1310 WEST SEVENTH STREET,KAPLAN,LA,70548
191323,RICHLAND PARISH HOSPITAL-DELHI,407 CINCINNATI STREET,DELHI,LA,71232
191324,OCHSNER ST ANNE GENERAL HOSPITAL,4608 HIGHWAY 1,RACELAND,LA,70394
191325,LADY OF THE SEA GENERAL HOSPITAL,200 WEST 134TH PLACE,CUT OFF,LA,70345
191326,REEVES MEMORIAL MEDICAL CENTER,409 FIRST STREET,BERNICE,LA,71222
200001,ST JOSEPH HOSPITAL,360 BROADWAY,BANGOR,ME,4401
200008,MERCY HOSPITAL,144 STATE STREET,PORTLAND,ME,4101
200009,MAINE MEDICAL CENTER,22 BRAMHALL ST,PORTLAND,ME,4102
200018,AROOSTOOK MEDICAL CENTER,PO BOX 151,PRESQUE ISLE,ME,4769
200019,SOUTHERN MAINE HEALTH CARE,1 MEDICAL CENTER DRIVE,BIDDEFORD,ME,4005
200020,YORK HOSPITAL,15 HOSPITAL DRIVE,YORK,ME,3909
200021,MID COAST HOSPITAL,123 MEDICAL CENTER DRIVE,BRUNSWICK,ME,4011
200024,CENTRAL MAINE MEDICAL CENTER,300 MAIN STREET,LEWISTON,ME,4240
200031,CARY MEDICAL CENTER,"163 VAN BUREN RD, SUITE 1",CARIBOU,ME,4736
200033,EASTERN MAINE MEDICAL CENTER,PO BOX 404,BANGOR,ME,4401
200034,ST MARYS REGIONAL MEDICAL CENTER,CAMPUS AVENUE - PO BOX 7291,LEWISTON,ME,4240
200037,FRANKLIN MEMORIAL HOSPITAL,111 FRANKLIN HEALTH COMMONS,FARMINGTON,ME,4938
200039,MAINEGENERAL MEDICAL CENTER,35 MEDICAL CENTER PARKWAY,AUGUSTA,ME,4330
200041,INLAND HOSPITAL,200 KENNEDY MEMORIAL DRIVE,WATERVILLE,ME,4901
200050,MAINE COAST MEMORIAL HOSPITAL,50 UNION STREET,ELLSWORTH,ME,4605
200052,NORTHERN MAINE MEDICAL CENTER,194 E MAIN STREET,FORT KENT,ME,4743
200063,PENOBSCOT BAY MEDICAL CENTER,6 GLEN COVE DRIVE,ROCKPORT,ME,4856
201300,BLUE HILL MEMORIAL HOSPITAL,57 WATER STREET,BLUE HILL,ME,4614
201301,CHARLES A DEAN MEMORIAL HOSPITAL,PRITHAM AVENUE PO BOX 1129,GREENVILLE,ME,4441
201302,ST ANDREWS HOSPITAL,35 MILES STREET,DAMARISCOTTA,ME,4543
201303,PENOBSCOT VALLEY HOSPITAL,"7 TRANSALPINE ROAD, PO BOX 368",LINCOLN,ME,4457
201304,MOUNT DESERT ISLAND HOSPITAL,"10 WAYMAN LANE, PO BOX 8",BAR HARBOR,ME,4609
201305,CALAIS REGIONAL HOSPITAL,24 HOSPITAL LANE,CALAIS,ME,4619
201306,RUMFORD  HOSPITAL,420 FRANKLIN STREET,RUMFORD,ME,4276
201307,MILLINOCKET REGIONAL HOSPITAL,200 SOMERSET STREET,MILLINOCKET,ME,4462
201308,HOULTON REGIONAL HOSPITAL,20 HARTFORD STREET,HOULTON,ME,4730
201309,MAYO REGIONAL HOSPITAL,897 WEST MAIN STREET,DOVER FOXCROFT,ME,4426
201310,BRIDGTON HOSPITAL,10 HOSPITAL DRIVE,BRIDGTON,ME,4009
201311,DOWN EAST COMMUNITY HOSPITAL,11 HOSPITAL DRIVE,MACHIAS,ME,4654
201312,WALDO COUNTY GENERAL HOSPITAL,PO BOX 287,BELFAST,ME,4915
201313,SEBASTICOOK VALLEY HEALTH,447 NORTH MAIN STREET,PITTSFIELD,ME,4967
201314,REDINGTON FAIRVIEW GENERAL HOSPITAL,46 FAIRVIEW AVE   PO BOX 468,SKOWHEGAN,ME,4976
201315,STEPHENS MEMORIAL HOSPITAL,181 MAIN STREET,NORWAY,ME,4268
210001,MERITUS MEDICAL CENTER,11116 MEDICAL CAMPUS ROAD,HAGERSTOWN,MD,21742
210002,UNIVERSITY OF MARYLAND MEDICAL CENTER,22 SOUTH  GREENE STREET,BALTIMORE,MD,21201
210003,PRINCE GEORGES  HOSPITAL CENTER,3001 HOSPITAL DRIVE,CHEVERLY,MD,20785
210004,HOLY CROSS HOSPITAL,1500 FOREST GLEN ROAD,SILVER SPRING,MD,20910
210005,FREDERICK MEMORIAL HOSPITAL,400 WEST SEVENTH ST,FREDERICK,MD,21701
210006,UNIVERSITY OF MARYLAND HARFORD MEMORIAL HOSPITAL,501 SOUTH  UNION AVENUE,HAVRE DE GRACE,MD,21078
210008,MERCY MEDICAL CENTER INC,301 SAINT PAUL PLACE,BALTIMORE,MD,21202
210009,"JOHNS HOPKINS HOSPITAL, THE",600 NORTH  WOLFE STREET,BALTIMORE,MD,21287
210011,SAINT AGNES HOSPITAL,900 CATON AVENUE,BALTIMORE,MD,21229
210012,SINAI HOSPITAL OF BALTIMORE,2401 WEST BELVEDERE AVENUE,BALTIMORE,MD,21215
210013,BON SECOURS HOSPITAL,2000 W BALTIMORE STREET,BALTIMORE,MD,21223
210015,MEDSTAR FRANKLIN SQUARE MEDICAL CENTER,9000 FRANKLIN SQUARE DRIVE,BALTIMORE,MD,21237
210016,ADVENTIST HEALTHCARE WASHINGTON ADVENTIST HOSPITAL,7600 CARROLL AVENUE,TAKOMA PARK,MD,20912
210017,GARRETT COUNTY MEMORIAL HOSPITAL,251 NORTH  FOURTH STREET,OAKLAND,MD,21550
210018,MEDSTAR MONTGOMERY MEDICAL CENTER,18101 PRINCE PHILIP DRIVE,OLNEY,MD,20832
210019,PENINSULA REGIONAL MEDICAL CENTER,100 EAST CARROLL AVENUE,SALISBURY,MD,21801
210022,SUBURBAN HOSPITAL,8600 OLD GEORGETOWN ROAD,BETHESDA,MD,20814
210023,ANNE ARUNDEL MEDICAL CENTER,2001 MEDICAL PARKWAY,ANNAPOLIS,MD,21401
210024,MEDSTAR UNION MEMORIAL HOSPITAL,201 EAST UNIVERSITY PARKWAY,BALTIMORE,MD,21218
210027,WESTERN MARYLAND REGIONAL MEDICAL CENTER,12500 WILLOWBROOK ROAD,CUMBERLAND,MD,21502
210028,MEDSTAR SAINT MARY'S HOSPITAL,25500 POINT LOOKOUT ROAD,LEONARDTOWN,MD,20650
210029,JOHNS HOPKINS BAYVIEW MEDICAL CENTER,4940 EASTERN AVENUE,BALTIMORE,MD,21224
210030,UNIVERSITY OF MD SHORE MEDICAL CTR AT CHESTERTOWN,100 BROWN STREET,CHESTERTOWN,MD,21620
210032,UNION HOSPITAL OF CECIL COUNTY,106 BOW STREET,ELKTON,MD,21921
210033,CARROLL HOSPITAL CENTER,200 MEMORIAL AVENUE,WESTMINSTER,MD,21157
210034,MEDSTAR HARBOR HOSPITAL,3001 SOUTH  HANOVER STREET,BALTIMORE,MD,21225
210035,UNIVERSITY OF MD CHARLES REGIONAL  MEDICAL CENTER,5 GARRETT AVENUE,LA PLATA,MD,20646
210037,UNIVERSITY OF MD SHORE MEDICAL CENTER AT EASTON,219 SOUTH  WASHINGTON STREET,EASTON,MD,21601
210038,UNIVERSITY OF MD MEDICAL CENTER MIDTOWN CAMPUS,827 LINDEN AVENUE,BALTIMORE,MD,21201
210039,CALVERT MEMORIAL HOSPITAL,100 HOSPITAL ROAD,PRINCE FREDERICK,MD,20678
210040,NORTHWEST HOSPITAL CENTER,5401 OLD COURT ROAD,RANDALLSTOWN,MD,21133
210043,UNIVERSITY OF MD BALTO WASHINGTON  MEDICAL CENTER,301 HOSPITAL DRIVE,GLEN BURNIE,MD,21061
210044,GREATER BALTIMORE MEDICAL CENTER,6701 NORTH  CHARLES STREET,BALTIMORE,MD,21204
210045,EDWARD MCCREADY MEMORIAL HOSPITAL,201 HALL HIGHWAY,CRISFIELD,MD,21817
210048,HOWARD COUNTY GENERAL HOSPITAL,5755 CEDAR LANE,COLUMBIA,MD,21044
210049,UNIVERSITY OF M D UPPER CHESAPEAKE MEDICAL CENTER,500 UPPER CHESAPEAKE DRIVE,BEL AIR,MD,21014
210051,DOCTORS'  COMMUNITY HOSPITAL,8118 GOOD LUCK ROAD,LANHAM,MD,20706
210055,LAUREL REGIONAL MEDICAL CENTER,7300 VAN DUSEN ROAD,LAUREL,MD,20707
210056,MEDSTAR GOOD SAMARITAN HOSPITAL,5601 LOCH RAVEN BOULEVARD,BALTIMORE,MD,21239
210057,ADVENTIST HEALTHCARE SHADY GROVE MEDICAL CENTER,9901 MEDICAL CENTER DRIVE,ROCKVILLE,MD,20850
210060,FORT WASHINGTON HOSPITAL,11711 LIVINGSTON ROAD,FORT WASHINGTON,MD,20744
210061,ATLANTIC GENERAL HOSPITAL,9733 HEALTHWAY DRIVE,BERLIN,MD,21811
210062,MEDSTAR SOUTHERN MARYLAND HOSPITAL CENTER,7503 SURRATTS ROAD,CLINTON,MD,20735
210063,UNIVERSITY OF MARYLAND ST JOSEPH MEDICAL CENTER,7601 OSLER DRIVE,TOWSON,MD,21204
210064,LEVINDALE HEBREW GERIATRIC CENTER AND HOSPITAL,2434 WEST BELVEDERE AVENUE,BALTIMORE,MD,21215
210065,HOLY CROSS GERMANTOWN HOSPITAL,19801 OBSERVATION DRIVE,GERMANTOWN,MD,20876
220001,"HEALTHALLIANCE HOSPITALS, INC",60 HOSPITAL ROAD,LEOMINSTER,MA,1453
220002,MOUNT AUBURN HOSPITAL,330 MOUNT AUBURN STREET,CAMBRIDGE,MA,2138
220008,STURDY MEMORIAL HOSPITAL,211 PARK STREET,ATTLEBORO,MA,2703
220010,LAWRENCE GENERAL HOSPITAL,ONE GENERAL STREET,LAWRENCE,MA,1842
220011,CAMBRIDGE HEALTH ALLIANCE,1493 CAMBRIDGE STREET,CAMBRIDGE,MA,2138
220012,CAPE COD HOSPITAL,88 LEWIS BAY ROAD,HYANNIS,MA,2601
220015,"COOLEY DICKINSON HOSPITAL INC,THE",30 LOCUST STREET,NORTHAMPTON,MA,1060
220016,BAYSTATE FRANKLIN MEDICAL CENTER,164 HIGH STREET,GREENFIELD,MA,1301
220017,CARNEY HOSPITAL,2100 DORCHESTER AVENUE,BOSTON,MA,2124
220019,HARRINGTON MEMORIAL HOSPITAL-1,100 SOUTH STREET,SOUTHBRIDGE,MA,1550
220020,SAINT ANNE'S HOSPITAL,795 MIDDLE STREET,FALL RIVER,MA,2721
220024,HOLYOKE MEDICAL CENTER,575 BEECH STREET,HOLYOKE,MA,1040
220029,ANNA JAQUES HOSPITAL,25 HIGHLAND AVENUE,NEWBURYPORT,MA,1950
220030,BAYSTATE WING HOSPITAL AND MEDICAL CENTERS,40 WRIGHT STREET,PALMER,MA,1069
220031,BOSTON MEDICAL CENTER CORPORATION-,1 BOSTON MEDICAL CENTER PLACE,BOSTON,MA,2118
220033,BEVERLY HOSPITAL CORPORATION,85 HERRICK STREET,BEVERLY,MA,1915
220035,NORTH SHORE MEDICAL CENTER,81 HIGHLAND AVENUE,SALEM,MA,1970
220036,ST ELIZABETH'S MEDICAL CENTER,736 CAMBRIDGE STREET,BRIGHTON,MA,2135
220046,BERKSHIRE MEDICAL CENTER INC,725 NORTH STREET,PITTSFIELD,MA,1201
220049,MARLBOROUGH HOSPITAL,157 UNION STREET,MARLBOROUGH,MA,1752
220050,BAYSTATE MARY LANE HOSPITAL,85 SOUTH STREET,WARE,MA,1082
220052,SIGNATURE HEALTHCARE BROCKTON HOSPITAL,680 CENTER STREET,BROCKTON,MA,2302
220058,CLINTON HOSPITAL ASSOCIATION,201 HIGHLAND STREET,CLINTON,MA,1510
220060,BETH ISRAEL DEACONESS HOSPITAL - PLYMOUTH,275 SANDWICH STREET,PLYMOUTH,MA,2360
220062,ADCARE HOSPITAL OF WORCESTER INC,107 LINCOLN STREET,WORCESTER,MA,1605
220063,LOWELL GENERAL HOSPITAL,295 VARNUM AVENUE,LOWELL,MA,1854
220065,NOBLE HOSPITAL,115 WEST SILVER STREET,WESTFIELD,MA,1085
220066,MERCY MEDICAL CTR,271 CAREW STREET,SPRINGFIELD,MA,1104
220070,HALLMARK HEALTH SYSTEM,585 LEBANON STREET,MELROSE,MA,2176
220071,MASSACHUSETTS GENERAL HOSPITAL,55 FRUIT STREET,BOSTON,MA,2114
220073,MORTON HOSPITAL,88 WASHINGTON STREET,TAUNTON,MA,2780
220074,"SOUTHCOAST HOSPITAL GROUP, INC",363 HIGHLAND AVENUE,FALL RIVER,MA,2720
220075,MASSACHUSETTS EYE AND EAR INFIRMARY,243 CHARLES STREET,BOSTON,MA,2114
220077,BAYSTATE MEDICAL CENTER,759 CHESTNUT STREET,SPRINGFIELD,MA,1199
220080,HOLY FAMILY HOSPITAL,70 EAST STREET,METHUEN,MA,1844
220083,BETH ISRAEL DEACONESS HOSPITAL - NEEDHAM,148 CHESTNUT STREET,NEEDHAM,MA,2494
220084,EMERSON HOSPITAL,OLD ROAD TO 9 ACRE CORNER,W CONCORD,MA,1742
220086,BETH ISRAEL DEACONESS MEDICAL CENTER,330 BROOKLINE AVENUE,BOSTON,MA,2215
220088,NEW ENGLAND BAPTIST HOSPITAL,125 PARKER HILL AVENUE,BOSTON,MA,2120
220090,MILFORD REGIONAL MEDICAL CENTER,14 PROSPECT STREET,MILFORD,MA,1757
220095,HEYWOOD HOSPITAL,242 GREEN STREET,GARDNER,MA,1440
220098,NASHOBA VALLEY MEDICAL CENTER,200 GROTON ROAD,AYER,MA,1432
220100,SOUTH SHORE HOSPITAL,55 FOGG ROAD,SOUTH WEYMOUTH,MA,2190
220101,NEWTON-WELLESLEY HOSPITAL,2014 WASHINGTON STREET,NEWTON,MA,2462
220105,WINCHESTER HOSPITAL,41 HIGHLAND AVENUE,WINCHESTER,MA,1890
220108,BETH ISRAEL DEACONESS HOSPITAL-MILTON INC,199 REEDSDALE ROAD,MILTON,MA,2186
220110,BRIGHAM AND WOMEN'S HOSPITAL,75 FRANCIS STREET,BOSTON,MA,2115
220111,GOOD SAMARITAN MEDICAL CENTER,235 NORTH PEARL STREET,BROCKTON,MA,2301
220116,TUFTS MEDICAL CENTER,800 WASHINGTON STREET,BOSTON,MA,2111
220119,BRIGHAM AND WOMEN'S FAULKNER HOSPITAL,1153 CENTRE STREET,BOSTON,MA,2130
220126,NORWOOD HOSPITAL,800 WASHINGTON STREET,NORWOOD,MA,2062
220135,FALMOUTH HOSPITAL,67 & 100 TER HEUN DRIVE,FALMOUTH,MA,2540
220163,UMASS MEMORIAL MEDICAL CENTER INC,55 LAKE AVENUE NORTH,WORCESTER,MA,1655
220171,"LAHEY HOSPITAL & MEDICAL CENTER, BURLINGTON",41 & 45 MALL ROAD,BURLINGTON,MA,1803
220175,METROWEST MEDICAL CENTER,115 LINCOLN STREET,FRAMINGHAM,MA,1701
220176,ST VINCENT HOSPITAL,123 SUMMER STREET,WORCESTER,MA,1608
220177,NANTUCKET COTTAGE HOSPITAL,57 PROSPECT STREET,NANTUCKET,MA,2554
221300,MARTHA'S VINEYARD HOSPITAL INC,ONE HOSPITAL ROAD PO BOX 1477,OAK BLUFFS,MA,2557
221302,FAIRVIEW HOSPITAL,29 LEWIS AVENUE,GREAT BARRINGTON,MA,1230
221303,ATHOL MEMORIAL HOSPITAL,2033 MAIN STREET,ATHOL,MA,1331
223302,BOSTON CHILDREN'S HOSPITAL,300 LONGWOOD AVENUE,BOSTON,MA,2115
230002,ST MARY MERCY HOSPITAL,36475 FIVE MILE ROAD,LIVONIA,MI,48154
230003,SPECTRUM HEALTH ZEELAND COMMUNITY HOSPITAL,8333 FELCH ST,ZEELAND,MI,49464
230005,PROMEDICA BIXBY HOSPITAL,818 RIVERSIDE AVENUE,ADRIAN,MI,49221
230013,DOCTORS' HOSPITAL OF MICHIGAN,461 W HURON ST,PONTIAC,MI,48341
230015,THREE RIVERS HEALTH,701 S HEALTH PARKWAY,THREE RIVERS,MI,49093
230017,BRONSON METHODIST HOSPITAL,601 JOHN STREET,KALAMAZOO,MI,49007
230019,PROVIDENCE - PROVIDENCE PARK HOSPITAL,16001 W NINE MILE RD,SOUTHFIELD,MI,48075
230020,BEAUMONT HOSPITAL - DEARBORN,18101 OAKWOOD BLVD,DEARBORN,MI,48124
230021,"LAKELAND HOSPITAL, ST JOSEPH",1234 NAPIER AVENUE,ST JOSEPH,MI,49085
230022,COMMUNITY HEALTH CENTER OF BRANCH COUNTY,274 E CHICAGO ST,COLDWATER,MI,49036
230024,SINAI-GRACE HOSPITAL,6071 W OUTER DRIVE,DETROIT,MI,48235
230029,ST JOSEPH MERCY OAKLAND,44405 WOODWARD AVE,PONTIAC,MI,48341
230030,MIDMICHIGAN MEDICAL CENTER-GRATIOT,300 E WARWICK DR,ALMA,MI,48801
230031,LAKE HURON MEDICAL CENTER,2601 ELECTRIC AVENUE,PORT HURON,MI,48060
230035,SPECTRUM HEALTH UNITED MEMORIAL - UNITED CAMPUS,615 S BOWER STREET,GREENVILLE,MI,48838
230036,MIDMICHGAN MEDICAL CENTER - ALPENA,1501 W CHISHOLM ST,ALPENA,MI,49707
230037,HILLSDALE HOSPITAL,168 S HOWELL STREET,HILLSDALE,MI,49242
230038,SPECTRUM HEALTH - BUTTERWORTH CAMPUS,100 MICHIGAN ST NE,GRAND RAPIDS,MI,49503
230040,SPECTRUM HEALTH PENNOCK,1009 W GREEN ST,HASTINGS,MI,49058
230041,MCLAREN BAY REGION,1900 COLUMBUS AVE,BAY CITY,MI,48708
230046,UNIVERSITY OF MICHIGAN HEALTH SYSTEM,"1500 E MEDICAL CENTER DRIVE, SPC 5474",ANN ARBOR,MI,48109
230047,HENRY FORD MACOMB HOSPITAL,15855 NINETEEN MILE RD,CLINTON TOWNSHIP,MI,48038
230053,HENRY FORD HOSPITAL,2799 W GRAND BLVD,DETROIT,MI,48202
230054,UP HEALTH SYSTEM - MARQUETTE,420 W MAGNETIC,MARQUETTE,MI,49855
230055,DICKINSON COUNTY MEMORIAL HOSPITAL,1721 S STEPHENSON AVE,IRON MOUNTAIN,MI,49801
230058,MUNSON HEALTHCARE GRAYLING HOSPITAL,1100 E MICHIGAN AVE,GRAYLING,MI,49738
230059,SAINT MARY'S HEALTH CARE,200 JEFFERSON AVENUE SE,GRAND RAPIDS,MI,49503
230066,MERCY HEALTH MUSKEGON,1700 CLINTON STREET,MUSKEGON,MI,49442
230069,SAINT JOSEPH MERCY LIVINGSTON HOSPITAL,620 BYRON RD,HOWELL,MI,48843
230070,COVENANT MEDICAL CENTER,1447 N HARRISON,SAGINAW,MI,48602
230071,STRAITH HOSPITAL FOR SPECIAL SURGERY,23901 LAHSER,SOUTHFIELD,MI,48033
230072,HOLLAND COMMUNITY HOSPITAL,602 MICHIGAN AVE,HOLLAND,MI,49423
230075,BRONSON BATTLE CREEK HOSPITAL,300 NORTH AVENUE,BATTLE CREEK,MI,49017
230077,ST MARY'S OF MICHIGAN MEDICAL CENTER,800 S WASHINGTON AVENUE,SAGINAW,MI,48601
230078,LAKELAND HOSPITAL WATERVLIET,400 MEDICAL PARK DR,WATERVLIET,MI,49098
230080,MCLAREN CENTRAL MICHIGAN,1221 SOUTH DRIVE,MOUNT PLEASANT,MI,48858
230081,MUNSON HEALTHCARE CADILLAC HOSPITAL,400 HOBART ST,CADILLAC,MI,49601
230085,SOUTH HAVEN COMMUNITY HOSPITAL,955 S BAILEY AVE,SOUTH HAVEN,MI,49090
230089,"BEAUMONT HOSPITAL, GROSSE POINTE",468 CADIEUX RD,GROSSE POINTE,MI,48230
230092,HENRY FORD ALLEGIANCE HEALTH,205 N EAST AVE,JACKSON,MI,49201
230093,SPECTRUM HEALTH BIG RAPIDS HOSPITAL,605 OAK STREET,BIG RAPIDS,MI,49307
230095,WEST BRANCH REGIONAL MEDICAL CENTER,2463 SOUTH M-30,WEST BRANCH,MI,48661
230096,STURGIS HOSPITAL,916 MYRTLE AVE,STURGIS,MI,49091
230097,MUNSON MEDICAL CENTER,1105 SIXTH STREET,TRAVERSE CITY,MI,49684
230099,PROMEDICA MONROE REGIONAL HOSPITAL,718 N MACOMB ST,MONROE,MI,48162
230100,TAWAS ST JOSEPH HOSPITAL,200 HEMLOCK,TAWAS CITY,MI,48764
230104,HARPER UNIVERSITY HOSPITAL,3990 JOHN R STREET,DETROIT,MI,48201
230105,MCLAREN - NORTHERN MICHIGAN,416 CONNABLE AVE,PETOSKEY,MI,49770
230108,UP HEALTH SYSTEM PORTAGE,500 CAMPUS DRIVE,HANCOCK,MI,49930
230110,SPECTRUM HEALTH LUDINGTON HOSPITAL,ONE N ATKINSON DRIVE,LUDINGTON,MI,49431
230117,BORGESS MEDICAL CENTER,1521 GULL ROAD,KALAMAZOO,MI,49048
230118,HURON MEDICAL CENTER,1100 SOUTH VAN DYKE ROAD,BAD AXE,MI,48413
230121,MEMORIAL HEALTHCARE,826 WEST KING STREET,OWOSSO,MI,48867
230130,"BEAUMONT HOSPITAL, ROYAL OAK",3601 W THIRTEEN MILE RD,ROYAL OAK,MI,48073
230132,HURLEY MEDICAL CENTER,ONE HURLEY PLAZA,FLINT,MI,48503
230133,OTSEGO MEMORIAL HOSPITAL,825 N CENTER AVE,GAYLORD,MI,49735
230141,MCLAREN FLINT,401 S BALLENGER HIGHWAY,FLINT,MI,48532
230142,BEAUMONT HOSPITAL - WAYNE,33155 ANNAPOLIS AVE,WAYNE,MI,48184
230144,FOREST HEALTH MEDICAL CENTER,135 S PROSPECT ST,YPSILANTI,MI,48198
230146,HENRY FORD WYANDOTTE HOSPITAL,2333 BIDDLE AVE,WYANDOTTE,MI,48192
230151,BEAUMONT HOSPITAL - FARMINGTON HILLS,28050 GRAND RIVER AVENUE,FARMINGTON HILLS,MI,48336
230156,ST JOSEPH MERCY HOSPITAL,5301 E HURON RIVER DR,ANN ARBOR,MI,48106
230165,ST JOHN HOSPITAL AND MEDICAL CENTER,22101 MOROSS RD,DETROIT,MI,48236
230167,MCLAREN GREATER LANSING,401 W GREENLAWN AVE,LANSING,MI,48910
230174,NORTH OTTAWA COMMUNITY HEALTH SYSTEM,1309 SHELDON RD,GRAND HAVEN,MI,49417
230176,BEAUMONT HOSPITAL - TRENTON,5450 FORT STREET,TRENTON,MI,48183
230180,MIDMICHIGAN MEDICAL CENTER-CLARE,703 N MCEWAN ST,CLARE,MI,48617
230193,MCLAREN LAPEER REGION,1375 N MAIN ST,LAPEER,MI,48446
230195,ST JOHN MACOMB-OAKLAND HOSPITAL-MACOMB CENTER,11800 EAST TWELVE MILE ROAD,WARREN,MI,48093
230197,GENESYS REGIONAL MEDICAL CENTER - HEALTH PARK,ONE GENESYS PARKWAY,GRAND BLANC,MI,48439
230207,MCLAREN OAKLAND,50 NORTH PERRY,PONTIAC,MI,48342
230208,SPARROW CARSON HOSPITAL,406 EAST ELM ST,CARSON CITY,MI,48811
230216,MCLAREN PORT HURON,1221 PINE GROVE AVE,PORT HURON,MI,48060
230217,OAKLAWN HOSPITAL,200 N MADISON,MARSHALL,MI,49068
230222,MIDMICHIGAN MEDICAL CENTER-MIDLAND,4000 WELLNESS DRIVE,MIDLAND,MI,48670
230227,MCLAREN MACOMB,1000 HARRINGTON BLVD,MOUNT CLEMENS,MI,48043
230230,EDWARD W SPARROW HOSPITAL,1215 E MICHIGAN AVENUE,LANSING,MI,48912
230236,METRO HEALTH HOSPITAL,"5900 BYRON CENTER AVENUE, SW",WYOMING,MI,49519
230239,CHIPPEWA COUNTY WAR MEMORIAL HOSPITAL,500 OSBORN BLVD,SAULT SAINTE MARIE,MI,49783
230241,ST JOHN RIVER DISTRICT HOSPITAL,4100 RIVER RD,EAST CHINA,MI,48054
230244,GARDEN CITY HOSPITAL,6245 INKSTER RD,GARDEN CITY,MI,48135
230254,CRITTENTON HOSPITAL MEDICAL CENTER,1101 W UNIVERSITY DRIVE,ROCHESTER,MI,48307
230259,ST JOSEPH MERCY CHELSEA,775 S MAIN ST,CHELSEA,MI,48118
230264,SOUTHEAST MICHIGAN SURGICAL HOSPITAL,21230 DEQUINDRE ROAD,WARREN,MI,48091
230269,"BEAUMONT HOSPITAL, TROY",44201 DEQUINDRE ROAD,TROY,MI,48085
230270,BEAUMONT HOSPITAL - TAYLOR,10000 TELEGRAPH ROAD,TAYLOR,MI,48180
230273,DETROIT RECEIVING HOSPITAL & UNIV HEALTH CENTER,4201 ST ANTOINE ST - 3M,DETROIT,MI,48201
230275,HEALTHSOURCE SAGINAW,3340 HOSPITAL ROAD,SAGINAW,MI,48603
230277,HURON VALLEY-SINAI HOSPITAL,ONE WILLIAM CARLS DRIVE,COMMERCE TOWNSHIP,MI,48382
230279,BRIGHTON HOSPITAL,12851 GRAND RIVER RD,BRIGHTON,MI,48116
230297,KARMANOS CANCER CENTER,4100 JOHN R,DETROIT,MI,48201
230301,OAKLAND REGIONAL HOSPITAL,22401 FOSTER WINTER DRIVE,SOUTHFIELD,MI,48075
230302,HENRY FORD WEST BLOOMFIELD HOSPITAL,6777 WEST MAPLE ROAD,WEST BLOOMFIELD,MI,48322
230303,WEST SHORE MEDICAL CENTER,1465 E PARKDALE AVE,MANISTEE,MI,49660
231300,PAUL OLIVER MEMORIAL HOSPITAL,224 PARK AVENUE,FRANKFORT,MI,49635
231301,KALKASKA MEMORIAL HEALTH CENTER,419 S CORAL,KALKASKA,MI,49646
231303,SCHOOLCRAFT MEMORIAL HOSPITAL,7870W US HIGHWAY 2,MANISTIQUE,MI,49854
231304,HELEN NEWBERRY JOY HOSPITAL,502 W HARRIE ST,NEWBERRY,MI,49868
231305,SAINT MARY'S STANDISH COMMUNITY HOSPITAL,805 W CEDAR ST,STANDISH,MI,48658
231306,MACKINAC STRAITS HOSPITAL AND HEALTH CENTER,1140 N STATE STREET,SAINT IGNACE,MI,49781
231307,BARAGA COUNTY MEMORIAL HOSPITAL,18341 US HIGHWAY 41,L' ANSE,MI,49946
231308,MUNISING MEMORIAL HOSPITAL,1500 SAND POINT RD,MUNISING,MI,49862
231309,"ASPIRUS ONTONAGON HOSPITAL, INC",601 S SEVENTH ST,ONTONAGON,MI,49953
231310,SCHEURER HOSPITAL,170 N CASEVILLE RD,PIGEON,MI,48755
231311,DECKERVILLE COMMUNITY HOSPITAL,3559 PINE ST,DECKERVILLE,MI,48427
231312,SHERIDAN COMMUNITY HOSPITAL,301 N MAIN ST,SHERIDAN,MI,48884
231313,HARBOR BEACH COMMUNITY HOSPITAL,210 S FIRST ST,HARBOR BEACH,MI,48441
231314,MCKENZIE HEALTH SYSTEM,120 N DELAWARE STREET,SANDUSKY,MI,48471
231315,BORGESS-LEE MEMORIAL HOSPITAL,420 W HIGH STREET,DOWAGIAC,MI,49047
231316,HILLS & DALES GENERAL HOSPITAL,4675 HILL STREET,CASS CITY,MI,48726
231317,SPECTRUM HEALTH KELSEY HOSPITAL,418 WASHINGTON,LAKEVIEW,MI,48850
231318,"ASPIRUS IRON RIVER HOSPITAL & CLINICS, INC",1400 W ICE LAKE ROAD,IRON RIVER,MI,49935
231319,ASPIRUS KEWEENAW HOSPITAL,205 OSCEOLA,LAURIUM,MI,49913
231320,MERCY HEALTH LAKESHORE CAMPUS,72 SOUTH STATE STREET,SHELBY,MI,49455
231321,BELL HOSPITAL,901 LAKESHORE DRIVE,ISHPEMING,MI,49849
231322,MUNSON HEALTHCARE CHARLEVOIX HOSPITAL,14700 LAKESHORE DRIVE,CHARLEVOIX,MI,49720
231323,SPECTRUM HEALTH REED CITY HOSPITAL,"300 N PATTERSON, PO BOX 75",REED CITY,MI,49677
231324,EATON RAPIDS MEDICAL CENTER,1500 S MAIN STREET,EATON RAPIDS,MI,48827
231325,MIDMICHIGAN MEDICAL CENTER-GLADWIN,515 QUARTER STREET,GLADWIN,MI,48624
231326,SPARROW CLINTON HOSPITAL,805 S OAKLAND,SAINT JOHNS,MI,48879
231327,HAYES GREEN BEACH MEMORIAL HOSPITAL,321 E HARRIS STREET,CHARLOTTE,MI,48813
231328,ALLEGAN GENERAL HOSPITAL,555 LINN STREET,ALLEGAN,MI,49010
231329,CARO COMMUNITY HOSPITAL,401 N HOOPER STREET,CARO,MI,48723
231330,MARLETTE REGIONAL HOSPITAL,2770 MAIN STREET,MARLETTE,MI,48453
231331,SPARROW IONIA HOSPITAL,3565 S STATE ROAD,IONIA,MI,48846
231332,BRONSON LAKEVIEW HOSPITAL,408 HAZEN STREET,PAW PAW,MI,49079
231333,ASPIRUS GRAND VIEW HOSPITAL,N10561 GRAND VIEW LANE,IRONWOOD,MI,49938
231334,PROMEDICA HERRICK HOSPITAL,500 E POTTAWATAMIE STREET,TECUMSEH,MI,49286
231337,ST FRANCIS HOSPITAL,3401 LUDINGTON ST,ESCANABA,MI,49829
231338,SPECTRUM HEALTH GERBER MEMORIAL,212 S SULLIVAN ST,FREMONT,MI,49412
233300,CHILDREN'S HOSPITAL OF MICHIGAN,3901 BEAUBIEN STREET,DETROIT,MI,48201
240001,NORTH MEMORIAL MEDICAL CENTER,3300 OAKDALE NORTH,ROBBINSDALE,MN,55422
240002,ESSENTIA HEALTH ST MARY'S MEDICAL CENTER,407 EAST THIRD STREET,DULUTH,MN,55805
240004,HENNEPIN COUNTY MEDICAL CENTER 1,701 PARK AVENUE,MINNEAPOLIS,MN,55415
240006,OLMSTED MEDICAL CENTER,1650 FOURTH STREET SOUTHEAST,ROCHESTER,MN,55904
240010,MAYO CLINIC HOSPITAL ROCHESTER,1216 SECOND STREET SOUTHWEST,ROCHESTER,MN,55902
240014,NORTHFIELD HOSPITAL,2000 NORTH AVENUE,NORTHFIELD,MN,55057
240018,MAYO CLINIC HEALTH SYSTEM IN RED WING,"701 HEWITT BOULEVARD, PO BOX 95",RED WING,MN,55066
240019,ESSENTIA HEALTH DULUTH,502 EAST SECOND STREET,DULUTH,MN,55805
240020,CAMBRIDGE MEDICAL CENTER,701 SOUTH DELLWOOD AVENUE,CAMBRIDGE,MN,55008
240022,SANFORD WORTHINGTON MEDICAL CENTER,1018 SIXTH AVENUE PO BOX 997,WORTHINGTON,MN,56187
240030,DOUGLAS COUNTY HOSPITAL,111 17TH AVENUE EAST,ALEXANDRIA,MN,56308
240036,ST CLOUD HOSPITAL,1406 6TH AVE NORTH,SAINT CLOUD,MN,56303
240038,UNITED HOSPITAL,333 NORTH SMITH AVENUE,SAINT PAUL,MN,55102
240040,UNIVERSITY MEDICAL CENTER-MESABI/ MESABA CLINICS,750 EAST 34TH ST,HIBBING,MN,55746
240043,MAYO CLINIC HEALTH SYSTEM - ALBERT LEA,404 WEST FOUNTAIN STREET,ALBERT LEA,MN,56007
240044,WINONA HEALTH SERVICES,855 MANKATO AVENUE,WINONA,MN,55987
240047,ST LUKES HOSPITAL,915 EAST 1ST STREET,DULUTH,MN,55805
240050,FAIRVIEW LAKES MEDICAL CENTER,5200 FAIRVIEW BOULEVARD,WYOMING,MN,55092
240052,LAKE REGION HEALTHCARE CORPORATION,712 SOUTH CASCADE,FERGUS FALLS,MN,56537
240053,PARK NICOLLET METHODIST HOSPITAL,6500 EXCELSIOR BLVD,SAINT LOUIS PARK,MN,55426
240056,RIDGEVIEW MEDICAL CENTER,500 SOUTH MAPLE STREET,WACONIA,MN,55387
240057,ABBOTT NORTHWESTERN HOSPITAL,800 EAST 28TH STREET,MINNEAPOLIS,MN,55407
240059,REGINA HOSPITAL,1175 NININGER ROAD,HASTINGS,MN,55033
240063,ST JOSEPH'S HOSPITAL,45 WEST 10TH STREET,SAINT PAUL,MN,55102
240064,GRAND ITASCA CLINIC AND HOSPITAL,1601 GOLF COURSE ROAD,GRAND RAPIDS,MN,55744
240066,LAKEVIEW MEMORIAL HOSPITAL,927 WEST CHURCHILL STREET,STILLWATER,MN,55082
240069,OWATONNA HOSPITAL,2250 26TH STREET NORTHWEST,OWATONNA,MN,55060
240071,DISTRICT ONE HOSPITAL,200 STATE AVENUE,FARIBAULT,MN,55021
240075,ESSENTIA HEALTH ST JOSEPH'S MEDICAL CENTER,523 NORTH 3RD STREET,BRAINERD,MN,56401
240076,BUFFALO HOSPITAL,303 CATLIN ST,BUFFALO,MN,55313
240078,FAIRVIEW SOUTHDALE HOSPITAL,6401 FRANCE AVENUE SOUTH,EDINA,MN,55435
240080,"UNIVERSITY OF MINNESOTA  MEDICAL CENTER, FAIRVIEW",2450 RIVERSIDE AVENUE,MINNEAPOLIS,MN,55454
240084,ESSENTIA HEALTH VIRGINIA,901 9TH STREET NORTH,VIRGINIA,MN,55792
240088,RICE MEMORIAL HOSPITAL,301 BECKER AVE SW,WILLMAR,MN,56201
240093,MAYO CLINIC HEALTH SYSTEM - MANKATO,1025 MARSH STREET,MANKATO,MN,56001
240100,SANFORD BEMIDJI MEDICAL CENTER,1300 ANNE ST NW,BEMIDJI,MN,56601
240101,ESSENTIA HEALTH ST MARYS - DETROIT LAKES,1027 WASHINGTON AVE,DETROIT LAKES,MN,56501
240104,ST FRANCIS REGIONAL MEDICAL CENTER,1455 ST FRANCIS AVENUE,SHAKOPEE,MN,55379
240106,REGIONS HOSPITAL,640 JACKSON STREET,SAINT PAUL,MN,55101
240115,MERCY HOSPITAL,4050 COON RAPIDS BLVD,COON RAPIDS,MN,55433
240132,UNITY HOSPITAL,550 OSBORNE ROAD,FRIDLEY,MN,55432
240141,FAIRVIEW NORTHLAND REGIONAL HOSPITAL,911 NORTHLAND DR,PRINCETON,MN,55371
240166,MAYO CLINIC HEALTH SYSTEM - FAIRMONT,"800 MEDICAL CENTER DRIVE, PO BOX 800",FAIRMONT,MN,56031
240187,HUTCHINSON HEALTH,1095 HIGHWAY 15 SOUTH,HUTCHINSON,MN,55350
240196,PHILLIPS EYE INSTITUTE,2215 PARK AVENUE SOUTH,MINNEAPOLIS,MN,55404
240206,RED LAKE HOSPITAL A,PO BOX 497,REDLAKE,MN,56671
240207,FAIRVIEW RIDGES HOSPITAL,201 EAST NICOLLET BOULEVARD,BURNSVILLE,MN,55337
240210,HEALTHEAST ST JOHN'S HOSPITAL,1575 BEAM AVENUE,MAPLEWOOD,MN,55109
240213,HEALTHEAST WOODWINDS HOSPITAL,1925 WOODWINDS DRIVE,WOODBURY,MN,55125
240214,MAPLE GROVE HOSPITAL,9875 HOSPITAL DRIVE,MAPLE GROVE,MN,55369
241300,MAHNOMEN HEALTH CENTER,414 W JEFFERSON PO BOX 396,MAHNOMEN,MN,56557
241301,LAKEWOOD HEALTH CENTER,600 MAIN AVE S,BAUDETTE,MN,56623
241302,SANFORD WESTBROOK MEDICAL CENTER,920 BELL AVENUE PO BOX 188,WESTBROOK,MN,56183
241303,SANFORD TRACY MEDICAL CENTER,251 FIFTH STREET EAST,TRACY,MN,56175
241304,SANFORD MEDICAL CENTER WHEATON,401 12TH STREET NORTH,WHEATON,MN,56296
241305,RIVERWOOD HEALTHCARE CENTER,200 BUNKER HILL DRIVE,AITKIN,MN,56431
241306,RENVILLE COUNTY HOSPITAL AND CLINICS,100 HEALTHY WAY,OLIVIA,MN,56277
241308,LAKE VIEW MEMORIAL HOSPITAL,325 ELEVENTH AVE,TWO HARBORS,MN,55616
241309,ESSENTIA HEALTH SANDSTONE,109 COURT AVE SOUTH,SANDSTONE,MN,55072
241311,RIDGEVIEW SIBLEY MEDICAL CENTER,601 WEST CHANDLER,ARLINGTON,MN,55307
241312,COOK HOSPITAL,10 SE FIFTH ST,COOK,MN,55723
241313,ESSENTIA HEALTH ADA,201 9TH STREET WEST,ADA,MN,56510
241314,JOHNSON MEMORIAL HOSPITAL,1282 WALNUT STREET,DAWSON,MN,56232
241315,SANFORD JACKSON MEDICAL CENTER,1430 NORTH HIGHWAY,JACKSON,MN,56143
241316,BIGFORK VALLEY HOSPITAL,258 PINE TREE DRIVE PO BOX 258,BIGFORK,MN,56628
241317,COOK COUNTY NORTHSHORE HOSPITAL,515 5TH AVE WEST,GRAND MARAIS,MN,55604
241318,ELY BLOOMENSON COMMUNITY HOSPITAL,328 WEST CONAN STREET,ELY,MN,55731
241319,MURRAY COUNTY MEMORIAL HOSPITAL,2042 JUNIPER AVENUE,SLAYTON,MN,56172
241320,RIVERVIEW HOSPITAL,323 SOUTH MINNESOTA,CROOKSTON,MN,56716
241321,ESSENTIA HEALTH HOLY TRINITY HOSPITAL,"115  SECOND STREET WEST, BOX 157",GRACEVILLE,MN,56240
241322,RAINY LAKE MEDICAL CENTER,1400 HIGHWAY 71,INTERNATIONAL FALLS,MN,56649
241323,MADELIA COMMUNITY HOSPITAL,121 DREW AVENUE SOUTHEAST,MADELIA,MN,56062
241325,CHIPPEWA COUNTY HOSPITAL,824 NORTH 11TH STREET,MONTEVIDEO,MN,56265
241326,CENTRACARE HEALTH SYSTEM - LONG PRAIRIE,20 NINTH STREET SOUTHEAST,LONG PRAIRIE,MN,56347
241327,SLEEPY EYE MUNICIPAL HOSPITAL,400 FOURTH AVENUE NORTHWEST,SLEEPY EYE,MN,56085
241328,SANFORD BAGLEY MEDICAL CENTER,203 4TH STREET NORTHWEST,BAGLEY,MN,56621
241329,LAKEWOOD HEALTH SYSTEM,49725 COUNTY ROAD 83,STAPLES,MN,56479
241330,CENTRACARE HEALTH SYSTEM - MELROSE HOSPITAL,525 WEST MAIN STREET,MELROSE,MN,56352
241331,ALBANY AREA HOSPITAL,300 THIRD AVENUE,ALBANY,MN,56307
241332,WINDOM AREA HOSPITAL,"2150 HOSPITAL DRIVE, PO BOX 339",WINDOM,MN,56101
241333,MAYO CLINIC HEALTH SYSTEM - ST JAMES,1101 MOULTON AND PARSONS DRIVE,ST JAMES,MN,56081
241334,RIVER'S EDGE HOSPITAL & CLINIC,1900 NORTH SUNRISE DRIVE,ST PETER,MN,56082
241335,ST ELIZABETH MEDICAL CENTER,1200 GRANT BLVD W,WABASHA,MN,55981
241336,KITTSON MEMORIAL HOSPITAL,1010 SOUTH BIRCH,HALLOCK,MN,56728
241337,NORTH VALLEY HEALTH CENTER,300 WEST GOOD SAMARITAN DRIVE,WARREN,MN,56762
241338,MAYO CLINIC HEALTH SYSTEM - LAKE CITY,500 WEST GRANT STREET,LAKE CITY,MN,55041
241339,HENDRICKS COMMUNITY HOSPITAL,503 E LINCOLN STREET,HENDRICKS,MN,56136
241340,ESSENTIA HEALTH NORTHERN PINES MEDICAL CENTER,5211 HIGHWAY 110,AURORA,MN,55705
241341,APPLETON MUNICIPAL HOSPITAL,30 SOUTH BEHL STREET,APPLETON,MN,56208
241342,ORTONVILLE AREA HEALTH SERVICES,450 EASTVOLD AVE,ORTONVILLE,MN,56278
241343,MUNICIPAL HOSPITAL AND GRANITE MANOR,345 TENTH AVENUE,GRANITE FALLS,MN,56241
241344,LIFECARE MEDICAL CENTER,715 DELMORE DRIVE,ROSEAU,MN,56751
241345,MAYO CLINIC HEALTH SYSTEM - WASECA,501 NORTH STATE STREET,WASECA,MN,56093
241346,MAYO CLINIC HEALTH SYSTEM - CANNON FALLS,32021 COUNTY 24 BOULEVARD,CANNON FALLS,MN,55009
241347,SANFORD CANBY MEDICAL CENTER,112 ST OLAF AVENUE SOUTH,CANBY,MN,56220
241348,AVERA TYLER HOSPITAL,240 WILLOW STREET,TYLER,MN,56178
241349,CENTRA CARE HEALTH PAYNESVILLE,200 1ST STREET WEST,PAYNESVILLE,MN,56362
241350,MERCY HOSPITAL,4572 COUNTY ROAD 61,MOOSE LAKE,MN,55767
241351,REDWOOD AREA HOSPITAL,100 FALLWOOD ROAD,REDWOOD FALLS,MN,56283
241352,MAYO CLINIC HEALTH SYSTEM - SPRINGFIELD,625 JACKSON AVENUE NORTH,SPRINGFIELD,MN,56087
241353,CUYUNA REGIONAL MEDICAL CENTER,320 EAST MAIN STREET,CROSBY,MN,56441
241354,TRI COUNTY HOSPITAL,415 JEFFERSON STREET NORTH,WADENA,MN,56482
241355,GLENCOE REGIONAL HEALTH SERVICES,1805 HENNEPIN AVENUE NORTH,GLENCOE,MN,55336
241356,MILLE LACS HEALTH SYSTEM,200 NORTH ELM STREET,ONAMIA,MN,56359
241357,ESSENTIA HEALTH FOSSTON,900 HILLIGOSS BOULEVARD SE,FOSSTON,MN,56542
241359,AVERA MARSHALL REGIONAL MEDICAL CTR,300 SOUTH BRUCE STREET,MARSHALL,MN,56258
241360,DEER RIVER HEALTHCARE CENTER,115 10TH AVENUE NORTHEAST,DEER RIVER,MN,56636
241361,MAYO CLINIC HEALTH SYSTEM - NEW PRAGUE,301 2ND STREET NORTHEAST,NEW PRAGUE,MN,56071
241362,CENTRACARE HEALTH - MONTICELLO,1013 HART BOULEVARD,MONTICELLO,MN,55362
241363,STEVENS COMMUNITY MEDICAL CENTER,"400 EAST FIRST STREET, PO BOX 660",MORRIS,MN,56267
241364,COMMUNITY MEMORIAL HOSPITAL,512 SKYLINE BOULEVARD,CLOQUET,MN,55720
241365,SWIFT COUNTY BENSON HOSPITAL,1815 WISCONSIN AVENUE,BENSON,MN,56215
241366,MEEKER MEMORIAL HOSPITAL,612 SOUTH SIBLEY AVENUE,LITCHFIELD,MN,55355
241367,FIRSTLIGHT HEALTH SYSTEM,301 SOUTH HIGHWAY 65,MORA,MN,55051
241368,CENTRACARE HEALTH SYSTEM - SAUK CENTRE,425 NORTH ELM STREET,SAUK CENTRE,MN,56378
241369,UNITED HOSPITAL DISTRICT,"515 SOUTH MOORE STREET, PO BOX 160",BLUE EARTH,MN,56013
241370,ST GABRIELS HOSPITAL,815 SOUTHEAST SECOND STREET,LITTLE FALLS,MN,56345
241371,SANFORD LUVERNE MEDICAL CENTER,1600 NORTH KNISS AVENUE P O BOX 1019,LUVERNE,MN,56156
241372,MADISON HOSPITAL,820 THIRD AVENUE,MADISON,MN,56256
241373,PERHAM HEALTH,1000 CONEY STREET WEST,PERHAM,MN,56573
241374,PIPESTONE COUNTY  MEDICAL CENTER,916 4TH AVENUE SOUTHWEST,PIPESTONE,MN,56164
241375,MINNESOTA VALLEY HEALTH CENTER  INC,621 SOUTH FOURTH STREET,LE SUEUR,MN,56058
241376,GLACIAL RIDGE HOSPITAL,10 4TH AVENUE SOUTHEAST,GLENWOOD,MN,56334
241377,ST FRANCIS MEDICAL CENTER,2400 ST FRANCIS DRIVE,BRECKENRIDGE,MN,56520
241378,NEW ULM MEDICAL CENTER,1324 FIFTH NORTH STREET,NEW ULM,MN,56073
241379,PRAIRIE RIDGE HOSPITAL AND HEALTH SERVICES,1411 STATE HIGHWAY 793,ELBOW LAKE,MN,56531
241380,ST JOSEPHS AREA  HEALTH SERVICES,600 PLEASANT AVENUE,PARK RAPIDS,MN,56470
241381,SANFORD MEDICAL CENTER THIEF RIVER FALLS,3001 SANFORD PARKWAY,THIEF RIVER FALLS,MN,56701
243302,CHILDREN'S HOSPITALS & CLINICS OF MN,2525 CHICAGO AVENUE SOUTH,MINNEAPOLIS,MN,55404
250001,UNIVERSITY OF MISSISSIPPI MED CENTER,2500 N STATE ST,JACKSON,MS,39216
250002,TISHOMINGO HEALTH SERVICES INC,1777 CURTIS DRIVE,IUKA,MS,38852
250004,NORTH MISSISSIPPI MEDICAL CENTER,830 S GLOSTER,TUPELO,MS,38801
250006,BAPTIST MEMORIAL HOSPITAL UNION COUNTY,200 HWY 30 WEST,NEW ALBANY,MS,38652
250007,MERIT HEALTH BILOXI,150 REYNOIR STREET,BILOXI,MS,39530
250009,MAGNOLIA REGIONAL HEALTH CENTER,611 ALCORN DRIVE,CORINTH,MS,38834
250012,ALLIANCE HEALTHCARE SYSTEM,1430 HIGHWAY 4 EAST / P O BOX 6000,HOLLY SPRINGS,MS,38635
250017,TRACE REGIONAL HOSP AND SWING BED,1002 EAST MADISON STREET,HOUSTON,MS,38851
250019,MEMORIAL HOSPITAL AT GULFPORT,4500 13TH ST-P O BOX 1810,GULFPORT,MS,39502
250020,WEBSTER GENERAL HOSPITAL/ SWING BED,70 MEDICAL PLAZA,EUPORA,MS,39744
250025,MERIT HEALTH GILMORE MEMORIAL,1105 EARL FRYE BLVD,AMORY,MS,38821
250027,WINSTON MEDICAL CENTER & SWINGBED,923 SOUTH CHRUCH STREET,LOUISVILLE,MS,39339
250031,MERIT HEALTH RIVER REGION,2100 HWY 61 N,VICKSBURG,MS,39183
250034,BAPTIST MEMORIAL HOSPITAL NORTH MS,2301 SOUTH LAMAR,OXFORD,MS,38655
250036,GEORGE REGIONAL HEALTH SYSTEM,859 WINTER STREET,LUCEDALE,MS,39452
250038,MERIT HEALTH MADISON,161 RIVER OAKS DRIVE,CANTON,MS,39046
250040,SINGING RIVER HOSPITAL,2809 DENNY AV,PASCAGOULA,MS,39581
250042,NORTHWEST MISSISSIPPI REGIONAL MEDICAL CENTER,1970 HOSPITAL DRIVE,CLARKSDALE,MS,38614
250043,NESHOBA COUNTY GENERAL HOSPITAL,1001 HOLLAND AVENUE,PHILADELPHIA,MS,39350
250044,BAPTIST MEMORIAL HOSPITAL BOONEVILLE,100 HOSPITAL DRIVE,BOONEVILLE,MS,38829
250048,ST DOMINIC-JACKSON MEMORIAL HOSPITAL,969 LAKELAND DR,JACKSON,MS,39216
250049,BEACHAM MEMORIAL HOSPITAL,205 N CHERRY STREET,MAGNOLIA,MS,39652
250050,OCH REGIONAL MEDICAL CENTER,400 HOSPITAL ROAD /MAIL PO BOX 1506,STARKVILLE,MS,39759
250057,KING'S DAUGHTERS MEDICAL CENTER-BROOKHAVEN,P O BOX 948/427 HIGHWAY 51 NORTH,BROOKHAVEN,MS,39601
250058,SOUTH CENTRAL REG MED CTR,1220 JEFFERSON ST BOX 607,LAUREL,MS,39440
250060,JEFFERSON COUNTY HOSPITAL,870 S MAIN,FAYETTE,MS,39069
250061,YALOBUSHA GENERAL HOSPITAL,630 SOUTH MAIN STREET,WATER VALLEY,MS,38965
250067,CLAY COUNTY MEDICAL CENTER,835 MEDICAL CENTER DR,WEST POINT,MS,39773
250069,RUSH FOUNDATION HOSPITAL,1314 19TH AVE,MERIDIAN,MS,39301
250072,MERIT HEALTH CENTRAL,1850 CHADWICK DR,JACKSON,MS,39204
250077,WAYNE GENERAL HOSPITAL,950 MATTHEW DR,WAYNESBORO,MS,39367
250078,FORREST GENERAL HOSPITAL,6051 US HIGHWAY 49,HATTIESBURG,MS,39404
250079,SHARKEY ISSAQUENA COMMUNITY HOSPITAL,47 SOUTH FOURTH ST,ROLLING FORK,MS,39159
250081,ANDERSON RMC SOUTH,1102 CONSTITUTION AVENUE,MERIDIAN,MS,39301
250082,DELTA REGIONAL MEDICAL CENTER,1400 E UNION ST,GREENVILLE,MS,38704
250084,MERIT HEALTH NATCHEZ,52 SERGEANT PRENTISS DRIVE,NATCHEZ,MS,39120
250085,MARION GENERAL HOSPITAL,1560 SUMRALL RD,COLUMBIA,MS,39429
250093,BOLIVAR MEDICAL CENTER,901 E SUNFLOWER RD,CLEVELAND,MS,38732
250094,MERIT HEALTH WESLEY,5001 W HARDY ST,HATTIESBURG,MS,39402
250095,SOUTH SUNFLOWER COUNTY HOSPITAL,121 E BAKER ST,INDIANOLA,MS,38751
250096,MERIT HEALTH RANKIN,350 CROSSGATES BLVD,BRANDON,MS,39042
250097,SOUTHWEST MS REGIONAL MEDICAL CENTER,215 MARION AV BOX 1307,MCCOMB,MS,39649
250099,GREENWOOD LEFLORE HOSPITAL,1401 RIVER RD / PO BOX 1410,GREENWOOD,MS,38930
250100,BAPTIST MEM HOSP/ GOLDEN TRIANGLE INC,2520 5TH ST N,COLUMBUS,MS,39701
250102,MISSISSIPPI BAPTIST MEDICAL CENTER,1225 N STATE ST,JACKSON,MS,39202
250104,ANDERSON REGIONAL MEDICAL CTR,2124 14 ST,MERIDIAN,MS,39301
250117,HIGHLAND COMMUNITY  HOSPITAL,130 HIGHLAND PKWY,PICAYUNE,MS,39466
250122,MERIT HEALTH NATCHEZ-COMMUNITY CAMPUS,129 JEFFERSON DAVIS BLVD BOX 1203,NATCHEZ,MS,39120
250123,GARDEN PARK MEDICAL CENTER,15200 COMMUNITY ROAD,GULFPORT,MS,39503
250124,MAGEE GENERAL HOSPITAL,300 3RD AVE SE,MAGEE,MS,39111
250126,NORTH OAK REGIONAL MEDICAL CENTER,401 GETWELL DR,SENATOBIA,MS,38668
250127,CHOCTAW HEALTH CENTER,ROUTE 7 BOX R50,PHILADELPHIA,MS,39350
250128,MERIT HEALTH BATESVILLE,303 MEDICAL CENTER DRIVE,BATESVILLE,MS,38606
250134,WHITFIELD MEDICAL SURGICAL HOSPITAL,"3550 HWY 468 W, BLDG 60",WHITFIELD,MS,39193
250136,MERIT HEALTH WOMEN'S HOSPITAL,1026 RIVER OAKS DRIVE,FLOWOOD,MS,39232
250138,MERIT HEALTH RIVER OAKS,1030 RIVER OAKS DRIVE,FLOWOOD,MS,39232
250141,BAPTIST MEMORIAL HOSPITAL DESOTO,7601 SOUTHCREST PARKWAY,SOUTHAVEN,MS,38671
250151,ALLIANCE HEALTH CENTER,5000 HIGHWAY 39 NORTH,MERIDIAN,MS,39301
250162,HANCOCK MEDICAL CENTER,149 DRINKWATER BLVD,BAY SAINT LOUIS,MS,39521
250163,PATIENTS CHOICE MEDICAL CENTER,347 MAGNOLIA DRIVE,RALEIGH,MS,39153
250167,METHODIST HEALTHCARE - OLIVE BRANCH HOSPITAL,4250 BETHEL ROAD,OLIVE BRANCH,MS,38654
250168,UNIVERSITY OF MISSISSIPPI MEDICAL CENTER- GRENADA,960 AVENT DRIVE,GRENADA,MS,38901
251300,LACKEY MEMORIAL HOSPITAL,330 N BROAD STREET,FOREST,MS,39074
251302,PIONEER COMMUNITY HOSPITAL OF ABERDEEN,400 S CHESTNUT STREET,ABERDEEN,MS,39730
251303,STONE COUNTY HOSPITAL,1434 EAST CENTRAL AVENUE,WIGGINS,MS,39577
251304,TALLAHATCHIE CRITICAL ACCESS HOSPITAL,201 SOUTH MARKET ST / PO BOX 230,CHARLESTON,MS,38921
251305,LAWRENCE COUNTY HOSPITAL CAH,1065 EAST BROAD ST,MONTICELLO,MS,39654
251306,PERRY COUNTY GENERAL HOSP,206 BAY ST,RICHTON,MS,39476
251308,PONTOTOC HEALTH SERVICE CAH,176 SOUTH MAIN STREET,PONTOTOC,MS,38863
251309,FIELD HEALTH SYSTEM,178 HIGHWAY 24,CENTREVILLE,MS,39631
251312,TYLER HOLMES MEMORIAL HOSPITAL CAH,409 TYLER HOLMES DRIVE,WINONA,MS,38967
251313,BAPTIST MEDICAL CENTER YAZOO,823 GRAND AVENUE,YAZOO CITY,MS,39194
251315,BAPTIST MEDICAL CENTER-LEAKE,310 ELLIS STREET,CARTHAGE,MS,39051
251316,H C WATKINS MEMORIAL HOSPITAL INC,605 SOUTH ARCHUSA AVENUE,QUITMAN,MS,39355
251317,SIMPSON GENERAL HOSPITAL CAH,1842 SIMPSON HIGHWAY 149,MENDENHALL,MS,39114
251318,NORTH SUNFLOWER MEDICAL CENTER CAH,840 NORTH OAK AVENUE,RULEVILLE,MS,38771
251319,HOLMES COUNTY HOSPITAL AND CLINICS,239 BOWLING GREEN ROAD,LEXINGTON,MS,39095
251320,CLAIBORNE COUNTY HOSPITAL,123 MCCOMB AVENUE,PORT GIBSON,MS,39150
251322,LAIRD HOSPITAL INC,25117 HIGHWAY 15,UNION,MS,39365
251323,SCOTT REGIONAL HOSPITAL CAH,317 HIGHWAY 13 SOUTH,MORTON,MS,39117
251324,WALTHALL COUNTY GENERAL HOSPITAL CAH,100 HOSPITAL DRIVE,TYLERTOWN,MS,39667
251325,COVINGTON COUNTY HOSPITAL CAH,701 SOUTH HOLLY AVENUE,COLLINS,MS,39428
251326,JEFFERSON DAVIS COMMUNITY HOSPITAL CAH,1102 ROSE STREET,PRENTISS,MS,39474
251327,HARDY WILSON MEMORIAL HOSPITAL CAH,233 MAGNOLIA STREET,HAZLEHURST,MS,39083
251329,GREENE COUNTY HOSPITAL CAH,1017 JACKSON STREET,LEAKESVILLE,MS,39451
251330,FRANKLIN COUNTY MEMORIAL HOSPITAL,40 UNION CHURCH RD,MEADVILLE,MS,39653
251331,CALHOUN HEALTH SERVICES,140 BURKE-CALHOUN CITY ROAD,CALHOUN CITY,MS,38916
251332,PIONEER HEALTH SERVICES OF NEWTON,"9421 EAST SIDE DRIVE EXTENSION, POB 299",NEWTON,MS,39345
251333,PEARL RIVER COUNTY HOSPITAL,305 WEST MOODY STREET,POPLARVILLE,MS,39470
251334,CHOCTAW REGIONAL MEDICAL CENTER,8613 MS HWY 12,ACKERMAN,MS,39735
251335,JOHN C STENNIS MEMORIAL HOSPITAL,14365 HIGHWAY 16 WEST,DE KALB,MS,39328
251336,BAPTIST MEDICAL CENTER - ATTALA,220 HWY 12 WEST,KOSCIUSKO,MS,39090
260001,MERCY HOSPITAL JOPLIN,100 MERCY WAY,JOPLIN,MO,64804
260004,COOPER COUNTY MEMORIAL HOSPITAL,17651 B HWY,BOONVILLE,MO,65233
260005,SSM HEALTH ST JOSEPH HOSPITAL-ST CHARLES,300 1ST CAPITOL DR,SAINT CHARLES,MO,63301
260006,MOSAIC LIFE CARE AT ST JOSEPH,5325 FARAON STREET,SAINT JOSEPH,MO,64506
260009,BOTHWELL REGIONAL HEALTH CENTER,601 E 14TH ST,SEDALIA,MO,65302
260011,SSM HEALTH ST. MARY'S HOSPITAL - JEFFERSON CITY,2505 MISSION DRIVE,JEFFERSON CITY,MO,65109
260015,TWIN RIVERS REGIONAL MEDICAL CENTER,1301 FIRST ST,KENNETT,MO,63857
260017,PHELPS COUNTY REGIONAL MEDICAL CENTER,1000 W 10TH ST,ROLLA,MO,65401
260020,MERCY HOSPITAL ST LOUIS,615 NEW BALLAS ROAD,SAINT LOUIS,MO,63141
260022,NORTHEAST REGIONAL MEDICAL CENTER,315 S OSTEOPATHY,KIRKSVILLE,MO,63501
260023,MERCY HOSPITAL JEFFERSON,1400 HIGHWAY 61 SOUTH,CRYSTAL CITY,MO,63019
260024,TEXAS COUNTY MEMORIAL HOSPITAL,1333 SAM HOUSTON BOULEVARD,HOUSTON,MO,65483
260025,HANNIBAL REGIONAL HOSPITAL,6000 HOSPITAL DR,HANNIBAL,MO,63401
260027,RESEARCH MEDICAL CENTER,2316 E MEYER BLVD,KANSAS CITY,MO,64132
260032,BARNES JEWISH HOSPITAL,ONE BARNES-JEWISH HOSPITAL PLAZA,SAINT LOUIS,MO,63110
260034,BATES COUNTY MEMORIAL HOSPITAL,615 W NURSERY ST,BUTLER,MO,64730
260040,COX MEDICAL CENTERS,3801 SOUTH NATIONAL AVENUE,SPRINGFIELD,MO,65807
260047,CAPITAL REGION MEDICAL CENTER,1125 MADISON ST,JEFFERSON CITY,MO,65102
260048,TRUMAN MEDICAL CENTER HOSPITAL HILL,2301 HOLMES STREET,KANSAS CITY,MO,64108
260050,SSM HEALTH ST FRANCIS HOSPITAL - MARYVILLE,2016 SOUTH MAIN ST,MARYVILLE,MO,64468
260052,MERCY HOSPITAL WASHINGTON,901 EAST 5TH STREET,WASHINGTON,MO,63090
260057,CAMERON REGIONAL MEDICAL CENTER,1600 E EVERGREEN,CAMERON,MO,64429
260059,MERCY HOSPITAL LEBANON,100 HOSPITAL DRIVE,LEBANON,MO,65536
260061,NEVADA REGIONAL MEDICAL CENTER,800 S ASH ST,NEVADA,MO,64772
260062,SAINT LUKES NORTHLAND HOSPITAL,5830 N W BARRY ROAD,KANSAS CITY,MO,64154
260064,SSM HEALTH ST. MARY'S HOSPITAL-AUDRAIN,620 E MONROE,MEXICO,MO,65265
260065,MERCY HOSPITAL SPRINGFIELD,1235 E CHEROKEE,SPRINGFIELD,MO,65804
260068,BOONE HOSPITAL CENTER,1600 E BROADWAY,COLUMBIA,MO,65201
260070,PEMISCOT COUNTY MEMORIAL HOSPITAL,946 EAST REED,HAYTI,MO,63851
260074,MOBERLY REGIONAL MEDICAL CENTER,1515 UNION AVE,MOBERLY,MO,65270
260077,ST ANTHONY'S MEDICAL CENTER,10010 KENNERLY ROAD,SAINT LOUIS,MO,63128
260078,OZARKS MEDICAL CENTER,1100 KENTUCKY AVE,WEST PLAINS,MO,65775
260080,SOUTHEAST HEALTH CENTER OF RIPLEY COUNTY,109 PLUM ST,DONIPHAN,MO,63935
260081,SSM HEALTH ST CLARE HOSPITAL - FENTON,1015 BOWLES,FENTON,MO,63026
260085,ST JOSEPH MEDICAL CENTER,1000 CARONDELET DR,KANSAS CITY,MO,64114
260091,SSM HEALTH ST MARY'S HOSPITAL - ST LOUIS,6420 CLAYTON RD,RICHMOND HEIGHTS,MO,63117
260094,COX MEDICAL CENTER BRANSON,"525 BRANSON LANDING BLVD, PO BOX 650",BRANSON,MO,65615
260095,CENTERPOINT MEDICAL CENTER,19600 EAST 39TH STREET,INDEPENDENCE,MO,64057
260096,NORTH KANSAS CITY HOSPITAL,2800 CLAY EDWARDS DRIVE,NORTH KANSAS CITY,MO,64116
260097,WESTERN MISSOURI MEDICAL CENTER,403 BURKARTH ROAD,WARRENSBURG,MO,64093
260102,TRUMAN MEDICAL CENTER LAKEWOOD,7900 LEE'S SUMMIT RD,KANSAS CITY,MO,64139
260104,SSM HEALTH DEPAUL HOSPITAL ST LOUIS,12303 DEPAUL DRIVE,BRIDGETON,MO,63044
260105,SSM HEALTH SAINT LOUIS UNIVERSITY HOSPITAL,3635 VISTA AVE,SAINT LOUIS,MO,63110
260108,MISSOURI BAPTIST MEDICAL CENTER,3015 N BALLAS RD,TOWN AND COUNTRY,MO,63131
260110,SOUTHEASTHEALTH,1701 LACEY ST,CAPE GIRARDEAU,MO,63701
260113,MISSOURI DELTA MEDICAL CENTER,1008 NORTH MAIN ST,SIKESTON,MO,63801
260116,PARKLAND HEALTH CENTER - WEBER ROAD,1212 WEBER RD,FARMINGTON,MO,63640
260119,POPLAR BLUFF REGIONAL MEDICAL CENTER,3100 OAK GROVE ROAD,POPLAR BLUFF,MO,63901
260137,FREEMAN HEALTH SYSTEM - FREEMAN WEST,1102 WEST 32ND STREET,JOPLIN,MO,64804
260138,ST LUKES HOSPITAL OF KANSAS CITY,4401 WORNALL ROAD,KANSAS CITY,MO,64111
260141,UNIVERSITY OF MISSOURI HEALTH CARE,ONE HOSPITAL DRIVE,COLUMBIA,MO,65212
260142,FITZGIBBON HOSPITAL,2305 S 65 HIGHWAY,MARSHALL,MO,65340
260160,SOUTHEASTHEALTH CENTER OF STODDARD COUNTY,1200 N ONE MILE RD,DEXTER,MO,63841
260162,BARNES-JEWISH WEST COUNTY HOSPITAL,12634 OLIVE BOULEVARD,CREVE COEUR,MO,63141
260163,PARKLAND HEALTH CENTER,1101 W LIBERTY,FARMINGTON,MO,63640
260175,GOLDEN VALLEY MEMORIAL HOSPITAL,1600 N 2ND ST,CLINTON,MO,64735
260176,DES PERES HOSPITAL,2345 DOUGHERTY FERRY ROAD,SAINT LOUIS,MO,63122
260177,LIBERTY HOSPITAL,2525 GLENN HENDREN DR,LIBERTY,MO,64069
260179,ST LUKES HOSPITAL,232 S WOODS MILL RD,CHESTERFIELD,MO,63017
260180,CHRISTIAN HOSPITAL NORTHEAST-NORTHWEST,11133 DUNN ROAD,SAINT LOUIS,MO,63136
260183,SAINT FRANCIS MEDICAL CENTER,211 ST FRANCIS DR,CAPE GIRARDEAU,MO,63703
260186,LAKE REGIONAL HEALTH SYSTEM,54 HOSPITAL DRIVE,OSAGE BEACH,MO,65065
260190,LEE'S SUMMIT MEDICAL CENTER,2100 SE BLUE PARKWAY,LEES SUMMIT,MO,64063
260191,BARNES-JEWISH ST PETERS HOSPITAL,10 HOSPITAL DR,SAINT PETERS,MO,63376
260193,ST MARY'S MEDICAL CENTER,201 NW R D MIZE RD,BLUE SPRINGS,MO,64014
260195,CITIZENS MEMORIAL HOSPITAL,1500 N OAKLAND,BOLIVAR,MO,65613
260200,SSM HEALTH SAINT JOSEPH HOSPITAL-LAKE SAINT LOUIS,100 MEDICAL PLAZA,LAKE SAINT LOUIS,MO,63367
260207,OZARKS COMMUNITY HOSPITAL,2828 NORTH NATIONAL,SPRINGFIELD,MO,65803
260209,FULTON MEDICAL CENTER LLC,10 SOUTH HOSPITAL DRIVE,FULTON,MO,65251
260210,ST ALEXIUS HOSPITAL,3933 S BROADWAY,SAINT LOUIS,MO,63118
260214,BELTON REGIONAL MEDICAL CENTER,17065 S 71 HIGHWAY,BELTON,MO,64012
260216,SAINT LUKE'S EAST LEE'S SUMMIT HOSPITAL,100 N E SAINT LUKE'S BOULEVARD,LEES SUMMIT,MO,64086
260219,PROGRESS WEST HOSPITAL,2 PROGRESS POINT PKWY,O FALLON,MO,63368
260227,BLACK RIVER COMMUNITY MEDICAL CENTER,217 PHYSICIANS PARK DRIVE,POPLAR BLUFF,MO,63901
261303,COMMUNITY HOSPITAL ASSOCIATION,"26136 US HIGHWAY 59, PO BOX 107",FAIRFAX,MO,64446
261305,PUTNAM COUNTY MEMORIAL HOSPITAL,"1926 OAK STREET,  PO BOX 389",UNIONVILLE,MO,63565
261306,SULLIVAN COUNTY MEMORIAL HOSPITAL,630 WEST THIRD STREET,MILAN,MO,63556
261307,PERSHING MEMORIAL HOSPITAL,130 EAST LOCKLING,BROOKFIELD,MO,64628
261308,WASHINGTON COUNTY MEMORIAL HOSPITAL,300 HEALTH WAY,POTOSI,MO,63664
261309,WRIGHT MEMORIAL HOSPITAL,191 IOWA BOULEVARD,TRENTON,MO,64683
261310,SCOTLAND COUNTY  HOSPITAL,450 E SIGLER AVENUE,MEMPHIS,MO,63555
261311,PERRY COUNTY MEMORIAL HOSPITAL,434 NORTH WEST STREET,PERRYVILLE,MO,63775
261312,HARRISON COUNTY COMMUNITY HOSPITAL,2600 MILLER STREET,BETHANY,MO,64424
261314,HERMANN AREA DISTRICT HOSPITAL,509 W 18TH ST,HERMANN,MO,65041
261316,MERCY HOSPITAL AURORA,500 PORTER AVENUE,AURORA,MO,65605
261317,MERCY HOSPITAL CASSVILLE,94 MAIN STREET,CASSVILLE,MO,65625
261318,SALEM MEMORIAL DISTRICT HOSPITAL,"PO BOX 774,",SALEM,MO,65560
261319,MERCY HOSPITAL LINCOLN,1000 EAST CHERRY STREET,TROY,MO,63379
261320,LAFAYETTE REGIONAL HEALTH CENTER,1500 STATE STREET,LEXINGTON,MO,64067
261321,HEDRICK MEDICAL CENTER,2799 NORTH WASHINGTON STREET,CHILLICOTHE,MO,64601
261323,CEDAR COUNTY MEMORIAL HOSPITAL,1401 SOUTH PARK STREET,EL DORADO SPRINGS,MO,64744
261324,CASS REGIONAL MEDICAL CENTER,2800 E ROCK HAVEN ROAD,HARRISONVILLE,MO,64701
261325,BARTON COUNTY MEMORIAL HOSPITAL,29 NW 1ST LANE,LAMAR,MO,64759
261327,RAY COUNTY MEMORIAL HOSPITAL,904 WOLLARD BOULEVARD,RICHMOND,MO,64085
261328,NORTHWEST MEDICAL CENTER,705 N COLLEGE STREET,ALBANY,MO,64402
261329,COX MONETT HOSPITAL,801 NORTH LINCOLN AVENUE,MONETT,MO,65708
261330,STE GENEVIEVE COUNTY MEMORIAL HOSPITAL,"800 STE GENEVIEVE DRIVE, PO BOX 468",SAINTE GENEVIEVE,MO,63670
261332,CARROLL COUNTY MEMORIAL HOSPITAL,1502 NORTH JEFFERSON,CARROLLTON,MO,64633
261333,PIKE COUNTY MEMORIAL HOSPITAL,2305 WEST GEORGIA STREET,LOUISIANA,MO,63353
261334,I-70 COMMUNITY HOSPITAL,"105 HOSPITAL DRIVE, BUILDING B",SWEET SPRINGS,MO,65351
261335,MERCY ST FRANCIS HOSPITAL,"100 WEST HIGHWAY 60, PO BOX 82",MOUNTAIN VIEW,MO,65548
261337,MISSOURI BAPTIST SULLIVAN HOSPITAL,751 SAPPINGTON BRIDGE RD,SULLIVAN,MO,63080
261338,MERCY HOSPITAL CARTHAGE,3125 DR RUSSELL SMITH WAY,CARTHAGE,MO,64836
263302,CHILDRENS MERCY HOSPITAL,2401 GILLHAM ROAD,KANSAS CITY,MO,64108
270003,ST PETER'S HOSPITAL,2475 BROADWAY,HELENA,MT,59601
270004,BILLINGS CLINIC HOSPITAL,2800 10TH AVE N,BILLINGS,MT,59101
270012,BENEFIS HOSPITALS INC,1101 26TH ST S,GREAT FALLS,MT,59405
270014,ST PATRICK HOSPITAL,500 W BROADWAY,MISSOULA,MT,59806
270017,ST JAMES HEALTHCARE,400 S CLARK ST,BUTTE,MT,59701
270023,COMMUNITY MEDICAL CENTER,2827 FORT MISSOULA RD,MISSOULA,MT,59804
270032,NORTHERN MONTANA HOSPITAL,30 13TH ST,HAVRE,MT,59501
270049,ST VINCENT HEALTHCARE,1233 N 30TH ST,BILLINGS,MT,59101
270051,KALISPELL REGIONAL MEDICAL CENTER,310 SUNNYVIEW LANE,KALISPELL,MT,59901
270057,BOZEMAN DEACONESS HOSPITAL,915 HIGHLAND BLVD,BOZEMAN,MT,59715
270074,P H S INDIAN HOSPITAL AT BROWNING - BLACKFEET,"760 HOSPITAL CIRCLE, POST OFFICE BOX 760",BROWNING,MT,59417
270086,GREAT FALLS CLINIC HOSPITAL,3010 15TH AVENUE SOUTH,GREAT FALLS,MT,59405
270087,THE HEALTHCENTER,320 SUNNYVIEW LANE,KALISPELL,MT,59901
271300,POPLAR COMMUNITY HOSPITAL,211 H ST E,POPLAR,MT,59255
271302,DAHL MEMORIAL HEALTHCARE ASSOC,215 SANDY ST,EKALAKA,MT,59324
271303,GRANITE COUNTY MEDICAL CENTER,310 SANSOME ST,PHILIPSBURG,MT,59858
271304,MISSOURI RIVER MEDICAL CENTER,1501 ST CHARLES ST,FORT BENTON,MT,59442
271305,MCCONE COUNTY HEALTH CENTER,605 SULLIVAN AVE,CIRCLE,MT,59215
271306,MOUNTAINVIEW MEDICAL CENTER,16 W MAIN ST,WHITE SULPHUR SPRING,MT,59645
271307,BENEFIS TETON MEDICAL CENTER,915 4TH ST NW,CHOTEAU,MT,59422
271308,ROOSEVELT MEDICAL CENTER,818 2ND AVE E,CULBERTSON,MT,59218
271309,PRAIRIE COMMUNITY HOSPITAL,312 S ADAMS,TERRY,MT,59349
271310,GARFIELD COUNTY HEALTH CENTER,332 LEAVITT AVE,JORDAN,MT,59337
271311,BIG SANDY MEDICAL CENTER,166 MONTANA AVE E,BIG SANDY,MT,59520
271312,PHILLIPS COUNTY MEDICAL CENTER,311 S 8TH AVE E,MALTA,MT,59538
271313,PIONEER MEDICAL CENTER,301 W 7TH AVE,BIG TIMBER,MT,59011
271316,FRANCES MAHON DEACONESS HOSPITAL,621 3RD ST S,GLASGOW,MT,59230
271317,LIVINGSTON HEALTHCARE,504 S 13TH ST,LIVINGSTON,MT,59047
271318,BARRETT MEMORIAL HOSPITAL,600 MT HWY 91 S,DILLON,MT,59725
271319,RUBY VALLEY HOSPITAL,220 E CROFOOT,SHERIDAN,MT,59749
271320,CABINET PEAKS MEDICAL CENTER,209 HEALTH PARK DR,LIBBY,MT,59923
271322,SHERIDAN MEMORIAL HOSPTIAL,440 W LAUREL AVE,PLENTYWOOD,MT,59254
271323,CLARK FORK VALLEY HOSPITAL,10 KRUGER RD,PLAINS,MT,59859
271324,PONDERA MEDICAL CENTER,805 SUNSET BLVD,CONRAD,MT,59425
271325,ST LUKE COMMUNITY HOSPITAL,107 6TH AVE SW,RONAN,MT,59864
271326,BEARTOOTH BILLINGS CLINIC,2525 N BROADWAY,RED LODGE,MT,59068
271327,ROSEBUD HEALTH CARE CENTER,383 N 17TH AV,FORSYTH,MT,59327
271328,MARIAS MEDICAL CENTER,640 PARK AVE,SHELBY,MT,59474
271330,STILLWATER BILLINGS CLINIC,710 N 11TH ST,COLUMBUS,MT,59019
271331,MINERAL COMMUNITY HOSPITAL,1208 6TH AVE E,SUPERIOR,MT,59872
271332,GLENDIVE MEDICAL CENTER,202 PROSPECT DR,GLENDIVE,MT,59330
271333,BROADWATER HEALTH CENTER,110 N OAK ST,TOWNSEND,MT,59644
271334,LIBERTY MEDICAL CENTER,315 W MADISON AVE,CHESTER,MT,59522
271335,COMMUNITY HOSPITAL OF ANACONDA,401 W PENNSYLVANIA,ANACONDA,MT,59711
271336,NORTH VALLEY HOSPITAL,1600 HOSPITAL WAY,WHITEFISH,MT,59937
271337,NORTHERN ROCKIES MEDICAL CENTER,802 2ND ST SE,CUT BANK,MT,59427
271338,BIG HORN CO MEMORIAL HOSPITAL,17 N MILES,HARDIN,MT,59034
271339,P H S INDIAN HOSPITAL CROW / NORTHERN CHEYENNE,"1010 SOUTH 7650 EAST, POST OFFICE BOX 9",CROW AGENCY,MT,59022
271340,MARCUS DALY MEMORIAL HOSPITAL - CAH,1200 WESTWOOD DR,HAMILTON,MT,59840
271341,TRINITY HOSPITAL,315 KNAPP ST,WOLF POINT,MT,59201
271342,DANIELS MEMORIAL HOSPITAL,105 5TH AVE E,SCOBEY,MT,59263
271343,PROVIDENCE ST JOSEPH MEDICAL CENTER,6 13TH AVE E,POLSON,MT,59860
271344,SIDNEY HEALTH CENTER,216 14TH AVE SW,SIDNEY,MT,59270
271345,CENTRAL MONTANA MEDICAL CENTER,408 WENDELL AVE,LEWISTOWN,MT,59457
271346,ROUNDUP MEMORIAL HEALTHCARE,1202 3RD ST W,ROUNDUP,MT,59072
271347,HOLY ROSARY HEALTHCARE,2600 WILSON ST,MILES CITY,MT,59301
280003,BRYAN MEDICAL CENTER,1600 SOUTH 48TH ST,LINCOLN,NE,68506
280009,CHI HEALTH GOOD SAMARITAN,"P O BOX 1990, 10 EAST 31ST ST",KEARNEY,NE,68848
280013,THE NEBRASKA MEDICAL CENTER DBA NEBRASKA MEDICINE,987400 NEBRASKA MEDICAL CENTER,OMAHA,NE,68198
280020,CHI HEALTH ST ELIZABETH,555 SOUTH 70TH ST,LINCOLN,NE,68510
280023,CHI HEALTH ST FRANCIS,2620 WEST FAIDLEY AVE,GRAND ISLAND,NE,68803
280030,CHI HLTH CREIGHTON UNIVERSITY MED CTR-BERGAN MERCY,601 NORTH 30TH ST,OMAHA,NE,68131
280032,MARY LANNING HEALTHCARE,715 N ST JOSEPH AVE,HASTINGS,NE,68901
280040,METHODIST HOSPITAL,8303 DODGE ST,OMAHA,NE,68114
280060,CHI HLTH CREIGHTON UNIVERSITY MED CTR-BERGAN MERCY,7500 MERCY RD,OMAHA,NE,68124
280061,REGIONAL WEST MEDICAL CENTER,4021 AVE B,SCOTTSBLUFF,NE,69361
280065,GREAT PLAINS HEALTH,601 WEST LEOTA ST,NORTH PLATTE,NE,69101
280077,FREMONT HEALTH MEDICAL CENTER,450 EAST 23RD ST,FREMONT,NE,68025
280081,CHI HEALTH IMMANUEL,6901 NORTH 72ND ST,OMAHA,NE,68122
280105,CHI HEALTH MIDLANDS,11111 SOUTH 84TH ST,PAPILLION,NE,68046
280111,COLUMBUS COMMUNITY HOSPITAL,4600 38TH ST,COLUMBUS,NE,68601
280125,FAITH REGIONAL HEALTH SERVICES,2700 WEST NORFOLK AVE,NORFOLK,NE,68701
280127,LINCOLN SURGICAL HOSPITAL,"1710 SOUTH 70TH ST, SUITE 200",LINCOLN,NE,68506
280128,CHI HEALTH NEBRASKA HEART,7500 SOUTH 91ST ST,LINCOLN,NE,68526
280129,NEBRASKA ORTHOPAEDIC HOSPITAL,2808 SOUTH 143RD PLZ,OMAHA,NE,68144
280130,CHI HEALTH LAKESIDE,16901 LAKESIDE HILLS CT,OMAHA,NE,68130
280131,MIDWEST SURGICAL HOSPITAL LLC,7915 FARNAM DRIVE,OMAHA,NE,68114
280132,BELLEVUE MEDICAL CENTER DBA NEBRASKA MEDICINE-BELL,2500 BELLEVUE MEDICAL CENTER DR,BELLEVUE,NE,68123
280133,"NEBRASKA SPINE HOSPITAL, LLC","P O BOX 34400, 6901 NORTH 72ND ST, STE 20300",OMAHA,NE,68122
280134,KEARNEY REGIONAL MEDICAL CENTER,804 22ND AVENUE,KEARNEY,NE,68845
281300,HARLAN COUNTY HEALTH SYSTEM,"P O BOX 836, 717 NORTH BROWN ST",ALMA,NE,68920
281301,FILLMORE COUNTY HOSPITAL,"P O BOX 193, 1900 F STREET",GENEVA,NE,68361
281302,PAWNEE COUNTY MEMORIAL HOSPITAL,"P O BOX 433, 600 I ST",PAWNEE CITY,NE,68420
281303,NIOBRARA VALLEY HOSPITAL,"P O BOX 118, 401 SOUTH 5TH STREET",LYNCH,NE,68746
281304,THAYER COUNTY HEALTH SERVICES,120 PARK AVE,HEBRON,NE,68370
281305,KIMBALL HEALTH SERVICES,505 SOUTH BURG ST,KIMBALL,NE,69145
281306,KEARNEY COUNTY HEALTH SERVICES HOSPITAL,727 EAST 1ST ST,MINDEN,NE,68959
281307,SAUNDERS MEDICAL CENTER,1760 COUNTY RD J,WAHOO,NE,68066
281308,HENDERSON HEALTH CARE SERVICES,1621 FRONT STREET,HENDERSON,NE,68371
281309,COMMUNITY MEMORIAL HOSPITAL,"P O BOX N, 1579 MIDLAND ST",SYRACUSE,NE,68446
281310,REGIONAL WEST GARDEN COUNTY HOSPITAL,1100 WEST 2ND ST,OSHKOSH,NE,69154
281311,FRANKLIN COUNTY MEMORIAL HOSPITAL,1406 Q ST,FRANKLIN,NE,68939
281312,GENOA COMMUNITY HOSPITAL,"P O BOX 310, 606/706 EWING AVE",GENOA,NE,68640
281313,GOTHENBURG MEMORIAL HOSPITAL,910 20TH ST,GOTHENBURG,NE,69138
281314,ANNIE JEFFREY MEMORIAL COUNTY HEALTH CENTER,"P O BOX 428, 531 BEEBE ST",OSCEOLA,NE,68651
281315,BRODSTONE MEMORIAL HOSP,"P O BOX 187, 520 EAST 10TH ST",SUPERIOR,NE,68978
281316,WEBSTER COUNTY COMMUNITY HOSPITAL,"P O BOX 465, 621 N FRANKLIN ST",RED CLOUD,NE,68970
281318,MORRILL COUNTY COMMUNITY HOSPITAL,1313 S STREET,BRIDGEPORT,NE,69336
281319,JEFFERSON COMMUNITY HEALTH CENTER,"P O BOX 277, 2200 H ST",FAIRBURY,NE,68352
281320,MEMORIAL HOSPITAL,1423 SEVENTH ST,AURORA,NE,68818
281321,OAKLAND MERCY HOSPITAL,601 EAST SECOND ST,OAKLAND,NE,68045
281322,ST FRANCIS MEMORIAL HOSPITAL,430 NORTH MONITOR ST,WEST POINT,NE,68788
281323,CHI HEALTH SCHUYLER,104 WEST 17TH ST,SCHUYLER,NE,68661
281324,NEMAHA COUNTY HOSPITAL,2022  13TH ST,AUBURN,NE,68305
281325,BROWN COUNTY HOSPITAL,945 EAST ZERO ST,AINSWORTH,NE,69210
281326,ANTELOPE MEMORIAL HOSPITAL,"P O BOX 229, 102 WEST 9TH ST",NELIGH,NE,68756
281327,COZAD COMMUNITY HOSPITAL,"P O BOX 108, 300 EAST 12TH ST",COZAD,NE,69130
281328,LITZENBERG MEMORIAL COUNTY HOSPITAL,1715  26TH ST,CENTRAL CITY,NE,68826
281329,AVERA ST ANTHONY'S HOSPITAL,300 NORTH 2ND ST,O' NEILL,NE,68763
281330,WARREN MEMORIAL HOSPITAL,905 SECOND ST,FRIEND,NE,68359
281331,AVERA CREIGHTON HOSPITAL,"P O BOX 186, 1503 MAIN ST",CREIGHTON,NE,68729
281332,BUTLER COUNTY HEALTH CARE CENTER,372 SOUTH 9TH ST,DAVID CITY,NE,68632
281333,ROCK COUNTY HOSPITAL,102 EAST SOUTH STREET,BASSETT,NE,68714
281334,BOONE COUNTY HEALTH CENTER,"P O BOX 151, 723 WEST FAIRVIEW ST",ALBION,NE,68620
281335,CALLAWAY DISTRICT HOSPITAL,"P O BOX 100, 211 E KIMBALL ST",CALLAWAY,NE,68825
281336,YORK GENERAL HOSPITAL,2222 LINCOLN AVE,YORK,NE,68467
281338,HOWARD COUNTY MEDICAL CENTER,"P O BOX 406, 1113 SHERMAN ST",ST PAUL,NE,68873
281339,MEMORIAL HEALTH CARE SYSTEMS,300 NORTH COLUMBIA AVE,SEWARD,NE,68434
281340,DUNDY COUNTY HOSPITAL,"P O BOX 626, 1313 NORTH CHEYENNE ST",BENKELMAN,NE,69021
281341,CHADRON COMMUNITY HOSPITAL AND HEALTH SERVICES,825 CENTENNIAL DRIVE,CHADRON,NE,69337
281342,CHI HEALTH ST MARY'S,1301 GRUNDMAN BLVD,NEBRASKA CITY,NE,68410
281343,WEST HOLT MEMORIAL HOSPITAL,406 W NEELY ST,ATKINSON,NE,68713
281344,CHERRY COUNTY HOSPITAL,"P O BOX 410, 510 NORTH GREEN ST",VALENTINE,NE,69201
281345,PROVIDENCE MEDICAL CENTER,1200 PROVIDENCE RD,WAYNE,NE,68787
281346,CHI HEALTH PLAINVIEW,"P O BOX 489, 704 NORTH THIRD ST",PLAINVIEW,NE,68769
281347,OSMOND GENERAL HOSPITAL,"P O BOX 429, 402 NORTH MAPLE ST",OSMOND,NE,68765
281348,TRI VALLEY HEALTH SYSTEM,1305 WEST HIGHWAY 6/34,CAMBRIDGE,NE,69022
281349,PENDER COMMUNITY HOSPITAL,"P O BOX 100, 100 HOSPITAL DRIVE",PENDER,NE,68047
281350,JOHNSON COUNTY HOSPITAL,202 HIGH ST,TECUMSEH,NE,68450
281351,CHASE COUNTY COMMUNITY HOSPITAL,"P O BOX 819, 600 W 12TH ST",IMPERIAL,NE,69033
281352,"COMMUNITY MEDICAL CENTER, INC","P O BOX 399, 3307 BARADA ST",FALLS CITY,NE,68355
281353,VALLEY COUNTY HEALTH SYSTEM,2707 L STREET,ORD,NE,68862
281354,CRETE AREA MEDICAL CENTER,"P O BOX 220, 2910 BETTEN DR",CRETE,NE,68333
281355,OGALLALA COMMUNITY HOSPITAL,2601 NORTH SPRUCE ST,OGALLALA,NE,69153
281356,PERKINS COUNTY HEALTH SERVICES,900 LINCOLN AVE,GRANT,NE,69140
281357,SIDNEY REGIONAL MEDICAL CENTER,1000 POLE CREEK CROSSING,SIDNEY,NE,69162
281358,GORDON MEMORIAL HOSPITAL DISTRICT,300 EAST 8TH ST,GORDON,NE,69343
281359,MEMORIAL COMMUNITY HOSPITAL MCH & HEALTH SYSTEM,810 NORTH 22ND ST,BLAIR,NE,68008
281360,BOX BUTTE GENERAL HOSPITAL,"P O BOX 810, 2101 BOX BUTTE AVE",ALLIANCE,NE,69301
281361,LEXINGTON REGIONAL HEALTH CENTER,"P O BOX 980, 1201 NORTH ERIE ST",LEXINGTON,NE,68850
281362,PHELPS MEMORIAL HEALTH CENTER,1215 TIBBALS ST,HOLDREGE,NE,68949
281363,COMMUNITY HOSPITAL,"P O BOX 1328, 1301 EAST H ST",MCCOOK,NE,69001
281364,"BEATRICE COMMUNITY HOSPITAL & HEALTH CENTER, INC","P O BOX 278, 4800 HOSPITAL PARKWAY",BEATRICE,NE,68310
281365,JENNIE M MELHAM MEMORIAL MEDICAL CENTER,145 MEMORIAL DRIVE,BROKEN BOW,NE,68822
283301,CHILDREN'S HOSPITAL & MEDICAL CENTER,8200 DODGE ST,OMAHA,NE,68114
290001,RENOWN REGIONAL MEDICAL CENTER,1155 MILL STREET,RENO,NV,89502
290002,SOUTH LYON MEDICAL CENTER,213 S WHITACRE/PO BOX 940,YERINGTON,NV,89447
290003,SUNRISE HOSPITAL AND MEDICAL CENTER,3186 S MARYLAND PKWY,LAS VEGAS,NV,89109
290005,NORTH VISTA HOSPITAL,1409 EAST LAKE MEAD BLVD,NORTH LAS VEGAS,NV,89030
290006,BANNER CHURCHILL COMMUNITY HOSPITAL,801 EAST WILLIAMS AVENUE,FALLON,NV,89406
290007,UNIVERSITY MEDICAL CENTER,1800 W CHARLESTON BLVD,LAS VEGAS,NV,89102
290008,NORTHEASTERN NEVADA REGIONAL HOSPITAL,2001 ERRECART BLVD,ELKO,NV,89801
290009,SAINT MARY'S REGIONAL MEDICAL CENTER,235 W 6TH ST,RENO,NV,89503
290012,ST ROSE DOMINICAN HOSPITALS - ROSE DE LIMA CAMPUS,102 E LAKE MEAD DR,HENDERSON,NV,89015
290019,CARSON TAHOE REGIONAL MEDICAL CENTER,1600 MEDICAL PARKWAY,CARSON CITY,NV,89703
290021,VALLEY HOSPITAL MEDICAL CENTER,620 SHADOW LANE,LAS VEGAS,NV,89106
290022,DESERT SPRINGS HOSPITAL,2075 EAST FLAMINGO ROAD,LAS VEGAS,NV,89119
290032,NORTHERN NEVADA MEDICAL CENTER,2375 PRATER WAY,SPARKS,NV,89434
290039,MOUNTAINVIEW HOSPITAL,3100 N TENAYA WAY,LAS VEGAS,NV,89128
290041,SUMMERLIN HOSPITAL MEDICAL CENTER,657 TOWN CENTER DRIVE,LAS VEGAS,NV,89144
290045,ST ROSE DOMINICAN HOSPITALS - SIENA CAMPUS,3001 ST ROSE PARKWAY,HENDERSON,NV,89052
290046,SPRING VALLEY HOSPITAL MEDICAL CENTER,5400 SOUTH RAINBOW BLVD,LAS VEGAS,NV,89118
290047,SOUTHERN HILLS HOSPITAL AND MEDICAL CENTER,9300 WEST SUNSET RD,LAS VEGAS,NV,89148
290049,RENOWN SOUTH MEADOWS MEDICAL CENTER,10101 DOUBLE R BLVD,RENO,NV,89521
290053,ST ROSE DOMINICAN HOSPITALS - SAN MARTIN CAMPUS,8280 W WARM SPRINGS ROAD,LAS VEGAS,NV,89113
290054,CENTENNIAL HILLS HOSPITAL MEDICAL CENTER,6900 N DURANGO DR,LAS VEGAS,NV,89149
291300,MOUNT GRANT GENERAL HOSPITAL,FIRST AND A STREETS,HAWTHORNE,NV,89415
291301,INCLINE VILLAGE HEALTH CENTER,880 ALDER STREET,INCLINE VILLAGE,NV,89451
291302,WILLIAM BEE RIRIE HOSPITAL,1500 AVENUE H,ELY,NV,89301
291303,BATTLE MOUNTAIN GENERAL HOSPITAL,535 SOUTH HUMBOLDT STREET,BATTE MTN,NV,89820
291304,PERSHING GENERAL HOSPITAL,855 6TH STREET/PO BOX 661,LOVELOCK,NV,89419
291306,CARSON VALLEY MEDICAL CENTER,1107 HIGHWAY 395,GARDNERVILLE,NV,89410
291307,MESA VIEW REGIONAL HOSPITAL,1299 BERTHA HOWE AVENUE,MESQUITE,NV,89027
291308,HUMBOLDT GENERAL HOSPITAL,118 EAST HASKELL STREET,WINNEMUCCA,NV,89445
291309,BOULDER CITY HOSPITAL,901 ADAMS BLVD,BOULDER CITY,NV,89005
291311,DESERT VIEW REGIONAL MEDICAL CENTER,360 SOUTH LOLA LANE,PAHRUMP,NV,89048
291312,GROVER C DILS MEDICAL CENTER,"700 N SPRING ST, BOX 1010-C-ADM BLDG",CALIENTE,NV,89008
300001,CONCORD HOSPITAL,250 PLEASANT ST,CONCORD,NH,3301
300003,MARY HITCHCOCK MEMORIAL HOSPITAL,1 MEDICAL CENTER DRIVE,LEBANON,NH,3756
300005,LAKES REGION GENERAL HOSPITAL,80 HIGHLAND ST,LACONIA,NH,3246
300011,ST JOSEPH HOSPITAL,172 KINSLEY ST,NASHUA,NH,3060
300012,ELLIOT HOSPITAL,1 ELLIOT WAY,MANCHESTER,NH,3103
300014,FRISBIE MEMORIAL HOSPITAL,11 WHITEHALL ROAD,ROCHESTER,NH,3867
300017,PARKLAND MEDICAL CENTER,1 PARKLAND DRIVE,DERRY,NH,3038
300018,WENTWORTH-DOUGLASS HOSPITAL,789 CENTRAL AVE,DOVER,NH,3820
300019,CHESHIRE MEDICAL CENTER,580 COURT STREET,KEENE,NH,3431
300020,SOUTHERN NH MEDICAL CENTER,8 PROSPECT STREET,NASHUA,NH,3060
300023,EXETER HOSPITAL INC,5 ALUMNI DRIVE,EXETER,NH,3833
300029,PORTSMOUTH REGIONAL HOSPITAL,333 BORTHWICK AVE,PORTSMOUTH,NH,3801
300034,CATHOLIC MEDICAL CENTER,100 MCGREGOR STREET,MANCHESTER,NH,3102
301300,UPPER CONNECTICUT VALLEY HOSPITAL,181 CORLISS LANE,COLEBROOK,NH,3576
301301,COTTAGE HOSPITAL,90 SWIFTWATER RD,WOODSVILLE,NH,3785
301302,LITTLETON REGIONAL HEALTHCARE,600 ST JOHNSBURY ROAD,LITTLETON,NH,3561
301303,WEEKS MEDICAL CENTER,173 MIDDLE STREET,LANCASTER,NH,3584
301304,NEW LONDON HOSPITAL,273 COUNTY ROAD,NEW LONDON,NH,3257
301305,ALICE PECK DAY MEMORIAL HOSPITAL,10 ALICE PECK DAY DRIVE,LEBANON,NH,3766
301306,FRANKLIN REGIONAL HOSPITAL,15 AIKEN AVENUE,FRANKLIN,NH,3235
301307,"MEMORIAL HOSPITAL, THE",3073 WHITE MOUNTAIN HIGHWAY,NORTH CONWAY,NH,3860
301308,VALLEY REGIONAL HOSPITAL,243 ELM STREET,CLAREMONT,NH,3743
301309,MONADNOCK COMMUNITY HOSPITAL,452 OLD STREET ROAD,PETERBOROUGH,NH,3458
301310,ANDROSCOGGIN VALLEY HOSPITAL,59 PAGE HILL ROAD,BERLIN,NH,3570
301311,SPEARE MEMORIAL HOSPITAL,16 HOSPITAL ROAD,PLYMOUTH,NH,3264
301312,HUGGINS HOSPITAL,240 SOUTH MAIN STREET,WOLFEBORO,NH,3894
310001,HACKENSACK UNIVERSITY MEDICAL CENTER,30 PROSPECT AVE,HACKENSACK,NJ,7601
310002,NEWARK BETH ISRAEL MEDICAL CENTER,201 LYONS AVE,NEWARK,NJ,7112
310003,PALISADES MEDICAL CENTER,7600 RIVER RD,NORTH BERGEN,NJ,7047
310005,HUNTERDON MEDICAL CENTER,2100 WESCOTT DRIVE,FLEMINGTON,NJ,8822
310006,ST MARY'S GENERAL HOSPITAL,350 BOULEVARD,PASSAIC,NJ,7055
310008,HOLY NAME MEDICAL CENTER,718 TEANECK RD,TEANECK,NJ,7666
310009,CLARA MAASS MEDICAL CENTER,ONE CLARA MAAS DRIVE,BELLEVILLE,NJ,7109
310010,UNIV MEDICAL CENTER OF PRINCETON AT PLAINSBORO,ONE-FIVE PLAINSBORO ROAD,PLAINSBORO,NJ,8536
310011,CAPE REGIONAL MEDICAL CENTER INC,TWO STONE HARBOR BLVD,CAPE MAY COURT HOUSE,NJ,8210
310012,VALLEY HOSPITAL,223 N VAN DIEN AVENUE,RIDGEWOOD,NJ,7450
310014,COOPER UNIVERSITY HOSPITAL,1 COOPER PLAZA,CAMDEN,NJ,8103
310015,MORRISTOWN MEDICAL CENTER,100 MADISON AVE,MORRISTOWN,NJ,7962
310016,CAREPOINT HEALTH-CHRIST HOSPITAL,176 PALISADE AVE,JERSEY CITY,NJ,7306
310017,CHILTON MEDICAL CENTER,97 WEST PARKWAY,POMPTON PLAINS,NJ,7444
310019,ST JOSEPH'S REGIONAL MEDICAL CENTER,703 MAIN ST,PATERSON,NJ,7503
310021,ST FRANCIS MEDICAL CENTER,601 HAMILTON AVE,TRENTON,NJ,8629
310022,VIRTUA WEST JERSEY HOSPITALS BERLIN,WHITEHORSE PIKE AND TOWNSEND AVENUE,BERLIN,NJ,8009
310024,ROBERT WOOD JOHNSON UNIVERSITY HOSPITAL AT RAHWAY,865 STONE ST,RAHWAY,NJ,7065
310025,CAREPOINT HEALTH - BAYONNE MEDICAL CENTER,29 EAST 29TH ST,BAYONNE,NJ,7002
310027,TRINITAS REGIONAL MEDICAL CENTER,225 WILLIAMSON STREET,ELIZABETH,NJ,7207
310028,NEWTON MEDICAL CENTER,175 HIGH ST,NEWTON,NJ,7860
310029,OUR LADY OF LOURDES MEDICAL CENTER,1600 HADDON AVENUE,CAMDEN,NJ,8103
310031,DEBORAH HEART AND LUNG CENTER,200 TRENTON ROAD,BROWNS MILLS,NJ,8015
310032,INSPIRA MEDICAL CENTER VINELAND,1505 W SHERMAN AVE,VINELAND,NJ,8360
310034,RIVERVIEW MEDICAL CENTER,ONE RIVERVIEW PLAZA,RED BANK,NJ,7701
310038,ROBERT WOOD JOHNSON UNIVERSITY HOSPITAL,ONE ROBERT WOOD JOHNSON PLACE,NEW BRUNSWICK,NJ,8901
310039,RARITAN BAY MEDICAL CENTER PERTH AMBOY DIVISION,530 NEW BRUNSWICK AVE,PERTH AMBOY,NJ,8861
310040,CAREPOINT HEALTH-HOBOKEN UNIVERSITY MEDICAL CENTER,308 WILLOW AVE,HOBOKEN,NJ,7030
310041,COMMUNITY MEDICAL CENTER,99 RT 37 WEST,TOMS RIVER,NJ,8755
310044,CAPITAL HEALTH MEDICAL CENTER - HOPEWELL,ONE CAPITAL WAY,PENNINGTON,NJ,8534
310045,ENGLEWOOD HOSPITAL AND MEDICAL CENTER,350 ENGLE ST,ENGLEWOOD,NJ,7631
310047,SHORE MEDICAL CENTER,100 MEDICAL CENTER WAY,SOMERS POINT,NJ,8244
310048,ROBERT WOOD JOHNSON UNIVERSITY HOSPITAL SOMERSET,110 REHILL AVE,SOMERVILLE,NJ,8876
310050,SAINT CLARE'S HOSPITAL,25 POCONO ROAD,DENVILLE,NJ,7834
310051,OVERLOOK MEDICAL CENTER,99 BEAUVOIR AVENUE,SUMMIT,NJ,7902
310052,OCEAN MEDICAL CENTER,425 JACK MARTIN BLVD,BRICK,NJ,8724
310054,HACKENSACK-UMC MOUNTAINSIDE,BAY AND HIGHLAND AVE,MONTCLAIR,NJ,7042
310057,VIRTUA MEMORIAL HOSPITAL OF BURLINGTON COUNTY,175 MADISON AVE,MOUNT HOLLY,NJ,8060
310058,BERGEN REGIONAL MEDICAL CENTER,230 EAST RIDGEWOOD AVE,PARAMUS,NJ,7652
310060,ST LUKE'S WARREN HOSPITAL,185 ROSEBERRY ST,PHILLIPSBURG,NJ,8865
310061,LOURDES MEDICAL CENTER OF BURLINGTON COUNTY,218A SUNSET ROAD,WILLINGBORO,NJ,8046
310064,ATLANTICARE REGIONAL MEDICAL CENTER - CITY CAMPUS,1925 PACIFIC AVENUE,ATLANTIC CITY,NJ,8401
310069,INSPIRA MEDICAL CENTER ELMER,"501 WEST FRONT STREET, POST OFFICE BOX  1090",ELMER,NJ,8318
310070,SAINT PETER'S UNIVERSITY HOSPITAL,254 EASTON AVE,NEW BRUNSWICK,NJ,8901
310073,JERSEY SHORE UNIVERSITY MEDICAL CENTER,1945 RTE 33,NEPTUNE,NJ,7754
310074,JERSEY CITY MEDICAL CENTER,355 GRAND STREET,JERSEY CITY,NJ,7302
310075,MONMOUTH MEDICAL CENTER,300 SECOND AVENUE,LONG BRANCH,NJ,7740
310076,SAINT BARNABAS MEDICAL CENTER,94 OLD SHORT HILLS ROAD,LIVINGSTON,NJ,7039
310081,INSPIRA MEDICAL CENTER WOODBURY,509 N BROAD ST,WOODBURY,NJ,8096
310083,EAST ORANGE GENERAL HOSPITAL,300 CENTRAL AVE,EAST ORANGE,NJ,7018
310084,MONMOUTH MEDICAL CENTER-SOUTHERN CAMPUS,600 RIVER AVE,LAKEWOOD,NJ,8701
310086,KENNEDY UNIVERSITY HOSPITAL - STRATFORD DIV,18 EAST LAUREL ROAD,STRATFORD,NJ,8084
310091,MEMORIAL HOSPITAL OF SALEM COUNTY,310 WOODSTOWN ROAD,SALEM,NJ,8079
310092,CAPITAL HEALTH SYSTEM-FULD CAMPUS,750 BRUNSWICK AVE,TRENTON,NJ,8638
310096,SAINT MICHAEL'S MEDICAL CENTER,111 CENTRAL AVENUE,NEWARK,NJ,7102
310108,JFK MEDICAL CTR - ANTHONY M. YELENCSICS COMMUNITY,65 JAMES STREET,EDISON,NJ,8818
310110,ROBERT WOOD JOHNSON UNIVERSITY HOSPITAL HAMILTON,ONE HAMILTON HEALTH PLACE,HAMILTON,NJ,8690
310111,CENTRASTATE MEDICAL CENTER,901 WEST MAIN STREET,FREEHOLD,NJ,7728
310112,BAYSHORE COMMUNITY HOSPITAL,727 N BEERS ST,HOLMDEL,NJ,7733
310113,SOUTHERN OCEAN MEDICAL CENTER,1140 RT 72 W,MANAHAWKIN,NJ,8050
310115,HACKETTSTOWN REGIONAL MEDICAL CENTER,651 WILLOW GROVE ST,HACKETTSTOWN,NJ,7840
310118,MEADOWLANDS HOSPITAL MEDICAL CENTER,55 MEADOWLANDS PKWY,SECAUCUS,NJ,7094
310119,UNIVERSITY HOSPITAL,150 BERGEN ST,NEWARK,NJ,7103
310130,HACKENSACK-UMC AT PASCACK VALLEY,250 OLD HOOK ROAD,WESTWOOD,NJ,7675
320001,UNM HOSPITAL,2211 LOMAS BOULEVARD NE,ALBUQUERQUE,NM,87106
320002,CHRISTUS ST VINCENT REGIONAL MEDICAL CENTER,455 ST MICHAEL'S DRIVE,SANTA FE,NM,87505
320003,ALTA VISTA REGIONAL HOSPITAL,104 LEGION DRIVE,LAS VEGAS,NM,87701
320004,GERALD CHAMPION REGIONAL MEDICAL CENTER,2669 NORTH SCENIC DRIVE,ALAMOGORDO,NM,88310
320005,SAN JUAN REGIONAL MEDICAL CENTER,801 WEST MAPLE STREET,FARMINGTON,NM,87401
320006,EASTERN NEW MEXICO MEDICAL CENTER,405 W COUNTRY CLUB ROAD,ROSWELL,NM,88201
320009,LOVELACE MEDICAL CENTER,601 DR MARTIN LUTHER KING JR AVE NE,ALBUQUERQUE,NM,87102
320011,PRESBYTERIAN ESPANOLA HOSPITAL,1010 SPRUCE STREET,ESPANOLA,NM,87532
320013,HOLY CROSS HOSPITAL A DIV OF TAOS HEALTH SYSTEMS,1397 WEIMER ROAD,TAOS,NM,87571
320016,GILA REGIONAL MEDICAL CENTER,1313 E 32ND ST,SILVER CITY,NM,88061
320017,LOVELACE WOMEN'S HOSPITAL,4701 MONTGOMERY BOULEVARD NE,ALBUQUERQUE,NM,87109
320018,MEMORIAL MEDICAL CENTER INC,2450 SOUTH TELSHOR BLVD,LAS CRUCES,NM,88011
320021,PRESBYTERIAN HOSPITAL,1100 CENTRAL AVENUE SE,ALBUQUERQUE,NM,87106
320022,PLAINS REGIONAL MEDICAL CENTER,"2100 N MARTIN LUTHER KING, JR, BLVD",CLOVIS,NM,88101
320030,ARTESIA GENERAL HOSPITAL,702 N 13TH STREET,ARTESIA,NM,88210
320033,LOS ALAMOS MEDICAL CENTER,3917 WEST ROAD,LOS ALAMOS,NM,87544
320038,REHOBOTH MCKINLEY CHRISTIAN HEALTH CARE SERVICES,1901 RED ROCK DRIVE,GALLUP,NM,87301
320057,SANTA FE PHS INDIAN HOSPITAL,1700 CERRILLOS ROAD,SANTA FE,NM,87501
320058,MESCALERO PHS INDIAN HOSPITAL,P O BOX 210,MESCALERO,NM,88340
320059,NORTHERN NAVAJO MEDICAL CENTER,US HWY 491 NORTH,SHIPROCK,NM,87420
320060,ZUNI COMPREHENSIVE COMMUNITY HEALTH CENTER,ROUTE 301 NORTH B STREET,ZUNI,NM,87327
320061,GALLUP INDIAN MEDICAL CENTER,516 E NIZHONI BLVD,GALLUP,NM,87301
320062,CROWNPOINT HEALTHCARE FACILITY,JUNCTION OF HWY 371,CROWNPOINT,NM,87313
320063,CARLSBAD MEDICAL CENTER,2430 WEST PIERCE STREET,CARLSBAD,NM,88220
320065,LEA REGIONAL MEDICAL CENTER,5419 N LOVINGTON HIGHWAY,HOBBS,NM,88240
320067,GUADALUPE COUNTY HOSPITAL,"117 CAMINO DE VIDA, SUITE 100",SANTA ROSA,NM,88435
320070,DHHS USPHS INDIAN HEALTH SERVICES,EXIT #102 OFF I-40 1/2 MILE SOUTH,SAN FIDEL,NM,87049
320074,LOVELACE WESTSIDE HOSPITAL,10501 GOLF COURSE ROAD NW,ALBUQUERQUE,NM,87114
320084,ROOSEVELT GENERAL HOSPITAL,42121 US HIGHWAY 70,PORTALES,NM,88130
320085,MOUNTAIN VIEW REGIONAL MEDICAL CENTER,4311 EAST LOHMAN AVENUE,LAS CRUCES,NM,88011
320086,LOVELACE REGIONAL HOSPITAL - ROSWELL,117 EAST 19TH STREET,ROSWELL,NM,88201
320089,UNM SANDOVAL REGIONAL MEDICAL CENTER,3001 BROADMOOR BLVD NE,RIO RANCHO,NM,87144
321300,SIERRA VISTA HOSPITAL,800 EAST 9TH STREET,T OR C,NM,87901
321301,SOCORRO GENERAL HOSPITAL,1202 HIGHWAY 60 WEST,SOCORRO,NM,87801
321302,DR DAN C TRIGG MEMORIAL HOSPITAL,301 EAST MIEL DE LUNA,TUCUMCARI,NM,88401
321304,UNION COUNTY GENERAL HOSPITAL,300 WILSON STREET,CLAYTON,NM,88415
321305,NOR-LEA HOSPITAL DISTRICT,1600 NORTH MAIN AVE,LOVINGTON,NM,88260
321306,LINCOLN COUNTY MEDICAL CENTER,211 SUDDERTH DRIVE,RUIDOSO,NM,88345
321307,MINERS' COLFAX MEDICAL CENTER,203 HOSPITAL DRIVE,RATON,NM,87740
321308,CIBOLA GENERAL HOSPITAL,1016 E ROOSEVELT AVENUE,GRANTS,NM,87020
321309,MIMBRES MEMORIAL HOSPITAL,900 W ASH,DEMING,NM,88031
330003,ALBANY MEMORIAL HOSPITAL,600 NORTHERN BOULEVARD,ALBANY,NY,12204
330004,HEALTHALLIANCE HOSPITAL BROADWAY CAMPUS,396 BROADWAY,KINGSTON,NY,12401
330005,KALEIDA HEALTH,"726 EXCHANGE STREET, SUITE 522",BUFFALO,NY,14210
330006,ST JOSEPH'S MEDICAL CENTER,127 SOUTH BROADWAY,YONKERS,NY,10701
330008,WYOMING COUNTY COMMUNITY HOSPITAL,400 NORTH MAIN STREET,WARSAW,NY,14569
330009,BRONX-LEBANON HOSPITAL CENTER,1276 FULTON AVENUE,BRONX,NY,10456
330011,"OUR LADY OF LOURDES MEMORIAL HOSPITAL, INC",169 RIVERSIDE DRIVE,BINGHAMTON,NY,13905
330013,ALBANY MEDICAL CENTER HOSPITAL,43 NEW SCOTLAND AVENUE,ALBANY,NY,12208
330014,JAMAICA HOSPITAL MEDICAL CENTER,89TH AVENUE AND VAN WYCK EXPRESSWAY,JAMAICA,NY,11418
330019,"NEW YORK COMMUNITY HOSPITAL OF BROOKLYN, INC.",2525 KINGS HIGHWAY,BROOKLYN,NY,11229
330023,VASSAR BROTHERS MEDICAL CENTER,45 READE PLACE,POUGHKEEPSIE,NY,12601
330024,MOUNT SINAI HOSPITAL,ONE GUSTAVE L LEVY PLACE,NEW YORK,NY,10029
330027,NASSAU UNIVERSITY MEDICAL CENTER,2201 HEMPSTEAD TURNPIKE,EAST MEADOW,NY,11554
330028,RICHMOND UNIVERSITY MEDICAL CENTER,355 BARD AVENUE,STATEN ISLAND,NY,10304
330030,NEWARK-WAYNE COMMUNITY HOSPITAL,111 DRIVING PARK AVENUE,NEWARK,NY,14513
330033,"CHENANGO MEMORIAL HOSPITAL, INC",179 NORTH BROAD STREET,NORWICH,NY,13815
330043,SOUTHSIDE HOSPITAL,301 EAST MAIN STREET,BAY SHORE,NY,11706
330044,FAXTON-ST LUKE'S HEALTHCARE,1656 CHAMPLIN AVENUE,UTICA,NY,13503
330045,HUNTINGTON HOSPITAL,270 PARK AVENUE,HUNTINGTON,NY,11743
330046,ST LUKE'S ROOSEVELT HOSPITAL,1000 TENTH AVENUE,NEW YORK,NY,10019
330047,ST MARY'S HOSPITAL AT AMSTERDAM,427 GUY PARK AVENUE,AMSTERDAM,NY,12010
330049,NORTHERN DUTCHESS HOSPITAL,6511 SPRINGBROOK AVENUE,RHINEBECK,NY,12572
330055,NEW YORK-PRESBYTERIAN/QUEENS,56-45 MAIN STREET,FLUSHING,NY,11355
330056,BROOKLYN HOSPITAL CENTER AT DOWNTOWN CAMPUS,121 DEKALB AVENUE,BROOKLYN,NY,11201
330057,ST PETER'S HOSPITAL,315 SOUTH MANNING BOULEVARD,ALBANY,NY,12208
330058,GENEVA GENERAL HOSPITAL,196 -198 NORTH STREET,GENEVA,NY,14456
330059,MONTEFIORE MEDICAL CENTER,111 EAST 210TH STREET,BRONX,NY,10467
330061,LAWRENCE HOSPITAL CENTER,55 PALMER AVENUE,BRONXVILLE,NY,10708
330065,NIAGARA FALLS MEMORIAL MEDICAL CENTER,621 TENTH STREET,NIAGARA FALLS,NY,14302
330073,UNITED MEMORIAL MEDICAL CENTER,127 NORTH STREET,BATAVIA,NY,14020
330074,F F THOMPSON HOSPITAL,350 PARRISH STREET,CANANDAIGUA,NY,14424
330078,SISTERS OF CHARITY HOSPITAL,2157 MAIN STREET,BUFFALO,NY,14214
330079,ADIRONDACK MEDICAL CENTER,2233 STATE ROUTE 86,SARANAC LAKE,NY,12983
330080,LINCOLN MEDICAL & MENTAL HEALTH CENTER,234 EAST 149TH STREET,BRONX,NY,10451
330084,ALICE HYDE MEDICAL CENTER,133 PARK STREET,MALONE,NY,12953
330085,AURELIA OSBORN FOX MEMORIAL HOSPITAL,ONE NORTON AVENUE,ONEONTA,NY,13820
330086,MONTEFIORE MOUNT VERNON HOSPITAL,12 NORTH 7TH AVENUE,MOUNT VERNON,NY,10550
330088,EASTERN LONG ISLAND HOSPITAL,201 MANOR PLACE,GREENPORT,NY,11944
330090,ARNOT OGDEN MEDICAL CENTER,600 ROE AVENUE,ELMIRA,NY,14905
330094,COLUMBIA MEMORIAL HOSPITAL,71 PROSPECT AVENUE,HUDSON,NY,12534
330096,JONES MEMORIAL HOSPITAL,191 NORTH MAIN STREET,WELLSVILLE,NY,14895
330100,N Y EYE AND EAR INFIRMARY,310 EAST 14TH STREET,NEW YORK,NY,10003
330101,NEW YORK-PRESBYTERIAN HOSPITAL,525 EAST 68TH STREET,NEW YORK,NY,10021
330102,KENMORE MERCY HOSPITAL,2950 ELMWOOD AVENUE,KENMORE,NY,14217
330103,OLEAN GENERAL HOSPITAL,515 MAIN STREET,OLEAN,NY,14760
330104,NYACK HOSPITAL,160 NORTH MIDLAND AVENUE,NYACK,NY,10960
330106,NORTH SHORE UNIVERSITY HOSPITAL,300 COMMUNITY DRIVE,MANHASSET,NY,11030
330107,PECONIC BAY MEDICAL CENTER,1300 ROANOKE AVENUE,RIVERHEAD,NY,11901
330108,"ST JOSEPH''S HOSPITAL, INC",555 ST JOSEPH'S BLVD,ELMIRA,NY,14902
330111,BERTRAND CHAFFEE HOSPITAL,224 EAST MAIN STREET,SPRINGVILLE,NY,14141
330115,ONEIDA HEALTHCARE,321 GENESEE STREET,ONEIDA,NY,13421
330119,LENOX HILL HOSPITAL,100 EAST 77TH STREET,NEW YORK,NY,10021
330125,ROCHESTER GENERAL HOSPITAL,1425 PORTLAND AVENUE,ROCHESTER,NY,14621
330126,ORANGE REGIONAL MEDICAL CENTER,707 EAST MAIN STREET,MIDDLETOWN,NY,10940
330127,JACOBI MEDICAL CENTER,1400 PELHAM PARKWAY SOUTH,BRONX,NY,10461
330128,ELMHURST HOSPITAL CENTER,79-01 BROADWAY,ELMHURST,NY,11373
330132,TLC HEALTH NETWORK,100 MEMORIAL DRIVE,GOWANDA,NY,14070
330135,BON SECOURS COMMUNITY HOSPITAL,160 EAST MAIN STREET,PORT JERVIS,NY,12771
330136,MARY IMOGENE BASSETT HOSPITAL,ONE ATWELL ROAD,COOPERSTOWN,NY,13326
330140,ST JOSEPH'S HOSPITAL HEALTH CENTER,301 PROSPECT AVENUE,SYRACUSE,NY,13203
330141,BROOKHAVEN MEMORIAL HOSPITAL MEDICAL CENTER,101 HOSPITAL ROAD,PATCHOGUE,NY,11772
330144,"IRA DAVENPORT MEMORIAL HOSPITAL, INC",7571 STATE ROUTE 54,BATH,NY,14810
330151,ST JAMES MERCY HOSPITAL,411 CANISTEO STREET,HORNELL,NY,14843
330153,ELLIS HOSPITAL,1101 NOTT STREET,SCHENECTADY,NY,12308
330157,SAMARITAN MEDICAL CENTER,830 WASHINGTON STREET,WATERTOWN,NY,13601
330158,GOOD SAMARITAN HOSPITAL OF SUFFERN,255 LAFAYETTE AVENUE,SUFFERN,NY,10901
330160,STATEN ISLAND UNIVERSITY HOSPITAL,475 SEAVIEW AVENUE,STATEN ISLAND,NY,10305
330162,NORTHERN WESTCHESTER HOSPITAL,400 EAST MAIN STREET,MOUNT KISCO,NY,10549
330163,EASTERN NIAGARA HOSPITAL,521 EAST AVENUE,LOCKPORT,NY,14094
330164,HIGHLAND HOSPITAL,1000 SOUTH AVENUE,ROCHESTER,NY,14620
330166,"WESTFIELD MEMORIAL HOSPITAL, INC",189 EAST MAIN STREET,WESTFIELD,NY,14787
330167,WINTHROP-UNIVERSITY HOSPITAL,259 FIRST STREET,MINEOLA,NY,11501
330169,BETH ISRAEL MEDICAL CENTER,FIRST AVENUE AT 16TH STREET,NEW YORK,NY,10003
330175,"CORTLAND REGIONAL MEDICAL CENTER, INC",134 HOMER AVENUE,CORTLAND,NY,13045
330180,SAMARITAN HOSPITAL,2215 BURDETT AVENUE,TROY,NY,12180
330181,GLEN COVE HOSPITAL,101 ST ANDREWS LANE,GLEN COVE,NY,11542
330182,"ST FRANCIS HOSPITAL, ROSLYN",100 PORT WASHINGTON BOULEVARD,ROSLYN,NY,11576
330184,MONTEFIORE NEW ROCHELLE HOSPITAL,16 GUION PLACE,NEW ROCHELLE,NY,10802
330185,JOHN T MATHER MEMORIAL HOSPITAL  OF PORT JEFFERSON,75 NORTH COUNTRY ROAD,PORT JEFFERSON,NY,11777
330188,MOUNT ST MARY'S HOSPITAL AND  HEALTH CENTER,5300 MILITARY ROAD,LEWISTON,NY,14092
330191,GLENS FALLS HOSPITAL,100 PARK STREET,GLENS FALLS,NY,12801
330193,FLUSHING HOSPITAL MEDICAL CENTER,45TH AVENUE AND PARSONS BOULEVARD,FLUSHING,NY,11355
330194,MAIMONIDES MEDICAL CENTER,4802 TENTH AVENUE,BROOKLYN,NY,11219
330195,LONG ISLAND JEWISH MEDICAL CENTER,270 - 05 76TH AVENUE,NEW HYDE PARK,NY,11040
330196,CONEY ISLAND HOSPITAL,2601 OCEAN PARKWAY,BROOKLYN,NY,11235
330197,CANTON-POTSDAM HOSPITAL,50 LEROY STREET,POTSDAM,NY,13676
330198,SOUTH NASSAU COMMUNITIES HOSPITAL,ONE HEALTHY WAY,OCEANSIDE,NY,11572
330199,METROPOLITAN HOSPITAL CENTER,1901 FIRST AVENUE,NEW YORK,NY,10029
330201,KINGSBROOK JEWISH MEDICAL CENTER,585 SCHENECTADY AVENUE,BROOKLYN,NY,11203
330202,KINGS COUNTY HOSPITAL CENTER,451 CLARKSON AVENUE,BROOKLYN,NY,11203
330203,CROUSE HOSPITAL,736 IRVING AVENUE,SYRACUSE,NY,13210
330204,BELLEVUE HOSPITAL CENTER,462 FIRST AVENUE,NEW YORK,NY,10016
330205,ST ANTHONY COMMUNITY HOSPITAL,15 - 19  MAPLE AVENUE,WARWICK,NY,10990
330208,ST JOHN'S RIVERSIDE HOSPITAL,976 NORTH BROADWAY,YONKERS,NY,10701
330211,CLAXTON-HEPBURN MEDICAL CENTER,214 KING STREET,OGDENSBURG,NY,13669
330214,NYU HOSPITALS CENTER,550 FIRST AVENUE,NEW YORK,NY,10016
330215,"ROME MEMORIAL HOSPITAL, INC",1500 NORTH JAMES STREET,ROME,NY,13440
330218,OSWEGO HOSPITAL,110 WEST SIXTH STREET,OSWEGO,NY,13126
330219,ERIE COUNTY MEDICAL CENTER,462 GRIDER STREET,BUFFALO,NY,14215
330221,WYCKOFF HEIGHTS MEDICAL CENTER,374 STOCKHOLM STREET,BROOKLYN,NY,11237
330222,SARATOGA HOSPITAL,211 CHURCH STREET,SARATOGA SPRINGS,NY,12866
330223,MASSENA MEMORIAL HOSPITAL,1 HOSPITAL DRIVE,MASSENA,NY,13662
330224,HEALTHALLIANCE HOSPITAL MARYS AVENUE CAMPUS,105 MARY'S AVENUE,KINGSTON,NY,12401
330226,UNITY HOSPITAL OF ROCHESTER,1555 LONG POND ROAD,ROCHESTER,NY,14626
330229,BROOKS MEMORIAL HOSPITAL,529 CENTRAL AVENUE,DUNKIRK,NY,14048
330231,QUEENS HOSPITAL CENTER,82-68 164TH STREET,JAMAICA,NY,11432
330232,ST MARY'S HOSPITAL ( TROY ),1300 MASSACHUSETTS AVENUE,TROY,NY,12180
330233,BROOKDALE HOSPITAL MEDICAL CENTER,1 BROOKDALE PLAZA,BROOKLYN,NY,11212
330234,WESTCHESTER MEDICAL CENTER,100 WOODS RD,VALHALLA,NY,10595
330235,AUBURN COMMUNITY HOSPITAL,17 LANSING STREET,AUBURN,NY,13021
330236,NEW YORK METHODIST HOSPITAL,506 SIXTH STREET,BROOKLYN,NY,11215
330238,NICHOLAS H NOYES MEMORIAL HOSPITAL,111  CLARA BARTON STREET,DANSVILLE,NY,14437
330239,WOMAN'S CHRISTIAN ASSOCIATION,207 FOOTE AVENUE,JAMESTOWN,NY,14701
330240,HARLEM HOSPITAL CENTER,506 LENOX AVENUE,NEW YORK,NY,10037
330241,UNIVERSITY HOSPITAL S U N Y HEALTH SCIENCE CENTER,750 EAST ADAMS STREET,SYRACUSE,NY,13210
330245,ST ELIZABETH MEDICAL CENTER,2209 GENESEE STREET,UTICA,NY,13501
330246,ST CHARLES HOSPITAL,200 BELLE TERRE ROAD,PORT JEFFERSON,NY,11777
330250,CHAMPLAIN VALLEY PHYSICIANS HOSPITAL MEDICAL CTR,75 BEEKMAN STREET,PLATTSBURGH,NY,12901
330259,MERCY MEDICAL CENTER,1000 NORTH VILLAGE AVENUE,ROCKVILLE CENTRE,NY,11570
330261,PHELPS MEMORIAL HOSPITAL ASSN,701 NORTH BROADWAY,SLEEPY HOLLOW,NY,10591
330264,ST LUKE'S CORNWALL HOSPITAL,70 DUBOIS STREET,NEWBURGH,NY,12550
330265,CLIFTON SPRINGS HOSPITAL AND CLINIC,2 COULTER ROAD,CLIFTON SPRINGS,NY,14432
330267,NEW YORK-PRESBYTERIAN/HUDSON VALLEY HOSPITAL,1980 CROMPOND ROAD,CORTLANDT MANOR,NY,10567
330268,COBLESKILL REGIONAL HOSPITAL,178 GRANDVIEW DRIVE,COBLESKILL,NY,12043
330270,HOSPITAL FOR SPECIAL SURGERY,535 EAST 70TH STREET,NEW YORK,NY,10021
330273,PUTNAM HOSPITAL CENTER,670 STONELEIGH AVENUE,CARMEL,NY,10512
330276,NATHAN LITTAUER HOSPITAL,99 EAST STATE STREET,GLOVERSVILLE,NY,12078
330277,CORNING HOSPITAL,1 GUTHRIE DRIVE,CORNING,NY,14830
330279,MERCY HOSPITAL OF BUFFALO,565 ABBOTT ROAD,BUFFALO,NY,14220
330285,STRONG MEMORIAL HOSPITAL,601 ELMWOOD AVE,ROCHESTER,NY,14642
330286,GOOD SAMARITAN HOSPITAL MEDICAL CENTER,1000 MONTAUK HIGHWAY,WEST ISLIP,NY,11795
330304,WHITE PLAINS HOSPITAL CENTER,41 EAST POST R0AD,WHITE PLAINS,NY,10601
330306,LUTHERAN MEDICAL CENTER,150 55TH STREET,BROOKLYN,NY,11220
330307,CAYUGA MEDICAL CENTER AT ITHACA,101 DATES DRIVE,ITHACA,NY,14850
330331,PLAINVIEW HOSPITAL,888 OLD COUNTRY ROAD,PLAINVIEW,NY,11803
330332,ST JOSEPH HOSPITAL,4295 HEMPSTEAD TURNPIKE,BETHPAGE,NY,11714
330340,SOUTHAMPTON HOSPITAL,240 MEETING HOUSE LANE,SOUTHAMPTON,NY,11968
330350,UNIVERSITY HOSPITAL OF BROOKLYN ( DOWNSTATE ),445 LENOX ROAD,BROOKLYN,NY,11203
330353,FOREST HILLS HOSPITAL,102 - 01 66TH ROAD,FOREST HILLS,NY,11375
330372,FRANKLIN HOSPITAL,900 FRANKLIN AVENUE,VALLEY STREAM,NY,11580
330385,NORTH CENTRAL BRONX HOSPITAL,3424 KOSSUTH AVENUE & 210TH STREET,BRONX,NY,10467
330386,CATSKILL REGIONAL MEDICAL CENTER,68 HARRIS BUSHVILLE ROAD,HARRIS,NY,12742
330393,UNIVERSITY HOSPITAL ( STONY BROOK ),HEALTH SCIENCES CENTER SUNY,STONY BROOK,NY,11794
330394,"UNITED HEALTH SERVICES HOSPITALS, INC",33-57 HARRISON STREET,JOHNSON CITY,NY,13790
330395,ST JOHN'S EPISCOPAL HOSPITAL AT SOUTH SHORE,327 BEACH 19TH STREET,FAR ROCKAWAY,NY,11691
330396,WOODHULL MEDICAL AND MENTAL HEALTH CENTER,760 BROADWAY,BROOKLYN,NY,11206
330397,INTERFAITH MEDICAL CENTER,1545 ATLANTIC AVENUE,BROOKLYN,NY,11213
330399,ST BARNABAS HOSPITAL,4422 THIRD AVENUE,BRONX,NY,10457
330401,ST CATHERINE OF SIENA HOSPITAL,50 ROUTE 25A,SMITHTOWN,NY,11787
330403,MONROE COMMUNITY HOSPITAL,435 EAST HENRIETTA ROAD,ROCHESTER,NY,14620
330404,WINIFRED MASTERSON BURKE REHABILITATION HOSPITAL,785 MAMARONECK AVENUE,WHITE PLAINS,NY,10605
330405,HELEN HAYES HOSPITAL,51 NORTH ROUTE 9W,WEST HAVERSTRAW,NY,10993
330406,SUNNYVIEW HOSPITAL AND REHABILITATION CENTER,1270 BELMONT AVENUE,SCHENECTADY,NY,12308
331301,"CUBA MEMORIAL HOSPITAL, INC",140 WEST MAIN STREET,CUBA,NY,14727
331302,ELIZABETHTOWN COMMUNITY HOSPITAL,75 PARK STREET,ELIZABETHTOWN,NY,12932
331303,CATSKILL REGIONAL MEDICAL CENTER - G HERMANN SITE,8081 ROUTE 97,CALLICOON,NY,12723
331304,MARGARETVILLE MEMORIAL HOSPITAL,42084 STATE HIGHWAY 28,MARGARETVILLE,NY,12455
331305,O'CONNOR HOSPITAL,460 ANDES ROAD,DELHI,NY,13753
331306,MOSES-LUDINGTON HOSPITAL,1019 WICKER STREET,TICONDEROGA,NY,12883
331307,CLIFTON FINE HOSPITAL,1014 OSWEGATCHIE TRAIL,STAR LAKE,NY,13690
331309,"RIVER HOSPITAL, INC",4 FULLER STREET,ALEXANDRIA BAY,NY,13607
331310,ELLENVILLE REGIONAL HOSPITAL,10 HEALTHY WAY,ELLENVILLE,NY,12428
331311,LITTLE FALLS HOSPITAL,140 BURWELL STREET,LITTLE FALLS,NY,13365
331312,"DELAWARE VALLEY HOSPITAL, INC",1 TITUS PLACE,WALTON,NY,13856
331313,"SCHUYLER HOSPITAL, INC",220 STEUBEN STREET,MONTOUR FALLS,NY,14865
331314,SOLDIERS AND SAILORS MEMORIAL HOSPITAL OF YATES,418 NORTH MAIN STREET,PENN YAN,NY,14527
331315,GOUVERNEUR HOSPITAL,77 WEST BARNEY STREET,GOUVERNEUR,NY,13642
331316,"COMMUNITY MEMORIAL HOSPITAL, INC",150 BROAD STREET,HAMILTON,NY,13346
331317,LEWIS COUNTY GENERAL HOSPITAL,7785 NORTH STATE STREET,LOWVILLE,NY,13367
331318,"CARTHAGE AREA HOSPITAL, INC",1001 WEST STREET,CARTHAGE,NY,13619
331319,MEDINA MEMORIAL HOSPITAL,200 OHIO STREET,MEDINA,NY,14103
340001,CAROLINAS HEALTHCARE SYSTEM NORTHEAST,920 CHURCH ST N,CONCORD,NC,28025
340002,MEMORIAL MISSION HOSPITAL AND ASHEVILLE SURGERY CE,509 BILTMORE AVE,ASHEVILLE,NC,28801
340003,NORTHERN HOSPITAL OF SURRY COUNTY,830 ROCKFORD ST,MOUNT AIRY,NC,27030
340004,HIGH POINT REGIONAL HOSPITAL,601 N ELM ST,HIGH POINT,NC,27261
340008,SCOTLAND MEMORIAL HOSPITAL,500 LAUCHWOOD DR,LAURINBURG,NC,28352
340010,WAYNE MEMORIAL HOSPITAL,2700 WAYNE MEMORIAL DR,GOLDSBORO,NC,27534
340013,RUTHERFORD REGIONAL MEDICAL CENTER,288 SOUTH RIDGECREST AVE,RUTHERFORDTON,NC,28139
340014,NOVANT HEALTH FORSYTH MEDICAL CENTER,3333 SILAS CREEK PARKWAY,WINSTON-SALEM,NC,27103
340015,NOVANT HEALTH ROWAN MEDICAL CENTER,612 MOCKSVILLE AVE,SALISBURY,NC,28144
340016,HARRIS REGIONAL HOSPITAL,68 HOSPITAL RD,SYLVA,NC,28779
340017,MARGARET R PARDEE MEMORIAL HOSPITAL,800 N JUSTICE ST,HENDERSONVILLE,NC,28791
340020,CENTRAL CAROLINA HOSPITAL,1135 CARTHAGE ST,SANFORD,NC,27330
340021,CAROLINAS HEALTHCARE SYSTEM CLEVELAND,201 E GROVER ST,SHELBY,NC,28150
340023,PARK RIDGE HEALTH,100 HOSPITAL DRIVE,HENDERSONVILLE,NC,28792
340024,SAMPSON REGIONAL MEDICAL CENTER,607 BEAMAN ST,CLINTON,NC,28328
340027,LENOIR MEMORIAL HOSPITAL,100 AIRPORT RD,KINSTON,NC,28501
340028,CAPE FEAR VALLEY MEDICAL CENTER,1638 OWEN DRIVE P O BOX 2000,FAYETTEVILLE,NC,28302
340030,DUKE UNIVERSITY HOSPITAL,PO BOX 3814 DUMC  ERWIN RD,DURHAM,NC,27710
340032,CAROMONT REGIONAL MEDICAL CENTER,2525 COURT DR,GASTONIA,NC,28052
340037,CAROLINAS HEALTHCARE SYSTEM KINGS MOUNTAIN,706 W KING ST,KINGS MOUNTAIN,NC,28086
340039,IREDELL MEMORIAL HOSPITAL INC,557 BROOKDALE DR  P O BOX 1828,STATESVILLE,NC,28677
340040,VIDANT MEDICAL CENTER,2100 STANTONSBURG RD,GREENVILLE,NC,27834
340041,CALDWELL MEMORIAL HOSPITAL,321 MULBERRY ST SW,LENOIR,NC,28645
340042,ONSLOW MEMORIAL HOSPITAL,317 WESTERN BOULEVARD,JACKSONVILLE,NC,28540
340047,NORTH CAROLINA BAPTIST HOSPITAL,MEDICAL CENTER BOULEVARD,WINSTON-SALEM,NC,27157
340049,NORTH CAROLINA SPECIALTY HOSPITAL,3916 BEN FRANKLIN BOULEVARD,DURHAM,NC,27704
340050,SOUTHEASTERN REGIONAL MEDICAL CENTER,300 W 27 ST  PO BOX 1408,LUMBERTON,NC,28359
340051,WATAUGA MEDICAL CENTER,336 DEERFIELD ROAD,BOONE,NC,28607
340053,NOVANT HEALTH PRESBYTERIAN MEDICAL CENTER,200 HAWTHORNE LANE BOX 33549,CHARLOTTE,NC,28233
340060,MOREHEAD MEMORIAL HOSPITAL,117 E KINGS HIGHWAY,EDEN,NC,27288
340061,UNIVERSITY OF NORTH CAROLINA HOSPITAL,101 MANNING DRIVE,CHAPEL HILL,NC,27514
340064,WILKES REGIONAL MEDICAL CENTER,1370 WEST D ST,NORTH WILKESBORO,NC,28659
340068,COLUMBUS REGIONAL HEALTHCARE SYSTEM,500 JEFFERSON ST,WHITEVILLE,NC,28472
340069,"WAKEMED, RALEIGH CAMPUS",3000 NEW BERN AVE,RALEIGH,NC,27610
340070,ALAMANCE REGIONAL MEDICAL CENTER,1240 HUFFMAN MILL RD,BURLINGTON,NC,27216
340071,BETSY JOHNSON REGIONAL  HOSPITAL,800 TILGHMAN DR,DUNN,NC,28334
340073,DUKE HEALTH RALEIGH HOSPITAL,3400 WAKE FOREST RD,RALEIGH,NC,27609
340075,CAROLINAS HEALTHCARE SYSTEM-BLUE RIDGE,2201 S STERLING ST,MORGANTON,NC,28655
340084,CAROLINAS HEALTH CARE SYSTEM ANSON,2301 US HIGHWAY 74 WEST,WADESBORO,NC,28170
340085,NOVANT HEALTH THOMASVILLE MEDICAL CENTER,207 OLD LEXINGTON RD BOX 789,THOMASVILLE,NC,27360
340087,THE MCDOWELL HOSPITAL,430 RANKIN DRIVE P O BOX 730,MARION,NC,28752
340090,JOHNSTON HEALTH,509 BRIGHT LEAF BLVD,SMITHFIELD,NC,27577
340091,"MOSES H CONE MEMORIAL HOSPITAL, THE",1200 N ELM ST,GREENSBORO,NC,27401
340096,LEXINGTON MEMORIAL HOSPITAL INC,250 HOSPITAL DRIVE PO BOX 1817,LEXINGTON,NC,27293
340097,HUGH CHATHAM MEMORIAL HOSPITAL,180 PARKWOOD DR,ELKIN,NC,28621
340098,CAROLINAS HEALTHCARE SYSTEM PINEVILLE,10628 PARK RD,CHARLOTTE,NC,28210
340099,VIDANT ROANOKE CHOWAN HOSPITAL,500 S ACADEMY ST,AHOSKIE,NC,27910
340106,SANDHILLS REGIONAL MEDICAL CENTER,1000 WEST HAMLET AVENUE,HAMLET,NC,28345
340107,VIDANT EDGECOMBE HOSPITAL,111 HOSPITAL DR,TARBORO,NC,27886
340109,SENTARA ALBEMARLE MEDICAL CENTER,1144 N ROAD ST,ELIZABETH CITY,NC,27909
340113,CAROLINAS MEDICAL CENTER/BEHAV HEALTH,1000 BLYTHE BLVD,CHARLOTTE,NC,28203
340114,REX HOSPITAL,4420 LAKE BOONE TRAIL,RALEIGH,NC,27607
340115,FIRSTHEALTH MOORE REGIONAL HOSPITAL,155 MEMORIAL DRIVE,PINEHURST,NC,28374
340116,FRYE REGIONAL MEDICAL CENTER,420 N CENTER ST,HICKORY,NC,28601
340119,CAROLINAS HEALTHCARE SYSTEM STANLY,301 YADKIN ST,ALBEMARLE,NC,28001
340120,VIDANT DUPLIN  HOSPITAL,401 N MAIN ST,KENANSVILLE,NC,28349
340123,RANDOLPH HOSPITAL,364 WHITE OAK STREET,ASHEBORO,NC,27204
340126,WILSON MEDICAL CENTER,1705 S TARBORO ST,WILSON,NC,27893
340127,GRANVILLE HEALTH SYSTEMS,COLLEGE ST BOX 947,OXFORD,NC,27565
340129,LAKE NORMAN REGIONAL MEDICAL CENTER,171 FAIRVIEW ROAD,MOORESVILLE,NC,28117
340130,CAROLINAS HEALTHCARE SYSTEM UNION,600 HOSPITAL DR,MONROE,NC,28110
340131,CAROLINA EAST MEDICAL CENTER,2000 NEUSE BLVD,NEW BERN,NC,28560
340132,MARIA PARHAM MEDICAL CENTER,PO BOX 59,HENDERSON,NC,27536
340133,MARTIN GENERAL HOSPITAL,310 S MCCASKEY RD P O BOX 1128,WILLIAMSTON,NC,27892
340141,NEW HANOVER REGIONAL MEDICAL CENTER,2131 S 17TH ST BOX 9000,WILMINGTON,NC,28402
340142,CARTERET GENERAL HOSPITAL,3500 ARENDELL ST,MOREHEAD CITY,NC,28557
340143,CATAWBA VALLEY MEDICAL CENTER,810 FAIRGROVE CHURCH RD,HICKORY,NC,28602
340144,DAVIS REGIONAL MEDICAL CENTER,218 OLD MOCKSBVILLE RD PO BOX 1823,STATESVILLE,NC,28687
340145,CAROLINAS HEALTHCARE SYSTEM LINCOLN,433 MCALISTER RD,LINCOLNTON,NC,28092
340147,NASH GENERAL HOSPITAL,2460 CURTIS ELLIS DRIVE,ROCKY MOUNT,NC,27804
340148,NOVANT HEALTH MEDICAL PARK HOSPITAL,1950 S HAWTHORNE RD,WINSTON-SALEM,NC,27103
340151,HALIFAX REGIONAL MEDICAL CENTER INC,250 SMITH CHURCH RD,ROANOKE RAPIDS,NC,27870
340155,DUKE REGIONAL HOSPITAL,3643 N ROXBORO ROAD,DURHAM,NC,27704
340156,CHEROKEE INDIAN HOSPITAL AUTHORITY,CALLER BOX C268,CHEROKEE,NC,28719
340158,NOVANT HEALTH BRUNSWICK MEDICAL CENTER,1 MEDICAL CENTER DR  PO BOX 139,SUPPLY,NC,28462
340159,PERSON MEMORIAL HOSPITAL,615 RIDGE RD,ROXBORO,NC,27573
340166,CAROLINAS MED CTR-UNIVERSITY,8800 NORTH TYRON STREET,CHARLOTTE,NC,28262
340171,NOVANT HEALTH MATTHEWS MEDICAL CENTER,1500 MATTHEWS TWNSHP PRKWY BOX 3310,MATTHEWS,NC,28106
340173,"WAKEMED, CARY HOSPITAL",1900 KILDARE FARM ROAD,CARY,NC,27518
340183,NOVANT HEALTH HUNTERSVILLE MEDICAL CENTER,10030 GILEAD ROAD,HUNTERSVILLE,NC,28078
340184,HAYWOOD REGIONAL MEDICAL CENTER,262 LEROY GEORGE DRIVE,CLYDE,NC,28721
340186,VIDANT BEAUFORT HOSPITAL,628 E 12TH ST,WASHINGTON,NC,27889
340188,CAPE FEAR VALLEY HOKE HOSPITAL,210 MEDICAL PAVILION DRIVE,RAEFORD,NC,28376
341302,OUR COMMUNITY HOSPITAL,921 JUNIOR HIGH ROAD,SCOTLAND NECK,NC,27874
341303,FIRSTHEALTH MONTGOMERY MEMORIAL HOSP,520 ALLEN STREET,TROY,NC,27371
341304,VIDANT BERTIE  HOSPITAL,1403 SOUTH KINGS STREET,WINDSOR,NC,27983
341305,SWAIN COUNTY HOSPITAL,45 PLATEAU STREET,BRYSON CITY,NC,28713
341307,PENDER MEMORIAL HOSPITAL,507 E FREMONT ST,BURGAW,NC,28425
341311,CHATHAM HOSPITAL INC,475 PROGRESS BLVD,SILER CITY,NC,27344
341314,WASHINGTON COUNTY HOSP INC,958 US HWY 64 EAST,PLYMOUTH,NC,27962
341315,CAPE FEAR VALLEY-BLADEN COUNTY HOSPITAL,501 SOUTH POPLAR STREET,ELIZABETHTOWN,NC,28337
341316,HIGHLANDS CASHIERS HOSPITAL INC,190 HOSPITAL DRIVE,HIGHLANDS,NC,28741
341317,PIONEER COMMUNITY HOSPITAL OF STOKES,1570 NC 8 & 89 HWY NORTH,DANBURY,NC,27016
341318,VIDANT CHOWAN HOSPITAL,211 VIRGINIA RD,EDENTON,NC,27932
341319,"TRANSYLVANIA REGIONAL HOSPITAL, INC",90 HOSPITAL DRIVE PO BOX 1116,BREVARD,NC,28712
341320,ALLEGHANY COUNTY MEMORIAL HOSPITAL,617 DOCTORS STREET,SPARTA,NC,28675
341322,ST LUKES HOSPITAL,101 HOSPITAL DRIVE,COLUMBUS,NC,28722
341323,CHARLES A CANNON JR MEMORIAL HOSPITAL,434 HOSPITAL DRIVE,LINVILLE,NC,28646
341324,"THE OUTER BANKS HOSPITAL, INC",4800 SOUTH CROATAN HIGHWAY,NAGS HEAD,NC,27959
341325,ASHE MEMORIAL HOSPITAL,200 HOSPITAL AVE,JEFFERSON,NC,28640
341326,ANGEL MEDICAL CENTER,120 RIVERVIEW ST PO BOX 1209,FRANKLIN,NC,28734
341327,J ARTHUR DOSHER MEMORIAL HOSPITAL,924 HOWE ST,SOUTHPORT,NC,28461
341328,MURPHY MEDICAL CENTER INC,3990 EAST US HIGHWAY 64 ALT,MURPHY,NC,28906
341329,"BLUE RIDGE REGIONAL HOSPITAL, INC",125 HOSPITAL DR,SPRUCE PINE,NC,28777
350002,ST ALEXIUS MEDICAL CENTER,900 E BROADWAY,BISMARCK,ND,58501
350006,TRINITY HOSPITALS,407 3RD ST SE,MINOT,ND,58701
350011,SANFORD MEDICAL CENTER FARGO,801 BROADWAY NORTH,FARGO,ND,58122
350015,SANFORD MEDICAL CENTER BISMARCK,300 N 7TH ST,BISMARCK,ND,58506
350019,ALTRU HOSPITAL,1200 S COLUMBIA RD,GRAND FORKS,ND,58201
350063,P H S INDIAN HOSP AT BELCOURT-QUENTIN N BURDICK,PO BOX 160,BELCOURT,ND,58316
350064,STANDING ROCK INDIAN HEALTH SERVICE HOSPITAL,10 NORTH RIVER ROAD,FORT YATES,ND,58538
350070,ESSENTIA HEALTH-FARGO,3000 32ND AVE SOUTH,FARGO,ND,58104
351300,TIOGA MEDICAL CENTER,810 N WELO ST,TIOGA,ND,58852
351301,MOUNTRAIL COUNTY MEDICAL CENTER,615 6TH ST SE,STANLEY,ND,58784
351302,MCKENZIE COUNTY HEALTHCARE SYSTEMS,516 NORTH MAIN ST,WATFORD CITY,ND,58854
351303,GARRISON MEMORIAL HOSPITAL,407 3RD AVE SE,GARRISON,ND,58540
351304,COMMUNITY MEMORIAL HOSPITAL,220 5TH AVE W,TURTLE LAKE,ND,58575
351305,KENMARE COMMUNITY HOSPITAL,PO BOX 697,KENMARE,ND,58746
351306,COOPERSTOWN MEDICAL CENTER,1200 ROBERTS AVE NE,COOPERSTOWN,ND,58425
351307,ST ANDREWS HEALTH CENTER - CAH,316 OHMER STREET,BOTTINEAU,ND,58318
351308,NELSON COUNTY HEALTH SYSTEM,200 N MAIN ST,MCVILLE,ND,58254
351309,SANFORD MAYVILLE,42 6TH AVENUE SE,MAYVILLE,ND,58257
351310,SAKAKAWEA MEDICAL CENTER - CAH,510 8TH AVENUE NE,HAZEN,ND,58545
351311,LISBON AREA HEALTH SERVICES,905 MAIN ST,LISBON,ND,58054
351312,NORTHWOOD DEACONESS HEALTH CENTER,PO BOX 190,NORTHWOOD,ND,58267
351313,SOUTHWEST HEALTHCARE SERVICES,14 6TH AVE SW,BOWMAN,ND,58623
351314,JACOBSON MEMORIAL HOSPITAL CARE CENTER,601 EAST ST N,ELGIN,ND,58533
351315,OAKES COMMUNITY HOSPITAL,1200 N 7TH ST,OAKES,ND,58474
351316,PRESENTATION MEDICAL CENTER,213 SECOND AVE NE,ROLLA,ND,58367
351318,CARRINGTON HEALTH CENTER,PO BOX 461,CARRINGTON,ND,58421
351319,PEMBINA COUNTY MEMORIAL HOSPITAL,BOX 380,CAVALIER,ND,58220
351320,UNITY MEDICAL CENTER,164 W 13TH STREET,GRAFTON,ND,58237
351321,WISHEK COMMUNITY HOSPITAL,1007 4TH AVE S,WISHEK,ND,58495
351322,ASHLEY MEDICAL CENTER,612 CENTER AVENUE N,ASHLEY,ND,58413
351323,CAVALIER COUNTY MEMORIAL HOSPITAL,909 2ND ST,LANGDON,ND,58249
351324,MERCY HOSPITAL OF VALLEY CITY,570 CHAUTAUQUA BLVD,VALLEY CITY,ND,58072
351325,ST LUKE'S HOSPITAL,702 1ST ST SW,CROSBY,ND,58730
351326,FIRST CARE HEALTH CENTER,115 VIVIAN ST,PARK RIVER,ND,58270
351327,ST ALOISIUS MEDICAL CENTER,325 E BREWSTER ST,HARVEY,ND,58341
351328,LINTON HOSPITAL - CAH,518 NORTH BROADWAY,LINTON,ND,58552
351329,SANFORD HILLSBORO,12 THIRD STREET SOUTH EAST,HILLSBORO,ND,58045
351330,WEST RIVER REGIONAL MEDICAL CENTER-CAH,1000 HIGHWAY 12,HETTINGER,ND,58639
351331,TOWNER COUNTY MEDICAL CENTER,HWY 281 N,CANDO,ND,58324
351332,HEART OF AMERICA MEDICAL CENTER,800 S MAIN AVE,RUGBY,ND,58368
351333,THE MERCY HOSPITAL OF DEVILS LAKE,1031 7TH ST NE,DEVILS LAKE,ND,58301
351334,MERCY MEDICAL CENTER,1301 15TH AVE W,WILLISTON,ND,58801
351335,JAMESTOWN REGIONAL MEDICAL CENTER,2422 20TH ST SW,JAMESTOWN,ND,58401
351336,ST JOSEPH'S HOSPITAL & HEALTH CENTER,2500 FAIRWAY STREET,DICKINSON,ND,58601
360001,MERCY HOSPITAL ANDERSON,7500 STATE ROAD,CINCINNATI,OH,45255
360002,SAMARITAN REGIONAL HEALTH SYSTEM,1025 CENTER ST,ASHLAND,OH,44805
360003,"UNIVERSITY OF CINCINNATI MEDICAL CENTER, LLC",234 GOODMAN STREET,CINCINNATI,OH,45219
360006,RIVERSIDE METHODIST HOSPITAL,3535 OLENTANGY RIVER RD,COLUMBUS,OH,43214
360008,SOUTHERN OHIO MEDICAL CENTER,1805 27TH STREET,PORTSMOUTH,OH,45662
360009,LIMA MEMORIAL HEALTH SYSTEM,1001 BELLEFONTAINE AVENUE,LIMA,OH,45804
360010,UNION HOSPITAL,659 BOULEVARD,DOVER,OH,44622
360011,MARION GENERAL HOSPITAL,1000 MCKINLEY PARK DRIVE,MARION,OH,43302
360012,MOUNT CARMEL ST ANN'S,500 SOUTH CLEVELAND AVENUE,WESTERVILLE,OH,43081
360013,WILSON MEMORIAL HOSPITAL,915 WEST MICHIGAN STREET,SIDNEY,OH,45365
360014,OHIOHEALTH O'BLENESS HOSPITAL,55 HOSPITAL DRIVE,ATHENS,OH,45701
360016,"JEWISH HOSPITAL, LLC",4777 EAST GALBRAITH ROAD,CINCINNATI,OH,45236
360017,GRANT MEDICAL CENTER,111 SOUTH GRANT AVENUE,COLUMBUS,OH,43215
360019,SUMMA BARBERTON HOSPITAL,155 5TH STREET N E,BARBERTON,OH,44203
360020,SUMMA HEALTH SYSTEM,525 EAST MARKET STREET,AKRON,OH,44309
360025,FIRELANDS REGIONAL MEDICAL CENTER,1111 HAYES AVENUE,SANDUSKY,OH,44870
360026,GREENE MEMORIAL HOSPITAL,1141 NORTH MONROE DRIVE,XENIA,OH,45385
360027,AKRON GENERAL MEDICAL CENTER,400 WABASH AVENUE,AKRON,OH,44307
360029,WOOD COUNTY HOSPITAL,950 WEST WOOSTER STREET,BOWLING GREEN,OH,43402
360032,GRAND LAKE HEALTH SYSTEM,200 SAINT CLAIR STREET,SAINT MARYS,OH,45885
360035,MOUNT CARMEL WEST,793 WEST STATE STREET,COLUMBUS,OH,43222
360036,WOOSTER COMMUNITY HOSPITAL,1761 BEALL AVENUE,WOOSTER,OH,44691
360037,ST VINCENT CHARITY MEDICAL CENTER,2351 EAST 22ND STREET,CLEVELAND,OH,44115
360039,GENESIS HOSPITAL,2951 MAPLE AVENUE,ZANESVILLE,OH,43701
360040,KNOX COMMUNITY HOSPITAL,1330 COSHOCTON ROAD,MOUNT VERNON,OH,43050
360041,PARMA COMMUNITY GENERAL HOSPITAL,7007 POWERS BOULEVARD,PARMA,OH,44129
360044,WAYNE HOSPITAL,835 SWEITZER STREET,GREENVILLE,OH,45331
360046,MCCULLOUGH-HYDE MEMORIAL HOSPITAL,110 NORTH POPLAR STREET,OXFORD,OH,45056
360048,UNIVERSITY OF TOLEDO MEDICAL CENTER,3000 ARLINGTON AVENUE,TOLEDO,OH,43699
360051,MIAMI VALLEY HOSPITAL,ONE WYOMING STREET,DAYTON,OH,45409
360052,GOOD SAMARITAN HOSPITAL,2222 PHILADELPHIA DRIVE,DAYTON,OH,45406
360054,HOLZER MEDICAL CENTER,100 JACKSON PIKE,GALLIPOLIS,OH,45631
360055,TRUMBULL MEMORIAL HOSPITAL,1350 EAST MARKET STREET,WARREN,OH,44482
360056,MERCY HOSPITAL FAIRFIELD,3000 MACK ROAD,FAIRFIELD,OH,45014
360058,MERCER COUNTY JOINT TOWNSHIP COMMUNITY HOSPITAL,800 WEST MAIN STREET,COLDWATER,OH,45828
360059,METROHEALTH SYSTEM,2500 METROHEALTH DRIVE,CLEVELAND,OH,44109
360064,ST ELIZABETH YOUNGSTOWN HOSPITAL,1044 BELMONT AVENUE,YOUNGSTOWN,OH,44501
360065,FISHER-TITUS HOSPITAL,272 BENEDICT AVENUE,NORWALK,OH,44857
360066,ST RITA'S MEDICAL CENTER,730 WEST MARKET STREET,LIMA,OH,45801
360068,TOLEDO HOSPITAL THE,2142 NORTH COVE BOULEVARD,TOLEDO,OH,43606
360070,MERCY MEDICAL CENTER,1320 MERCY DRIVE NW,CANTON,OH,44708
360071,VAN WERT COUNTY HOSPITAL,1250 S WASHINGTON STREET,VAN WERT,OH,45891
360072,FAIRFIELD MEDICAL CENTER,401 NORTH EWING STREET,LANCASTER,OH,43130
360074,FLOWER HOSPITAL,5200 HARROUN ROAD,SYLVANIA,OH,43560
360075,UHHS RICHMOND HEIGHTS HOSPITAL,27100 CHARDON ROAD,RICHMOND HEIGHTS,OH,44143
360076,ATRIUM MEDICAL CENTER,ONE MEDICAL CENTER DRIVE,FRANKLIN,OH,45005
360077,FAIRVIEW HOSPITAL,18101 LORAIN AVENUE,CLEVELAND,OH,44111
360078,UNIVERSITY HOSPITALS PORTAGE MEDICAL CENTER,6847 N CHESTNUT,RAVENNA,OH,44266
360079,KETTERING MEDICAL CENTER,3535 SOUTHERN BOULEVARD,KETTERING,OH,45429
360080,EAST OHIO REGIONAL HOSPITAL,90 NORTH FOURTH STREET,MARTINS FERRY,OH,43935
360081,MERCY ST CHARLES HOSPITAL,2600 NAVARRE AVENUE,OREGON,OH,43616
360082,EUCLID HOSPITAL,18901 LAKE SHORE BOULEVARD,EUCLID,OH,44119
360084,AULTMAN HOSPITAL,2600 SIXTH STREET SW,CANTON,OH,44710
360085,OHIO STATE UNIVERSITY HOSPITALS,410 WEST 10TH AVENUE,COLUMBUS,OH,43210
360086,SPRINGFIELD REGIONAL MEDICAL CENTER,100 MEDICAL CENTER DRIVE,SPRINGFIELD,OH,45504
360087,LUTHERAN HOSPITAL,1730 WEST 25TH STREET,CLEVELAND,OH,44113
360089,MERCY TIFFIN HOSPITAL,45 ST LAWRENCE DRIVE,TIFFIN,OH,44883
360090,ST LUKE'S HOSPITAL,5901 MONCLOVA ROAD,MAUMEE,OH,43537
360091,MEDINA HOSPITAL,1000 EAST WASHINGTON STREET,MEDINA,OH,44256
360092,MEMORIAL HOSPITAL,500 LONDON AVENUE,MARYSVILLE,OH,43040
360095,BLANCHARD VALLEY HOSPITAL,1900 SOUTH MAIN STREET,FINDLAY,OH,45840
360096,EAST LIVERPOOL CITY HOSPITAL,425 WEST 5TH STREET,EAST LIVERPOOL,OH,43920
360098,LAKE HEALTH,7590 AUBURN ROAD,CONCORD,OH,44077
360107,BELLEVUE HOSPITAL,1400 WEST MAIN STREET,BELLEVUE,OH,44811
360109,COSHOCTON COUNTY MEMORIAL HOSPITAL,1460 ORANGE STREET,COSHOCTON,OH,43812
360112,MERCY ST VINCENT MEDICAL CENTER,2213 CHERRY STREET,TOLEDO,OH,43608
360118,OHIOHEALTH MANSFIELD HOSPITAL,335 GLESSNER AVENUE,MANSFIELD,OH,44903
360121,COMMUNITY HOSPITALS AND WELLNESS CENTERS,433 WEST HIGH STREET,BRYAN,OH,43506
360123,ST JOHN MEDICAL CENTER,29000 CENTER RIDGE ROAD,WESTLAKE,OH,44145
360125,ASHTABULA COUNTY MEDICAL CENTER,2420 LAKE AVENUE,ASHTABULA,OH,44004
360131,ALLIANCE COMMUNITY HOSPITAL,200 EAST STATE STREET,ALLIANCE,OH,44601
360132,FORT HAMILTON HUGHES MEMORIAL HOSPITAL,630 EATON AVENUE,HAMILTON,OH,45013
360133,GRANDVIEW HOSPITAL & MEDICAL CENTER,405 GRAND AVENUE,DAYTON,OH,45405
360134,GOOD SAMARITAN HOSPITAL,375 DIXMYTH AVENUE,CINCINNATI,OH,45220
360137,UNIVERSITY HOSPITALS CASE MEDICAL CENTER,11100 EUCLID AVENUE,CLEVELAND,OH,44106
360141,NORTHSIDE MEDICAL CENTER,500 GYPSY LANE,YOUNGSTOWN,OH,44501
360143,MARYMOUNT HOSPITAL,12300 MCCRACKEN ROAD,GARFIELD HEIGHTS,OH,44125
360144,SOUTH POINTE HOSPITAL,20000 HARVARD ROAD,WARRENSVILLE HEIGHTS,OH,44122
360145,UNIVERSITY HOSPITALS - ELYRIA MEDICAL CENTER,630 EAST RIVER STREET,ELYRIA,OH,44035
360147,MARIETTA MEMORIAL HOSPITAL,401 MATTHEW STREET,MARIETTA,OH,45750
360148,POMERENE HOSPITAL,981 WOOSTER ROAD,MILLERSBURG,OH,44654
360150,SUMMA WESTERN RESERVE HOSPITAL,1900 23RD STREET,CUYAHOGA FALLS,OH,44223
360151,AFFINITY MEDICAL CENTER,875 EIGHTH STREET NE,MASSILLON,OH,44646
360152,DOCTORS HOSPITAL,5100 WEST  BROAD STREET,COLUMBUS,OH,43228
360153,BELMONT COMMUNITY HOSPITAL,4697 HARRISON STREET,BELLAIRE,OH,43906
360155,SOUTHWEST GENERAL HEALTH CENTER,18697 BAGLEY ROAD,MIDDLEBURG HEIGHTS,OH,44130
360156,MEMORIAL HOSPITAL,715 SOUTH TAFT AVENUE,FREMONT,OH,43420
360159,ADENA REGIONAL MEDICAL CENTER,272 HOSPITAL ROAD,CHILLICOTHE,OH,45601
360161,ST JOSEPH WARREN HOSPITAL,667 EASTLAND AVE SE,WARREN,OH,44481
360163,CHRIST HOSPITAL,2139 AUBURN AVENUE,CINCINNATI,OH,45219
360170,BERGER HOSPITAL,600 NORTH PICKAWAY STREET,CIRCLEVILLE,OH,43113
360172,MERCY REGIONAL MEDICAL CENTER,3700 KOLBE ROAD,LORAIN,OH,44053
360174,UPPER VALLEY MEDICAL CENTER,3130 NORTH COUNTY ROAD 25A,TROY,OH,45373
360175,CLINTON MEMORIAL HOSPITAL,610 WEST MAIN STREET,WILMINGTON,OH,45177
360179,BETHESDA NORTH,10500 MONTGOMERY ROAD,CINCINNATI,OH,45242
360180,CLEVELAND CLINIC,9500 EUCLID AVENUE,CLEVELAND,OH,44195
360185,SALEM REGIONAL MEDICAL CENTER,1995 EAST STATE STREET,SALEM,OH,44460
360189,MADISON COUNTY HOSPITAL INC,210 NORTH MAIN STREET,LONDON,OH,43140
360192,UH GEAUGA MEDICAL CENTER,13207 RAVENNA RD,CHARDON,OH,44024
360197,MARY RUTAN HOSPITAL,205 PALMER AVENUE,BELLEFONTAINE,OH,43311
360203,SOUTHEASTERN OHIO REGIONAL MEDICAL CENTER,1341 NORTH CLARK STREET,CAMBRIDGE,OH,43725
360210,GRADY MEMORIAL HOSPITAL,561 WEST CENTRAL AVENUE,DELAWARE,OH,43015
360211,TRINITY MEDICAL CTR EAST &TRINITY MEDICAL CTR WEST,380 SUMMIT AVENUE,STEUBENVILLE,OH,43952
360212,LAKEWOOD HOSPITAL,14519 DETROIT AVENUE,LAKEWOOD,OH,44107
360218,LICKING MEMORIAL HOSPITAL,1320 WEST MAIN STREET,NEWARK,OH,43055
360230,HILLCREST HOSPITAL,6780 MAYFIELD ROAD,MAYFIELD HEIGHTS,OH,44124
360234,MERCY HEALTH - WEST HOSPITAL,3300 MERCY HEALTH BLVD,CINCINNATI,OH,45211
360236,MERCY HOSPITAL CLERMONT,3000 HOSPITAL DRIVE,BATAVIA,OH,45103
360239,SYCAMORE MEDICAL CENTER,4000 MIAMISBURG-CENTERVILLE ROAD,MIAMISBURG,OH,45342
360241,EDWIN SHAW REHAB INSTITUTE,330 BROADWAY EAST,CUYAHOGA FALLS,OH,44221
360245,GLENBEIGH HEALTH SOURCES,2863 STATE ROUTE 45,ROCK CREEK,OH,44084
360259,BAY PARK COMMUNITY HOSPITAL,2801 BAY PARK DRIVE,OREGON,OH,43616
360261,THREE GABLES SURGERY CENTER,5897 COUNTY ROAD 107,PROCTORVILLE,OH,45669
360262,MERCY ST ANNE HOSPITAL,3404 SYLVANIA AVENUE,TOLEDO,OH,43623
360263,INSTITUTE FOR ORTHOPAEDIC SURGERY,"801 MEDICAL DRIVE, SUITE B",LIMA,OH,45804
360266,MOUNT CARMEL NEW ALBANY SURGICAL HOSPITAL,7333 SMITH'S MILL ROAD,NEW ALBANY,OH,43054
360270,MERCY HOSPITAL OF DEFIANCE,1404 EAST SECOND STREET,DEFIANCE,OH,43512
360274,MEDICAL CENTER AT ELIZABETH PLACE,ONE ELIZABETH PLACE,DAYTON,OH,45417
360276,ST ELIZABETH BOARDMAN HEALTH CENTER,8401 MARKET STREET,BOARDMAN,OH,44512
360348,DUBLIN METHODIST HOSPITAL,7500 HOSPITAL AVENUE,DUBLIN,OH,43016
360351,CRYSTAL CLINIC ORTHOPAEDIC CENTER,444 NORTH MAIN STREET,AKRON,OH,44310
360352,SURGICAL HOSPITAL AT SOUTHWOODS,7630 SOUTHERN BLVD,YOUNGSTOWN,OH,44512
360354,"WEST CHESTER HOSPITAL, LLC",7700 UNIVERSITY DRIVE,WEST CHESTER,OH,45069
360355,"OHIO VALLEY MEDICAL CENTER, LLC",100 WEST MAIN STREET,SPRINGFIELD,OH,45502
360358,DILEY RIDGE MEDICAL CENTER,7911 DILEY ROAD,CANAL WINCHESTER,OH,43110
360359,UNIVERSITY HOSPITALS AHUJA MEDICAL CENTER,3999 RICHMOND ROAD,BEACHWOOD,OH,44122
360360,SOIN MEDICAL CENTER,3535 PENTAGON PARK BLVD,BEAVER CREEK,OH,45431
360361,KINGS DAUGHTERS MEDICAL CENTER OHIO,1901 ARGONNE ROAD,PORTSMOUTH,OH,45662
360362,TRIHEALTH EVENDALE HOSPITAL,3155 GLENDALE MILFORD ROAD,CINCINNATI,OH,45241
361300,PAULDING COUNTY HOSPITAL,1035 WEST WAYNE ST.,PAULDING,OH,45879
361301,COMMUNITY MEMORIAL HOSPITAL,208 N COLUMBUS ST,HICKSVILLE,OH,43526
361302,TRINITY HOSPITAL TWIN CITY,819 NORTH FIRST STREET,DENNISON,OH,44621
361303,LODI COMMUNITY HOSPITAL,225 ELYRIA STREET,LODI,OH,44254
361306,MERCY ALLEN HOSPITAL,200 WEST LORAIN STREET,OBERLIN,OH,44074
361307,UHHS MEMORIAL HOSPITAL OF GENEVA,870 WEST MAIN STREET,GENEVA,OH,44041
361308,UNIVERSITY HOSPITALS CONNEAUT MEDICAL CENTER,158 WEST MAIN ROAD,CONNEAUT,OH,44030
361309,"HENRY COUNTY HOSPITAL, INC",1600 EAST RIVERVIEW AVENUE,NAPOLEON,OH,43545
361310,MERCY WILLARD HOSPITAL,1100 NEAL ZICK ROAD,WILLARD,OH,44890
361311,HARRISON COMMUNITY HOSPITAL,951 EAST MARKET STREET,CADIZ,OH,43907
361312,MERCY MEMORIAL HOSPITAL,904 SCIOTO STREET,URBANA,OH,43078
361313,MORROW COUNTY HOSPITAL,651 WEST MARION ROAD,MOUNT GILEAD,OH,43338
361314,H B MAGRUDER MEMORIAL HOSPITAL,615 FULTON ST,PORT CLINTON,OH,43452
361315,HARDIN MEMORIAL HOSPITAL,921 EAST FRANKLIN STREET,KENTON,OH,43326
361316,BUCYRUS COMMUNITY HOSPITAL,629 NORTH SANDUSKY AVENUE,BUCYRUS,OH,44820
361318,FOSTORIA COMMUNITY HOSPITAL,501 VAN BUREN STREET,FOSTORIA,OH,44830
361319,SELBY GENERAL HOSPITAL,1106 COLEGATE DRIVE,MARIETTA,OH,45750
361320,HOLZER MEDICAL CENTER JACKSON,500 BURLINGTON ROAD,JACKSON,OH,45640
361321,"BARNESVILLE HOSPITAL ASSOCIATION, INC",639 WEST MAIN STREET,BARNESVILLE,OH,43713
361322,BLUFFTON HOSPITAL,139 GARAU STREET,BLUFFTON,OH,45817
361323,AULTMAN ORRVILLE HOSPITAL,832 SOUTH MAIN STREET,ORRVILLE,OH,44667
361324,OHIOHEALTH SHELBY HOSPITAL,199 WEST MAIN STREET,SHELBY,OH,44875
361325,GALION COMMUNITY HOSPITAL,269 PORTLAND WAY SOUTH,GALION,OH,44833
361326,ADAMS COUNTY REGIONAL MEDICAL CENTER,230 MEDICAL CENTER DRIVE,SEAMAN,OH,45679
361327,COMMUNITY HOSPITALS AND WELLNESS CENTERS,909 EAST SNYDER AVENUE,MONTPELIER,OH,43543
361328,DEFIANCE REGIONAL MEDICAL CENTER,1200 RALSTON AVENUE,DEFIANCE,OH,43512
361329,WYANDOT MEMORIAL HOSPITAL,885 NORTH SANDUSKY AVENUE,UPPER SANDUSKY,OH,43351
361330,HOCKING VALLEY COMMUNITY HOSPITAL,601 STATE ROUTE 664N,LOGAN,OH,43138
361331,FAYETTE COUNTY MEMORIAL HOSPITAL,1430 COLUMBUS AVENUE,WASHINGTON CH,OH,43160
361332,HIGHLAND DISTRICT HOSPITAL,1275 NORTH HIGH STREET,HILLSBORO,OH,45133
361333,FULTON COUNTY HEALTH CENTER,725 SOUTH SHOOP AVENUE,WAUSEON,OH,43567
361334,ADENA PIKE MEDICAL CENTER,100 DAWN LANE,WAVERLY,OH,45690
370001,HILLCREST MEDICAL CENTER,1120 SOUTH UTICA AVENUE,TULSA,OK,74104
370002,ALLIANCEHEALTH WOODWARD,900 17TH STREET,WOODWARD,OK,73801
370004,INTEGRIS MIAMI HOSPITAL,200 SECOND AVENUE SOUTHWEST,MIAMI,OK,74355
370006,ALLIANCEHEALTH PONCA CITY,1900 NORTH 14TH STREET,PONCA CITY,OK,74601
370007,NEWMAN MEMORIAL HOSPITAL,905 SOUTH MAIN STREET,SHATTUCK,OK,73858
370008,NORMAN REGIONAL HOSPITAL AUTHORITY,901 NORTH PORTER,NORMAN,OK,73070
370011,"MERCY HOSPITAL EL RENO, INC",2115 PARKVIEW DRIVE,EL RENO,OK,73036
370013,"MERCY HOSPITAL OKLAHOMA CITY, INC",4300 WEST MEMORIAL ROAD,OKLAHOMA CITY,OK,73120
370014,ALLIANCEHEALTH DURANT,1800 UNIVERSITY BOULEVARD,DURANT,OK,74702
370015,ALLIANCEHEALTH PRYOR,111 NORTH BAILEY STREET,PRYOR,OK,74361
370016,INTEGRIS BASS BAPTIST HEALTH CENTER,600 SOUTH MONROE,ENID,OK,73701
370018,"JANE PHILLIPS MEMORIAL MEDICAL CENTER, INC",3500 EAST FRANK PHILLIPS BOULEVARD,BARTLESVILLE,OK,74006
370019,GREAT PLAINS REGIONAL MEDICAL CENTER,1801 WEST 3RD STREET,ELK CITY,OK,73644
370020,MERCY HOSPITAL ADA,430 NORTH MONTE VISTA,ADA,OK,74820
370022,JACKSON COUNTY MEMORIAL HOSPITAL AUTHORITY,1200 EAST PECAN ST,ALTUS,OK,73523
370023,"DUNCAN REGIONAL HOSPITAL, INC",1407 WHISENANT DRIVE,DUNCAN,OK,73533
370025,EASTAR HEALTH SYSTEM,300 ROCKEFELLER DRIVE,MUSKOGEE,OK,74401
370026,ST MARY'S REGIONAL MEDICAL CENTER,305 SOUTH 5TH STREET,ENID,OK,73701
370028,INTEGRIS BAPTIST MEDICAL CENTER,3300 NORTHWEST EXPRESSWAY,OKLAHOMA CITY,OK,73112
370029,ALLIANCEHEALTH CLINTON,100 NORTH 30TH STREET,CLINTON,OK,73601
370030,ALLIANCEHEALTH BLACKWELL,710 SOUTH 13TH STREET,BLACKWELL,OK,74631
370032,ALLIANCEHEALTH DEACONESS,5501 NORTH PORTLAND AVENUE,OKLAHOMA CITY,OK,73112
370034,MCALESTER REGIONAL HEALTH CENTER AUTHORITY,ONE CLARK BASS BOULEVARD,MCALESTER,OK,74501
370036,HARMON MEMORIAL HOSPITAL,400 EAST CHESTNUT STREET,HOLLIS,OK,73550
370037,ST ANTHONY HOSPITAL,1000 NORTH LEE AVENUE,OKLAHOMA CITY,OK,73101
370039,HILLCREST HOSPITAL CLAREMORE,1202 N MUSKOGEE PLACE,CLAREMORE,OK,74017
370040,EASTERN OKLAHOMA MEDICAL CENTER,105 WALL STREET,POTEAU,OK,74953
370041,BRISTOW MEDICAL CENTER,700 W. 7TH STREET,BRISTOW,OK,74010
370047,"MERCY HOSPITAL ARDMORE, INC","1011 FOURTEENTH AVENUE, NORTHWEST",ARDMORE,OK,73401
370048,MCCURTAIN MEMORIAL HOSPITAL,1301 LINCOLN ROAD,IDABEL,OK,74745
370049,STILLWATER MEDICAL CENTER,1323 WEST 6TH STREET,STILLWATER,OK,74076
370051,MEMORIAL HOSPITAL & PHYSICIAN GROUP,319 EAST JOSEPHINE,FREDERICK,OK,73542
370054,GRADY MEMORIAL HOSPITAL,2220 IOWA STREET,CHICKASHA,OK,73018
370056,COMANCHE COUNTY MEMORIAL HOSPITAL,3401 WEST GORE BLVD,LAWTON,OK,73505
370057,MUSCOGEE (CREEK) NATION MEDICAL CENTER,1401 MORRIS DRIVE,OKMULGEE,OK,74447
370065,CRAIG GENERAL HOSPITAL,735 NORTH FOREMAN,VINITA,OK,74301
370072,LATIMER COUNTY GENERAL HOSPITAL,806 STATE HIGHWAY 2 NORTH,WILBURTON,OK,74578
370078,OKLAHOMA STATE UNIVERSITY MEDICAL CENTER,744 WEST 9TH STREET,TULSA,OK,74127
370080,SHARE MEDICAL CENTER,800 SHARE DRIVE,ALVA,OK,73717
370083,PUSHMATAHA COUNTY TOWN OF ANTLERS HOSPITAL,510 EAST MAIN STREET,ANTLERS,OK,74523
370089,NORTHEASTERN HEALTH SYSTEM,1400 EAST DOWNING STREET,TAHLEQUAH,OK,74465
370091,"SAINT FRANCIS HOSPITAL, INC",6161 SOUTH YALE,TULSA,OK,74136
370093,OU MEDICAL CENTER,700 NE 13TH STREET,OKLAHOMA CITY,OK,73104
370094,ALLIANCEHEALTH MIDWEST,2825 PARKLAWN DRIVE,MIDWEST CITY,OK,73110
370097,SOUTHWESTERN MEDICAL CENTER,5602 SOUTHWEST LEE BOULEVARD,LAWTON,OK,73505
370099,HILLCREST HOSPITAL CUSHING,1027 EAST CHERRY STREET,CUSHING,OK,74023
370100,CHOCTAW MEMORIAL HOSPITAL,1405 EAST KIRK ROAD,HUGO,OK,74743
370103,"SAYRE MEMORIAL HOSPITAL, INC",911 HOSPITAL DRIVE,SAYRE,OK,73662
370106,INTEGRIS SOUTHWEST MEDICAL CENTER,4401 SOUTH WESTERN AVENUE,OKLAHOMA CITY,OK,73109
370112,SEQUOYAH COUNTY-CITY OF SALLISAW HOSPITAL AUTHORIT,213 EAST REDWOOD,SALLISAW,OK,74955
370113,INTEGRIS GROVE HOSPITAL,1001 EAST 18TH STREET,GROVE,OK,74344
370114,"ST JOHN MEDICAL CENTER, INC",1923 SOUTH UTICA AVENUE,TULSA,OK,74104
370138,MEMORIAL HOSPITAL OF TEXAS COUNTY AUTHORITY,520 MEDICAL DRIVE,GUYMON,OK,73942
370139,PERRY MEMORIAL HOSPITAL AUTHORITY,501 FOURTEENTH STREET,PERRY,OK,73077
370149,ST ANTHONY SHAWNEE HOSPITAL,1102 W MACARTHUR,SHAWNEE,OK,74804
370153,ELKVIEW GENERAL HOSPITAL,429 WEST ELM STREET,HOBART,OK,73651
370156,PAULS VALLEY HOSPITAL AUTHORITY,100 VALLEY DRIVE,PAULS VALLEY,OK,73075
370158,PURCELL MUNICIPAL HOSPITAL,1500 NORTH GREEN AVENUE,PURCELL,OK,73080
370166,WAGONER COMMUNITY HOSPITAL,1200 WEST CHEROKEE STREET,WAGONER,OK,74467
370169,EPIC MEDICAL CENTER,1 HOSPITAL DRIVE,EUFAULA,OK,74432
370170,USPHS LAWTON INDIAN HOSPITAL,1515 LAWRIE TATUM ROAD,LAWTON,OK,73507
370171,W W HASTINGS INDIAN HOSPITAL,100 S BLISS AVENUE,TAHLEQUAH,OK,74464
370172,CHOCTAW NATION HEALTH SERVICES AUTHORITY,1 CHOCTAW WAY,TALIHINA,OK,74571
370173,CLAREMORE INDIAN HOSPITAL,101 SOUTH MOORE AVE,CLAREMORE,OK,74017
370178,MEMORIAL HOSPITAL,1401 WEST LOCUST,STILWELL,OK,74960
370180,CHICKASAW NATION MEDICAL CENTER,1921 STONECIPHER BLVD,ADA,OK,74820
370183,HILLCREST HOSPITAL HENRYETTA,2401 W MAIN DEWEY BARTLETT AND MAIN,HENRYETTA,OK,74437
370190,"SOUTHWESTERN REGIONAL MEDICAL CENTER, INC",10109 EAST 79TH STREET,TULSA,OK,74133
370192,NORTHWEST SURGICAL HOSPITAL,9204 NORTH MAY AVENUE,OKLAHOMA CITY,OK,73120
370199,"LAKESIDE WOMEN''S HOSPITAL, A MEMBER OF INTEGRIS HE",11200 NORTH PORTLAND AVENUE,OKLAHOMA CITY,OK,73120
370201,"SURGICAL HOSPITAL OF OKLAHOMA, LLC",100 SOUTHEAST 59TH STREET,OKLAHOMA CITY,OK,73129
370202,HILLCREST HOSPITAL SOUTH,8801 SOUTH 101ST EAST AVENUE,TULSA,OK,74133
370203,"COMMUNITY HOSPITAL, LLC",3100 SOUTHWEST 89TH STREET,OKLAHOMA CITY,OK,73159
370206,OKLAHOMA SPINE HOSPITAL,14101 PARKWAY COMMONS DRIVE,OKLAHOMA CITY,OK,73134
370210,"OKLAHOMA SURGICAL HOSPITAL, LLC","2408 EAST 81ST STREET, SUITE 300",TULSA,OK,74137
370211,INTEGRIS CANADIAN VALLEY  HOSPITAL,1201 HEALTH CENTER PARKWAY,YUKON,OK,73099
370212,OKLAHOMA CENTER FOR ORTHOPAEDIC & MULTI-SP,8100 SOUTH WALKER BLDG C,OKLAHOMA CITY,OK,73139
370214,LINDSAY MUNICIPAL HOSPITAL,1305 W CHEROKEE STREET - HIGHWAY 19 WEST,LINDSAY,OK,73052
370215,OKLAHOMA HEART HOSPITAL,4050 WEST MEMORIAL ROAD,OKLAHOMA CITY,OK,73120
370216,"TULSA SPINE & SPECIALTY HOSPITAL, LLC",6901 SOUTH OLYMPIA AVENUE,TULSA,OK,74132
370218,"SAINT FRANCIS HOSPITAL SOUTH, LLC",10501 EAST 91ST STREET SOUTH,TULSA,OK,74133
370220,ONECORE HEALTH,"1044 SW 44TH, SUITE 350",OKLAHOMA CITY,OK,73109
370222,"MCBRIDE CLINIC ORTHOPEDIC HOSPITAL,  L L C",9600 NORTH BROADWAY EXTENSION,OKLAHOMA CITY,OK,73114
370225,SUMMIT MEDICAL CENTER,1800 SOUTH RENAISSANCE BOULEVARD,EDMOND,OK,73013
370227,ST JOHN OWASSO,12451 EAST 100TH STREET NORTH,OWASSO,OK,74055
370228,"BAILEY MEDICAL CENTER, LLC",10502 NORTH 110TH EAST AVENUE,OWASSO,OK,74055
370229,ALLIANCEHEALTH SEMINOLE,2401 WRANGLER BOULEVARD,SEMINOLE,OK,74868
370233,PINNACLE SPECIALTY HOSPITAL,"2408 EAST 81ST STREET, SUITE 600",TULSA,OK,74137
370234,"OKLAHOMA HEART HOSPITAL SOUTH, LLC",5200 EAST I-240 SERVICE ROAD,OKLAHOMA CITY,OK,73135
370235,"ST JOHN BROKEN ARROW, INC",1000 WEST BOISE CIRCLE,BROKEN ARROW,OK,74012
370236,INTEGRIS HEALTH EDMOND,4801 INTEGRIS PARKWAY,EDMOND,OK,73034
371300,ATOKA COUNTY MEDICAL CENTER,1200 WEST LIBERTY ROAD,ATOKA,OK,74525
371301,PRAGUE COMMUNITY HOSPITAL,1322 KLABZUBA AVENUE,PRAGUE,OK,74864
371302,"MERCY HOSPITAL WATONGA, INC",500 NORTH CLARENCE NASH BOULEVARD,WATONGA,OK,73772
371303,ROGER MILLS MEMORIAL HOSPITAL,501 SOUTH L L MALES AVENUE,CHEYENNE,OK,73628
371304,MERCY HOSPITAL TISHOMINGO INC,1000 SOUTH BYRD,TISHOMINGO,OK,73460
371305,JANE PHILLIPS NOWATA HEALTH CENTER,237 SOUTH LOCUST STREET,NOWATA,OK,74048
371306,MERCY HEALTH LOVE COUNTY,300 WANDA STREET,MARIETTA,OK,73448
371307,CIMARRON MEMORIAL HOSPITAL,100 SOUTH ELLIS,BOISE CITY,OK,73933
371309,"PAWHUSKA HOSPITAL, INC",1101 EAST 15TH STREET,PAWHUSKA,OK,74056
371310,"MERCY HOSPITAL HEALDTON, INC.",3462 HOSPITAL RD,HEALDTON,OK,73438
371311,JEFFERSON COUNTY HOSPITAL,INTERSECTION HYWS 81 & 70,WAURIKA,OK,73573
371312,"ST JOHN SAPULPA, INC",1004 EAST BRYAN,SAPULPA,OK,74066
371313,MERCY HOSPITAL KINGFISHER,1000 KINGFISHER HOSPITAL DRIVE,KINGFISHER,OK,73750
371314,THE PHYSICIANS' HOSPITAL IN ANADARKO,1002 EAST CENTRAL BOULEVARD,ANADARKO,OK,73005
371316,STROUD REGIONAL MEDICAL CENTER,2308 HIGHWAY 66 WEST,STROUD,OK,74079
371317,"MERCY HOSPITAL LOGAN COUNTY, INC",200 SOUTH ACADEMY ROAD,GUTHRIE,OK,73044
371318,FAIRFAX COMMUNITY HOSPITAL,40 HOSPITAL ROAD,FAIRFAX,OK,74637
371319,MARY HURLEY HOSPITAL,6 NORTH COVINGTON,COALGATE,OK,74538
371320,CLEVELAND AREA HOSPITAL,1401 WEST PAWNEE,CLEVELAND,OK,74020
371321,HOLDENVILLE GENERAL HOSPITAL,100 MCDOUGAL DRIVE,HOLDENVILLE,OK,74848
371322,BEAVER COUNTY MEMORIAL HOSPITAL,212 EAST 8TH STREET,BEAVER,OK,73932
371323,"WEATHERFORD REGIONAL HOSPITAL, INC OF WEATHERFORD",3701 E MAIN,WEATHERFORD,OK,73096
371324,HARPER COUNTY COMMUNITY HOSPITAL,1003 US HIGHWAY 64 NORTH,BUFFALO,OK,73834
371325,CORDELL MEMORIAL HOSPITAL,1220 NORTH GLENN ENGLISH STREET,CORDELL,OK,73632
371326,ALLIANCEHEALTH MADILL,901 S 5TH AVE,MADILL,OK,73446
371327,OKEENE MUNICIPAL HOSPITAL,207 EAST F STREET,OKEENE,OK,73763
371328,ARBUCKLE MEMORIAL HOSPITAL AUTHORITY,2011 WEST BROADWAY,SULPHUR,OK,73086
371329,FAIRVIEW REGIONAL MEDICAL CENTER AUTHORITY,523 EAST STATE ROAD,FAIRVIEW,OK,73737
371330,QUARTZ MOUNTAIN MEDICAL CENTER,ONE WICKERSHAM DRIVE,MANGUM,OK,73554
371331,DRUMRIGHT REGIONAL HOSPITAL,610 WEST BYPASS,DRUMRIGHT,OK,74030
371332,SEILING MUNICIPAL HOSPITAL,US HIGHWAY 60,SEILING,OK,73663
371333,CREEK NATION COMMUNITY HOSPITAL,309 NORTH 14TH STREET,OKEMAH,OK,74859
371334,CARNEGIE TRI-COUNTY MUNICIPAL HOSPITAL,102 NORTH BROADWAY,CARNEGIE,OK,73015
371335,HASKELL COUNTY COMMUNITY HOSPITAL,401 NORTHWEST H STREET,STIGLER,OK,74462
380001,MID-COLUMBIA MEDICAL CENTER,1700 E 19TH STREET,THE DALLES,OR,97058
380002,ASANTE THREE RIVERS MEDICAL CENTER,500 SW RAMSEY AVENUE,GRANTS PASS,OR,97527
380004,PROVIDENCE ST VINCENT MEDICAL CENTER,9205 SW BARNES ROAD,PORTLAND,OR,97225
380005,ASANTE ASHLAND COMMUNITY HOSPITAL,280 MAPLE STREET,ASHLAND,OR,97520
380007,LEGACY EMANUEL MEDICAL CENTER,2801 N GANTENBEIN AVENUE,PORTLAND,OR,97227
380009,OHSU HOSPITAL AND CLINICS,3181 SW SAM JACKSON PARK ROAD,PORTLAND,OR,97239
380014,GOOD SAMARITAN REGIONAL MEDICAL CENTER,3600 NW SAMARITAN DRIVE,CORVALLIS,OR,97330
380017,LEGACY GOOD SAMARITAN MEDICAL CENTER,"1015 NW 22ND AVENUE, W121",PORTLAND,OR,97210
380018,ASANTE ROGUE REGIONAL MEDICAL CENTER,2825 E BARNETT ROAD,MEDFORD,OR,97504
380020,MCKENZIE-WILLAMETTE MEDICAL CENTER,1460 G STREET,SPRINGFIELD,OR,97477
380021,TUALITY COMMUNITY HOSPITAL,335 SE 8TH AVENUE,HILLSBORO,OR,97123
380022,SAMARITAN ALBANY GENERAL HOSPITAL,1046 6TH AVENUE SW,ALBANY,OR,97321
380025,LEGACY MOUNT HOOD MEDICAL CENTER,24800 SE STARK STREET,GRESHAM,OR,97030
380027,MERCY MEDICAL CENTER,2700 NW STEWART PARKWAY,ROSEBURG,OR,97471
380029,SILVERTON HOSPITAL,342 FAIRVIEW STREET,SILVERTON,OR,97381
380033,SACRED HEART UNIVERSITY DISTRICT,1255 HILYARD STREET,EUGENE,OR,97401
380037,PROVIDENCE NEWBERG MEDICAL CENTER,1001 PROVIDENCE DRIVE,NEWBERG,OR,97132
380038,PROVIDENCE WILLAMETTE FALLS MEDICAL CENTER,1500 DIVISION STREET,OREGON CITY,OR,97045
380040,ST CHARLES MEDICAL CENTER - REDMOND,1253 N CANAL BLVD,REDMOND,OR,97756
380047,ST CHARLES MEDICAL CENTER - BEND,2500 NE NEFF ROAD,BEND,OR,97701
380050,SKY LAKES MEDICAL CENTER,2865 DAGGETT AVENUE,KLAMATH FALLS,OR,97601
380051,SALEM HOSPITAL,"890 OAK STREET, SE",SALEM,OR,97301
380052,"SAINT ALPHONSUS MEDICAL CENTER - ONTARIO, INC",351 SW 9TH STREET,ONTARIO,OR,97914
380056,SANTIAM MEMORIAL HOSPITAL,1401 N 10TH AVENUE,STAYTON,OR,97383
380060,ADVENTIST MEDICAL CENTER,10123 SE MARKET STREET,PORTLAND,OR,97216
380061,PROVIDENCE PORTLAND MEDICAL CENTER,4805 NE GLISAN STREET,PORTLAND,OR,97213
380071,WILLAMETTE VALLEY MEDICAL CENTER,2700 SE STRATUS AVE.,MCMINNVILLE,OR,97128
380075,PROVIDENCE MEDFORD MEDICAL CENTER,1111 CRATER LAKE AVENUE,MEDFORD,OR,97504
380082,PROVIDENCE MILWAUKIE HOSPITAL,10150 SE 32ND AVENUE,MILWAUKIE,OR,97222
380089,LEGACY MERIDIAN PARK MEDICAL CENTER,19300 SW 65TH AVENUE,TUALATIN,OR,97062
380090,BAY AREA HOSPITAL,1775 THOMPSON ROAD,COOS BAY,OR,97420
380091,KAISER SUNNYSIDE MEDICAL CENTER,10180 SE SUNNYSIDE ROAD,CLACKAMAS,OR,97015
380102,SACRED HEART MEDICAL CENTER - RIVERBEND,3333 RIVERBEND DRIVE,SPRINGFIELD,OR,97477
380103,KAISER FOUNDATION HOSPITAL - WESTSIDE,2875 NW STUCKI AVE,HILLSBORO,OR,97124
381301,PEACEHEALTH COTTAGE GROVE COMMUNITY MEDICAL CENTER,1515 VILLAGE DRIVE,COTTAGE GROVE,OR,97424
381302,SAMARITAN NORTH LINCOLN HOSPITAL,3043 NE 28TH STREET,LINCOLN CITY,OR,97367
381303,PROVIDENCE SEASIDE HOSPITAL,725 S WAHANNA ROAD,SEASIDE,OR,97138
381304,SOUTHERN COOS HOSPITAL & HEALTH CENTER,900 11TH STREET SE,BANDON,OR,97411
381305,BLUE MOUNTAIN HOSPITAL,170 FORD ROAD,JOHN DAY,OR,97845
381306,WALLOWA MEMORIAL HOSPITAL,601 MEDICAL PARKWAY,ENTERPRISE,OR,97828
381307,HARNEY DISTRICT HOSPITAL,557 W WASHINGTON STREET,BURNS,OR,97720
381308,WEST VALLEY HOSPITAL,525 SE WASHINGTON STREET,DALLAS,OR,97338
381309,LAKE DISTRICT HOSPITAL,700 SOUTH J STREET,LAKEVIEW,OR,97630
381310,PIONEER MEMORIAL HOSPITAL,564 E PIONEER DRIVE,HEPPNER,OR,97836
381311,LOWER UMPQUA HOSPITAL DISTRICT,600 RANCH ROAD,REEDSPORT,OR,97467
381312,COQUILLE VALLEY HOSPITAL DISTRICT,940 EAST 5TH STREET,COQUILLE,OR,97423
381313,ST CHARLES PRINEVILLE,384 SE COMBS FLAT ROAD,PRINEVILLE,OR,97754
381314,SAMARITAN PACIFIC COMMUNITY HOSPITAL,930 SW ABBEY STREET,NEWPORT,OR,97365
381315,"SAINT ALPHONSUS MEDICAL CENTER - BAKER CITY, INC",3325 POCAHONTAS ROAD,BAKER CITY,OR,97814
381316,PEACE HARBOR MEDICAL CENTER,400 9TH STREET,FLORENCE,OR,97439
381317,TILLAMOOK REGIONAL MEDICAL CENTER,1000 THIRD STREET,TILLAMOOK,OR,97141
381318,PROVIDENCE HOOD RIVER MEMORIAL HOSPITAL,810 12TH STREET,HOOD RIVER,OR,97031
381319,ST ANTHONY HOSPITAL,2801 ST ANTHONY WAY,PENDLETON,OR,97801
381320,COLUMBIA MEMORIAL HOSPITAL,2111 EXCHANGE STREET,ASTORIA,OR,97103
381321,GRANDE RONDE HOSPITAL,900 SUNSET DRIVE,LA GRANDE,OR,97850
381322,CURRY GENERAL HOSPITAL,94220 FOURTH STREET,GOLD BEACH,OR,97444
381323,SAMARITAN LEBANON COMMUNITY HOSPITAL,525 N SANTIAM HIGHWAY,LEBANON,OR,97355
381324,ST CHARLES - MADRAS,470 NE A STREET,MADRAS,OR,97741
381325,GOOD SHEPHERD MEDICAL CENTER,610 NW 11TH STREET,HERMISTON,OR,97838
390001,GEISINGER - COMMUNITY MEDICAL CENTER,1822 MULBERRY STREET,SCRANTON,PA,18510
390002,UPMC MCKEESPORT,1500 FIFTH AVENUE,MC KEESPORT,PA,15132
390003,GEISINGER - BLOOMSBURG HOSPITAL,549 EAST FAIR STREET,BLOOMSBURG,PA,17815
390004,HOLY SPIRIT HOSPITAL,503 NORTH 21ST STREET,CAMP HILL,PA,17011
390006,GEISINGER MEDICAL CENTER,100 NORTH ACADEMY AVENUE,DANVILLE,PA,17822
390008,ELLWOOD CITY HOSPITAL,724 PERSHING STREET,ELLWOOD CITY,PA,16117
390009,SAINT VINCENT HOSPITAL,232 WEST 25TH STREET,ERIE,PA,16544
390012,LANSDALE HOSPITAL,100 MEDICAL CAMPUS DRIVE,LANSDALE,PA,19446
390013,EVANGELICAL COMMUNITY HOSPITAL,ONE HOSPITAL DRIVE,LEWISBURG,PA,17837
390016,JAMESON MEMORIAL HOSPITAL,1211 WILMINGTON AVENUE,NEW CASTLE,PA,16105
390019,PALMERTON HOSPITAL,135 LAFAYETTE AVENUE,PALMERTON,PA,18071
390025,KENSINGTON HOSPITAL,136 W DIAMOND STREET,PHILADELPHIA,PA,19122
390026,CHESTNUT HILL HOSPITAL,8835 GERMANTOWN AVE,PHILADELPHIA,PA,19118
390027,TEMPLE UNIVERSITY HOSPITAL,3401 NORTH BROAD STREET,PHILADELPHIA,PA,19140
390028,UPMC MERCY,1400 LOCUST STREET,PITTSBURGH,PA,15219
390030,SCHUYLKILL MEDICAL CENTER - SOUTH JACKSON STREET,420 SOUTH JACKSON STREET,POTTSVILLE,PA,17901
390031,SCHUYLKILL MEDICAL CENTER - EAST NORWEGIAN STREET,700 EAST NORWEGIAN STREET,POTTSVILLE,PA,17901
390032,ALLEGHENY VALLEY HOSPITAL,1301 CARLISLE ST,NATRONA,PA,15065
390035,ST LUKE'S QUAKERTOWN HOSPITAL,1021 PARK AVENUE,QUAKERTOWN,PA,18951
390036,HERITAGE VALLEY BEAVER,1000 DUTCH RIDGE ROAD,BEAVER,PA,15009
390037,HERITAGE VALLEY SEWICKLEY,720 BLACKBURN ROAD,SEWICKLEY,PA,15143
390039,SOMERSET HOSPITAL,225 SOUTH CENTER AVENUE,SOMERSET,PA,15501
390041,UNIONTOWN HOSPITAL,500 WEST BERKELEY STREET,UNIONTOWN,PA,15401
390042,"WASHINGTON HOSPITAL, THE",155 WILSON AVENUE,WASHINGTON,PA,15301
390043,SOLDIERS AND SAILORS MEMORIAL HOSPITAL,32-36 CENTRAL AVENUE,WELLSBORO,PA,16901
390044,READING HOSPITAL,SIXTH AVENUE AND SPRUCE ST,READING,PA,19603
390045,WILLIAMSPORT REGIONAL MEDICAL CENTER,700 HIGH STREET,WILLIAMSPORT,PA,17701
390046,YORK HOSPITAL,1001 SOUTH GEORGE STREET,YORK,PA,17403
390048,GEISINGER-LEWISTOWN HOSPITAL,400 HIGHLAND AVENUE,LEWISTOWN,PA,17044
390049,ST LUKE'S HOSPITAL BETHLEHEM,801 OSTRUM STREET,BETHLEHEM,PA,18015
390050,ALLEGHENY GENERAL HOSPITAL,320 EAST NORTH AVENUE,PITTSBURGH,PA,15212
390052,CLEARFIELD HOSPITAL,809 TURNPIKE AVE,CLEARFIELD,PA,16830
390056,J C BLAIR MEMORIAL HOSPITAL,1225 WARM SPRINGS AVE,HUNTINGDON,PA,16652
390057,GRAND VIEW HOSPITAL,700 LAWN AVENUE,SELLERSVILLE,PA,18960
390058,CARLISLE REGIONAL MEDICAL CENTER,361 ALEXANDER SPRING ROAD,CARLISLE,PA,17015
390061,LANCASTER REGIONAL MEDICAL CENTER,250 COLLEGE AVENUE,LANCASTER,PA,17604
390062,NASON HOSPITAL,105 NASON DRIVE,ROARING SPRING,PA,16673
390063,UPMC HAMOT,201 STATE STREET,ERIE,PA,16550
390065,GETTYSBURG HOSPITAL,147 GETTYS STREET,GETTYSBURG,PA,17325
390066,GOOD SAMARITAN HOSPITAL,FOURTH AND WALNUT STREETS,LEBANON,PA,17042
390067,PINNACLE HEALTH HOSPITALS,409 SOUTH SECOND STREET,HARRISBURG,PA,17105
390068,HEART OF LANCASTER REGIONAL MEDICAL CENTER,1500 HIGHLANDS DRIVE,LITITZ,PA,17543
390070,LOWER BUCKS HOSPITAL,501 BATH ROAD,BRISTOL,PA,19007
390071,LOCK HAVEN HOSPITAL,24 CREE DRIVE,LOCK HAVEN,PA,17745
390072,BERWICK HOSPITAL CENTER,701 EAST 16TH STREET,BERWICK,PA,18603
390073,UPMC ALTOONA,620 HOWARD AVENUE,ALTOONA,PA,16601
390076,BRANDYWINE HOSPITAL,201 REECEVILLE ROAD,COATESVILLE,PA,19320
390079,ROBERT PACKER HOSPITAL,ONE GUTHRIE SQUARE,SAYRE,PA,18840
390080,JEANES HOSPITAL,7600 CENTRAL AVENUE,PHILADELPHIA,PA,19111
390081,DELAWARE COUNTY MEMORIAL HOSPITAL,501 NORTH LANSDOWNE AVE,DREXEL HILL,PA,19026
390084,SUNBURY COMMUNITY HOSPITAL,350 NORTH 11TH STREET,SUNBURY,PA,17801
390086,PENN HIGHLANDS DUBOIS,100 HOSPITAL AVENUE,DUBOIS,PA,15801
390090,WESTERN PENNSYLVANIA HOSPITAL,4800 FRIENDSHIP AVENUE,PITTSBURGH,PA,15224
390091,UPMC NORTHWEST,100 FAIRFIELD DRIVE,SENECA,PA,16346
390093,CLARION HOSPITAL,ONE HOSPITAL DRIVE,CLARION,PA,16214
390096,ST JOSEPH MEDICAL CENTER,2500 BERNVILLE ROAD,READING,PA,19605
390097,HOLY REDEEMER HOSPITAL AND MEDICAL CENTER,1648 HUNTINGDON PIKE,MEADOWBROOK,PA,19046
390100,LANCASTER GENERAL HOSPITAL,555 NORTH DUKE STREET,LANCASTER,PA,17604
390101,MEMORIAL HOSPITAL,325 SOUTH BELMONT STREET,YORK,PA,17403
390102,UPMC ST MARGARET,815 FREEPORT ROAD,PITTSBURGH,PA,15215
390104,KANE COMMUNITY HOSPITAL,4372 ROUTE 6,KANE,PA,16735
390107,UPMC PASSAVANT,9100 BABCOCK BOULEVARD,PITTSBURGH,PA,15237
390110,MEMORIAL MEDICAL CENTER,1086 FRANKLIN STREET,JOHNSTOWN,PA,15905
390111,HOSPITAL OF UNIV OF PENNSYLVANIA,34TH & SPRUCE STS,PHILADELPHIA,PA,19104
390112,WINDBER HOSPITAL,600 SOMERSET AVENUE,WINDBER,PA,15963
390113,MEADVILLE MEDICAL CENTER,751 LIBERTY STREET,MEADVILLE,PA,16335
390114,MAGEE WOMENS HOSPITAL OF UPMC HEALTH SYSTEM,300 HALKET STREET,PITTSBURGH,PA,15213
390115,ARIA HEALTH,10800 KNIGHTS ROAD,PHILADELPHIA,PA,19114
390116,SUBURBAN COMMUNITY HOSPITAL,2701 DEKALB PIKE,NORRISTOWN,PA,19401
390117,UPMC BEDFORD MEMORIAL,10455 LINCOLN HIGHWAY,EVERETT,PA,15537
390118,BRADFORD REGIONAL MEDICAL CENTER,116 INTERSTATE PARKWAY,BRADFORD,PA,16701
390119,MOSES TAYLOR HOSPITAL,700 QUINCY AVENUE,SCRANTON,PA,18510
390123,POTTSTOWN MEMORIAL MEDICAL CENTER,1600 EAST HIGH STREET AND ARMAND HAMMER BLVD,POTTSTOWN,PA,19464
390125,WAYNE MEMORIAL HOSPITAL,601 PARK STREET,HONESDALE,PA,18431
390127,PHOENIXVILLE HOSPITAL,140 NUTT ROAD,PHOENIXVILLE,PA,19460
390130,CONEMAUGH MINERS MEDICAL CENTER,290 HAIDA AVENUE,HASTINGS,PA,16646
390132,ST JOSEPH'S HOSPITAL,1600 WEST GIRARD AVENUE,PHILADELPHIA,PA,19130
390133,LEHIGH VALLEY HOSPITAL,1200 SOUTH CEDAR CREST BOULVARD,ALLENTOWN,PA,18105
390137,WILKES-BARRE GENERAL HOSPITAL,575 NORTH RIVER STREET,WILKES-BARRE,PA,18764
390138,WAYNESBORO HOSPITAL,501 EAST MAIN ST,WAYNESBORO,PA,17268
390139,MAIN LINE HOSPITAL BRYN MAWR CAMPUS,130 SOUTH BRYN MAWR AVE,BRYN MAWR,PA,19010
390142,ALBERT EINSTEIN MEDICAL CENTER,5501 OLD YORK ROAD,PHILADELPHIA,PA,19141
390145,EXCELA HEALTH WESTMORELAND HOSPITAL,532 WEST PITTSBURGH STREET,GREENSBURG,PA,15601
390146,WARREN GENERAL HOSPITAL,TWO CRESCENT PARK WEST,WARREN,PA,16365
390147,MONONGAHELA VALLEY HOSPITAL,1163 COUNTRY CLUB ROAD,MONONGAHELA,PA,15063
390150,WASHINGTON HEALTH SYSTEM GREENE,350 BONAR AVENUE,WAYNESBURG,PA,15370
390151,CHAMBERSBURG HOSPITAL,112 NORTH SEVENTH STREET,CHAMBERSBURG,PA,17201
390153,MAIN LINE HOSPITAL PAOLI,255 WEST LANCASTER AVENUE,PAOLI,PA,19301
390156,MERCY FITZGERALD HOSPITAL,LANSDOWNE & BAILY RDS,DARBY,PA,19023
390157,OHIO VALLEY GENERAL HOSPITAL,25 HECKEL ROAD,MCKEES ROCKS,PA,15136
390160,CANONSBURG GENERAL HOSPITAL,100 MEDICAL BOULEVARD,CANONSBURG,PA,15317
390162,EASTON HOSPITAL,250 SOUTH 21ST STREET,EASTON,PA,18042
390163,ACMH HOSPITAL,ONE NOLTE DRIVE,KITTANNING,PA,16201
390164,UPMC PRESBYTERIAN SHADYSIDE,200 LOTHROP STREET,PITTSBURGH,PA,15213
390168,BUTLER MEMORIAL HOSPITAL,ONE HOSPITAL WAY,BUTLER,PA,16001
390173,INDIANA REGIONAL MEDICAL CENTER,835 HOSPITAL ROAD,INDIANA,PA,15701
390174,THOMAS JEFFERSON UNIVERSITY HOSPITAL,111 SOUTH 11TH STREET,PHILADELPHIA,PA,19107
390178,UPMC HORIZON,110 NORTH MAIN STREET,GREENVILLE,PA,16125
390179,CHESTER COUNTY HOSPITAL,701 EAST MARSHALL STREET,WEST CHESTER,PA,19380
390180,CROZER CHESTER MEDICAL CENTER,ONE MEDICAL CENTER BOULEVARD,UPLAND,PA,19013
390183,ST LUKE'S MINERS MEMORIAL HOSPITAL,360 W RUDDLE STREET,COALDALE,PA,18218
390184,HIGHLANDS HOSPITAL,401 EAST MURPHY AVENUE,CONNELLSVILLE,PA,15425
390185,LEHIGH VALLEY HOSPITAL - HAZLETON,700 EAST BROAD STREET,HAZLETON,PA,18201
390192,TYLER MEMORIAL HOSPITAL,5950 STATE ROUTE 6 WEST,TUNKHANNOCK,PA,18657
390194,GNADEN HUETTEN MEMORIAL HOSPITAL,211 NORTH 12TH STREET,LEHIGHTON,PA,18235
390195,MAIN LINE HOSPITAL LANKENAU,100 LANCASTER AVE,WYNNEWOOD,PA,19096
390197,SACRED HEART HOSPITAL,421 CHEW STREET,ALLENTOWN,PA,18102
390198,MILLCREEK COMMUNITY HOSPITAL,5515 PEACH STREET,ERIE,PA,16509
390199,PUNXSUTAWNEY AREA HOSPITAL,81 HILLCREST DRIVE,PUNXSUTAWNEY,PA,15767
390201,POCONO MEDICAL CENTER,206 EAST BROWN STREET,EAST STROUDSBURG,PA,18301
390203,DOYLESTOWN HOSPITAL,595 WEST STATE ST,DOYLESTOWN,PA,18901
390204,NAZARETH HOSPITAL,2601 HOLME AVE,PHILADELPHIA,PA,19152
390211,SHARON REGIONAL HEALTH SYSTEM,740 EAST STATE STREET,SHARON,PA,16146
390217,EXCELA HEALTH FRICK HOSPITAL,508 SOUTH CHURCH STREET,MOUNT PLEASANT,PA,15666
390219,EXCELA HEALTH LATROBE HOSPITAL,ONE MELLON WAY,LATROBE,PA,15650
390220,JENNERSVILLE REGIONAL HOSPITAL,1015 WEST BALTIMORE PIKE,WEST GROVE,PA,19390
390222,RIDDLE MEMORIAL HOSPITAL,1068 WEST BALTIMORE PIKE,MEDIA,PA,19063
390223,PENN PRESBYTERIAN MEDICAL CENTER,51 NORTH 39TH STREET,PHILADELPHIA,PA,19104
390225,EPHRATA COMMUNITY HOSPITAL,169 MARTIN AVENUE,EPHRATA,PA,17522
390226,PENNSYLVANIA HOSPITAL,800 SPRUCE STREET,PHILADELPHIA,PA,19107
390228,ST CLAIR HOSPITAL,1000 BOWER HILL ROAD,PITTSBURGH,PA,15243
390231,ABINGTON MEMORIAL HOSPITAL,1200 OLD YORK ROAD,ABINGTON,PA,19001
390233,HANOVER HOSPITAL,300 HIGHLAND AVE,HANOVER,PA,17331
390236,"MEMORIAL HOSPITAL, INC  TOWANDA",91 HOSPITAL DRIVE,TOWANDA,PA,18848
390237,REGIONAL HOSPITAL OF SCRANTON,746 JEFFERSON AVENUE,SCRANTON,PA,18501
390256,MILTON S HERSHEY MEDICAL CENTER,500 UNIVERSITY DRIVE,HERSHEY,PA,17033
390258,ST MARY MEDICAL CENTER,LANGHORNE-NEWTOWN RD,LANGHORNE,PA,19047
390263,LEHIGH VALLEY HOSPITAL - MUHLENBERG,2545 SCHOENERSVILLE ROAD,BETHLEHEM,PA,18017
390265,JEFFERSON HOSPITAL,565 COAL VALLEY ROAD,JEFFERSON HILLS,PA,15025
390266,GROVE CITY MEDICAL CENTER,631 NORTH BROAD STREET EXT.,GROVE CITY,PA,16127
390267,FORBES HOSPITAL,2570 HAYMAKER ROAD,MONROEVILLE,PA,15146
390268,MOUNT NITTANY MEDICAL CENTER,1800 EAST PARK AVE,STATE COLLEGE,PA,16803
390270,GEISINGER WYOMING VALLEY MEDICAL CENTER,1000 EAST MOUNTAIN BOULEVARD,WILKES BARRE,PA,18711
390272,VALLEY FORGE MEDICAL CENTER AND HOSPITAL,1033 W GERMANTOWN PIKE,NORRISTOWN,PA,19401
390278,EAGLEVILLE HOSPITAL,100 EAGLEVILLE RD,EAGLEVILLE,PA,19408
390290,HAHNEMANN UNIVERSITY HOSPITAL,230 NORTH BROAD STREET,PHILADELPHIA,PA,19102
390302,BARIX CLINICS OF PENNSYLVANIA,280 MIDDLETOWN ROAD,LANGHORNE,PA,19047
390304,ROXBOROUGH MEMORIAL HOSPITAL,5800 RIDGE AVE,PHILADELPHIA,PA,19128
390307,EDGEWOOD SURGICAL HOSPITAL,239 EDGEWOOD DRIVE EXTENSION,TRANSFER,PA,16154
390312,CANCER TREATMENT CENTERS OF AMERICA,1331 EAST WYOMING AVENUE,PHILADELPHIA,PA,19124
390314,COORDINATED HEALTH ORTHOPEDIC HOSPITAL,2310 HIGHLAND AVENUE,BETHLEHEM,PA,18017
390316,SURGICAL INSTITUTE OF READING,2752 CENTURY BOULEVARD,WYOMISSING,PA,19610
390321,SURGICAL SPECIALTY CENTER AT COORDINATED HEALTH,1503 CEDAR CREST BOULEVARD,ALLENTOWN,PA,18104
390322,"Rothman Orthopaedic Specialty Hospital, LLC",3300 TILLMAN DRIVE,BENSALEM,PA,19020
390323,ADVANCED SURGICAL HOSPITAL,100 TRICH DRIVE,WASHINGTON,PA,15301
390324,PHYSICIAN'S CARE SURGICAL HOSPITAL,454 ENTERPRISE DRIVE,ROYERSFORD,PA,19468
390325,OSS ORTHOPAEDIC HOSPITAL,1861 POWDER MILL RD,YORK,PA,17402
390326,ST LUKE'S HOSPITAL - ANDERSON CAMPUS,1872 RIVERSIDE CIRCLE,EASTON,PA,18045
390327,WELLSPAN SURGERY AND REHABILITATION HOSPITAL,55 MONUMENT ROAD,YORK,PA,17403
390328,UPMC EAST,2775 MOSSIDE BOULEVARD,MONROEVILLE,PA,15146
390329,EINSTEIN MEDICAL CENTER MONTGOMERY,559 WEST GERMANTOWN PIKE,EAST NORRITON,PA,19403
391300,JERSEY SHORE HOSPITAL,1020 THOMPSON STREET,JERSEY SHORE,PA,17740
391301,MUNCY VALLEY HOSPITAL,215 EAST WATER STREET,MUNCY,PA,17756
391302,MEYERSDALE MEDICAL CENTER,200 HOSPITAL DRIVE,MYERSDALE,PA,15552
391303,FULTON COUNTY MEDICAL CENTER,214 PEACH ORCHARD ROAD,MCCONNELLSBURG,PA,17233
391304,BUCKTAIL MEDICAL CENTER,1001 PINE STREET,RENOVO,PA,17764
391305,TROY COMMUNITY HOSPITAL,275 GUTHRIE DRIVE,TROY,PA,16947
391306,ENDLESS MOUNTAINS HEALTH SYSTEMS,100 HOSPITAL DRIVE,MONTROSE,PA,18801
391307,TYRONE HOSPITAL,187 HOSPITAL DRIVE,TYRONE,PA,16686
391308,CORRY MEMORIAL HOSPITAL,965 SHAMROCK LANE,CORRY,PA,16407
391309,BARNES-KASSON COUNTY HOSPITAL,2872 TURNPIKE STREET,SUSQUEHANNA,PA,18847
391312,PENN HIGHLANDS BROOKVILLE,100 HOSPITAL ROAD,BROOKVILLE,PA,15825
391313,CHARLES COLE MEMORIAL HOSPITAL,1001 EAST SECOND STREET,COUDERSPORT,PA,16915
391314,TITUSVILLE HOSPITAL,406 WEST OAK STREET,TITUSVILLE,PA,16354
393302,CHILDREN'S HOSPITAL OF PITTSBURGH OF UPMC,4401 PENN AVENUE,PITTSBURGH,PA,15224
393303,CHILDREN'S HOSPITAL OF PHILADELPHIA,34TH ST & CIVIC CENTER BLVD,PHILADELPHIA,PA,19104
400001,PRESBYTERIAN COMMUNITY HOSP,1451 ASHFORD AVENUE,SAN JUAN,PR,907
400003,HOSPITAL METROPOLITANO DR PILA,2435 LAS AMERICAS AVE,PONCE,PR,733
400004,"ASOCIACION HOSPITAL DEL MAESTRO, INC",SERGIO CUEVAS BUSTAMANTE STREET 550,SAN JUAN,PR,936
400005,HIMA SAN PABLO HUMACAO,CALLE FONT MARTELO #3,HUMACAO,PR,791
400006,DOCTORS' CENTER HOSPITAL SAN JUAN,PDA. 20 C/ SAN RAFAEL # 1395,FERNANDEZ JUNCOS,PR,909
400007,RYDER MEMORIAL HOSPITAL INC,355 AVE FONT MARTELO,HUMACAO,PR,791
400009,SANTA ROSA CLINIC,AVE. LOS VETERANOS #3 KM 135 7 EXIT TO ARROYO,GUAYAMA,PR,785
400010,HOSPITAL GENERAL DE CASTANER,CARR 135 KM 64 2,CASTANER,PR,631
400011,HOSPITAL ORIENTE,300 FONT MARTELLO STREET,HUMACAO,PR,792
400012,HOSPITAL ONCOLOGICO DR ISAAC GONZALEZ MARTINEZ,BO. MONACILLOS CARR 22 CENTRO MEDICO DE PUERTO RIC,SAN JUAN,PR,935
400013,HOSPITAL MENONITA DE CAYEY,BO. RINCON SECTOR LAS LOMAS  KM.3.1 CARR 14,CAYEY,PR,737
400014,BELLA VISTA HOSPITAL,CARR 349 KM 2 7 CERRO LAS MESAS,MAYAGUEZ,PR,681
400015,SAN JUAN MUNICIPAL HOSPITAL,"BARRIO MONACILLOS,CENTRO MEDICO",RIO PIEDRAS,PR,936
400016,AUXILIO MUTUO HOSPITAL,PONCE DE LEON AVENUE STOP 36 1/2 #735,HATO REY,PR,918
400018,MENNONITE GENERAL HOSPITAL INC,CALLE JOSE C VASQUEZ BO. CAONILLAS,AIBONITO,PR,705
400019,HOSPITAL PAVIA SANTURCE,CALLE PROFESOR AUGUSTO RODRIGUEZ #1462,FERNANDEZ JUNCOS,PR,910
400021,HOSPITAL DE LA CONCEPCION,ROAD NUMBER 2 KM 173.4 CAIN ALTO,SAN GERMAN,PR,683
400022,HOSPITAL DAMAS INC,PONCE BY PASS #2213,PONCE,PR,717
400026,LAFAYETTE HOSPITAL,CARR.753 KM.0.1-SECTOR CUATRO CALLES,ARROYO,PR,714
400032,HOSPITAL HERMANOS MELENDEZ INC,CARRETERA #2 KM 11 7,BAYAMON,PR,960
400044,SAN LUKE'S MEMORIAL HOSPITAL INC,TITO CASTRO AVE #917,PONCE,PR,733
400048,HOSPITAL EPISCOPAL SAN LUCAS GUAYAMA INC,AVE. PEDRO ALBIZU CAMPOS URB. LA HACIENDA,GUAYAMA,PR,785
400061,HOSPITAL UNIVERSITARIO DE ADULTO,BARRIO MONACILLOS CENTROMEDICO,RIO PIEDRAS,PR,927
400079,HOSP COMUNITARIO BUEN SAMARITANO,CARR.2 KM.1.4 AVE. SEVERIANO CUEVAS #18,AGUADILLA,PR,603
400087,HOSPITAL DR CAYETANO COLL Y TOSTE,CARRETERA 129 KM.1 AVENIDA SAN LUIS,ARECIBO,PR,613
400098,HOSPITAL SAN FRANCISCO,371 DE DIEGO AVE,SAN JUAN,PR,923
400102,HOSPITAL MATILDES BRENES INC,9 J STREET EXT HERMANAS DAVILA,BAYAMON,PR,959
400103,MAYAGUEZ MEDICAL CENTER DR RAMON EMETERIO BETANCES,CARR 2 BO SABALOS,MAYAGUEZ,PR,682
400104,HOSPITAL MENONITA CAGUAS INC,CARR 172  EXIT 21 URB TURABO GARDENS,CAGUAS,PR,725
400105,HOSPITAL UNIVERSITARIO DR RUIZ ARNAU,LAUREL AVE SANTA JUANITA #100,BAYAMON,PR,956
400106,METROPOLITAN HOSPITAL,CARRETERA 21 1785 URB LAS LOMAS,SAN JUAN,PR,915
400109,HIMA SAN PABLO BAYAMON,CALLE SANTA CRUZ NUMERO 70  URB SANTA CRUZ,BAYAMON,PR,961
400110,HOSPITAL METROPOLITANO DR TITO MATTEI,ROAD 128 KM 1.0,YAUCO,PR,698
400111,HOSPITAL SAN CARLOS BORROMEO, CALLE CONCEPCION VERA AYALA #550 S,MOCA,PR,676
400112,"HOSPITAL UPR, DR  FEDERICO TRILLA",CARR 3 KM 8  3 AVE 65TH INFANTERIA       BOX 6021,CAROLINA,PR,984
400113,HOSPITAL SAN CRISTOBAL,CARR 506 KM 1 0,COTO LAUREL,PR,780
400114,MANATI MEDICAL CENTER DR OTERO LOPEZ,CALLE HERNANDEZ CARRION URB ATENAS,MANATI,PR,674
400115,CENTRO MEDICO WILMA N VAZQUEZ,CARR. 2 KM 39.5    ROAD NUMBER 2 BO ALGARROBO,VEGA BAJA,PR,693
400117,HOSPITAL DR SUSONI INC,55 PALM ST,ARECIBO,PR,614
400118,"DOCTORS'' CENTER HOSPITAL, INC","MARGINAL CARRETERA NO 2, KM 47 7",MANATI,PR,674
400120,HIMA SAN PABLO-CAGUAS,AVE LUIS MUNOZ MARIN,CAGUAS,PR,725
400121,HOSPITAL SAN GERARDO,CARR 844 KM 0 5  CUPEY BAJO,SAN JUAN,PR,928
400123,HOSPITAL PEREA,15 DR BASORA STREET,MAYAGUEZ,PR,681
400124,CENTRO CARDIOVASCULAR,"AVENIDA AMERICO MIRANDA, ENTRADA PRINCIPAL CM",RIO PIEDRAS,PR,936
400125,HIMA-SAN PABLO FAJARDO,GENERAL VALERO AVE#404,FAJARDO,PR,738
400126,HOSPITAL METROPOLITANO SAN GERMAN,CALLE JAVILLA  #8 AL COSTADO PARQUE DE BOMBAS,SAN GERMAN,PR,683
400127,ADMIN DE SERVICIOS MEDICOS  PUERTO RIC,BO MONACILLO CARR NUM 22,SAN JUAN,PR,935
400128,"HOSPITAL PAVIA HATO REY, INC",AVE PONCE DE LEON 435,HATO REY,PR,919
400130,HOSPITAL METROPOLITANO DE LA MONTANA,CALLE ISAAC GONZALEZ ESQUINA LEDESMA,BDA NUEVA,PR,641
410001,MEMORIAL HOSPITAL OF RHODE ISLAND,111 BREWSTER STREET,PAWTUCKET,RI,2860
410004,ROGER WILLIAMS MEDICAL CENTER,825 CHALKSTONE AVENUE,PROVIDENCE,RI,2908
410005,OUR LADY OF FATIMA HOSPITAL,200 HIGH SERVICE AVENUE,NORTH PROVIDENCE,RI,2904
410006,NEWPORT HOSPITAL,FRIENDSHIP STREET,NEWPORT,RI,2840
410007,RHODE ISLAND HOSPITAL,593 EDDY STREET,PROVIDENCE,RI,2903
410008,SOUTH COUNTY HOSPITAL INC,100 KENYON AVE,WAKEFIELD,RI,2879
410009,KENT COUNTY MEMORIAL HOSPITAL,455 TOLL GATE RD,WARWICK,RI,2886
410010,WOMEN AND INFANTS HOSPITAL OF RHODE ISLAND,101 DUDLEY STREET,PROVIDENCE,RI,2905
410011,"LANDMARK MEDICAL CENTER,  INC",115 CASS AVE,WOONSOCKET,RI,2895
410012,MIRIAM HOSPITAL,164 SUMMIT AVENUE,PROVIDENCE,RI,2906
410013,WESTERLY HOSPITAL,25 WELLS STREET,WESTERLY,RI,2891
420002,PIEDMONT MEDICAL CENTER,222 S HERLONG AVE,ROCK HILL,SC,29730
420004,MUSC MEDICAL CENTER,169 ASHLEY AVE,CHARLESTON,SC,29425
420005,MCLEOD MEDICAL CENTER - DILLON,301 E JACKSON STREET PO BOX 1327,DILLON,SC,29536
420007,SPARTANBURG MEDICAL CENTER,101 E WOOD ST,SPARTANBURG,SC,29303
420009,GHS OCONEE MEMORIAL  HOSPITAL,298 MEMORIAL DRIVE,SENECA,SC,29672
420010,CAROLINA PINES REGIONAL MEDICAL CENTER,1304 W BOBO NEWSOM HWY,HARTSVILLE,SC,29550
420011,CANNON MEMORIAL HOSPITAL,123 MEDICAL PARK DRIVE PO BOX 188,PICKENS,SC,29671
420015,BAPTIST EASLEY HOSPITAL,PO BOX 2129,EASLEY,SC,29641
420016,SOUTHERN PALMETTO HOSPITAL,811  REYNOLDS ROAD,BARNWELL,SC,29812
420018,PALMETTO HEALTH RICHLAND,5 RICHLAND MEDICAL PARK,COLUMBIA,SC,29203
420019,CHESTER REGIONAL MEDICAL CENTER,1 MEDICAL PARK DRIVE,CHESTER,SC,29706
420020,GEORGETOWN MEMORIAL HOSPITAL,606 BLACK RIVER RD DRAWER 1718,GEORGETOWN,SC,29440
420023,ST FRANCIS-DOWNTOWN,ONE ST FRANCIS DR,GREENVILLE,SC,29601
420026,PROVIDENCE HOSPITAL,2435 FOREST DR,COLUMBIA,SC,29204
420027,ANMED HEALTH,800 N FANT ST,ANDERSON,SC,29621
420030,COLLETON MEDICAL CENTER,501 ROBERTSON BOULEVARD,WALTERBORO,SC,29488
420033,GHS GREER MEMORIAL HOSPITAL,830 SOUTH BUNCOMBE ROAD,GREER,SC,29650
420036,SPRINGS MEMORIAL HOSPITAL,800 W MEETING ST,LANCASTER,SC,29720
420037,GHS-HILLCREST MEMORIAL HOSPITAL,729 SOUTH EAST MAIN STREET,SIMPSONVILLE,SC,29681
420038,GHS  LAURENS COUNTY MEMORIAL HOSPITAL,22725 HIGHWAY 76 EAST,CLINTON,SC,29325
420043,MARY BLACK HEALTH SYSTEM GAFFNEY,1530 N LIMESTONE ST,GAFFNEY,SC,29340
420048,KERSHAWHEALTH,1315 ROBERTS STREET,CAMDEN,SC,29020
420049,CONWAY MEDICAL CENTER,300 SINGLETON RIDGE ROAD,CONWAY,SC,29526
420051,MCLEOD REGIONAL MEDICAL CENTER-PEE DEE,555 E CHEVES ST BOX 8700,FLORENCE,SC,29506
420053,NEWBERRY COUNTY MEMORIAL HOSPITAL,2669 KINARD ST PO BOX 497,NEWBERRY,SC,29108
420055,CAROLINAS HOSPITAL SYSTEM MARION,2829 E HWY 76,MULLINS,SC,29574
420057,MCLEOD MEDICAL CENTER - DARLINGTON,701 CASHUA FERRY ROAD,DARLINGTON,SC,29540
420065,BON SECOURS-ST FRANCIS XAVIER HOSPITAL,2095 HENRY TECKLENBURG DRIVE,CHARLESTON,SC,29414
420066,LAKE CITY COMMUNITY HOSPITAL,258 N RON MCNAIR BLVD,LAKE CITY,SC,29560
420067,BEAUFORT COUNTY MEMORIAL HOSPITAL,955 RIBAUT RD,BEAUFORT,SC,29902
420068,TRMC OF ORANGEBURG & CALHOUN,3000 ST MATTHEWS RD BOX 1806,ORANGEBURG,SC,29115
420069,CLARENDON MEMORIAL HOSPITAL,10 HOSPITAL ST BOX 550,MANNING,SC,29102
420070,PALMETTO HEALTH TUOMEY HOSPITAL,129 N WASHINGTON ST,SUMTER,SC,29150
420071,SELF REGIONAL HEALTHCARE,1325 SPRING STREET,GREENWOOD,SC,29646
420072,HAMPTON REGIONAL MEDICAL CENTER,595 WEST CAROLINA AVENUE,VARNVILLE,SC,29944
420073,LEXINGTON MEDICAL CENTER,2720 SUNSET BLVD,WEST COLUMBIA,SC,29169
420078,GHS GREENVILLE MEMORIAL HOSPITAL,701 GROVE RD,GREENVILLE,SC,29605
420079,TRIDENT MEDICAL CENTER,9330 MEDICAL PLAZA DR,CHARLESTON,SC,29406
420080,HILTON HEAD REGIONAL MEDICAL CENTER,25 HOSPITAL CENTER BLVD,HILTON HEAD ISLAND,SC,29925
420082,AIKEN REGIONAL MEDICAL CENTER,302 UNIVERSITY PARKWAY,AIKEN,SC,29801
420083,MARY BLACK HEALTH SYSTEM SPARTANBURG,1700 SKYLYN DR PO BOX 3217,SPARTANBURG,SC,29307
420085,GRAND STRAND REGIONAL MEDICAL CENTER,809 82ND PARKWAY,MYRTLE BEACH,SC,29572
420086,PALMETTO HEALTH BAPTIST,TAYLOR AT MARION ST,COLUMBIA,SC,29220
420087,ROPER HOSPITAL,316 CALHOUN ST,CHARLESTON,SC,29401
420089,EAST COOPER MEDICAL CENTER,2000 HOSPITAL DR,MOUNT PLEASANT,SC,29464
420091,CAROLINAS HOSPITAL SYSTEM,805 PAMPLICO HWY BOX 100550,FLORENCE,SC,29505
420098,WACCAMAW COMMUNITY HOSPITAL,4070 HIGHWAY 17 BYPASS,MURRELLS INLET,SC,29576
420101,COASTAL CAROLINA HOSPITAL,1000 MEDICAL CENTER DRIVE,HARDEEVILLE,SC,29927
420102,GHS PATEWOOD MEMORIAL HOSPITAL,175 PATEWOOD DRIVE,GREENVILLE,SC,29615
420103,PELHAM MEDICAL CENTER,250 WESTMORELAND ROAD,GREER,SC,29651
420104,MOUNT PLEASANT HOSPITAL,3500 HIGHWAY 17 NORTH,MOUNT PLEASANT,SC,29466
420105,MCLEOD LORIS SEACOAST HOSPITAL,3655 MITCHELL STREET,LORIS,SC,29569
420106,PALMETTO HEALTH BAPTIST PARKRIDGE,400 PALMETTO HEALTH PARKWAY,COLUMBIA,SC,29212
420107,MCLEOD HEALTH CHERAW,711 CHESTERFIELD HIGHWAY,CHERAW,SC,29520
420108,UNION MEDICAL CENTER,322 WEST SOUTH STREET,UNION,SC,29379
421300,ALLENDALE COUNTY HOSPITAL,1787 ALLENDALE FAIRFAX RD,FAIRFAX,SC,29827
421301,ABBEVILLE AREA MEDICAL CENTER,420 THOMSON CIRCLE,ABBEVILLE,SC,29620
421302,FAIRFIELD MEMORIAL HOSPITAL,321 BYPASS PO BOX 620,WINNSBORO,SC,29180
421303,WILLIAMSBURG REGIONAL HOSPITAL,500 NELSON BOULEVARD,KINGSTREE,SC,29556
421304,EDGEFIELD COUNTY HOSPITAL,300 RIDGE MEDICAL PLAZA,EDGEFIELD,SC,29824
430005,PRAIRIE LAKES HOSPITAL,401 9TH AVENUE NW  POST OFFICE BOX 1210,WATERTOWN,SD,57201
430008,BROOKINGS HEALTH SYSTEM,300 22ND AVE,BROOKINGS,SD,57006
430012,AVERA SACRED HEART HOSPITAL,501 SUMMIT,YANKTON,SD,57078
430013,AVERA QUEEN OF PEACE,525 N FOSTER,MITCHELL,SD,57301
430014,AVERA ST LUKES,305 S STATE ST  POST OFFICE BOX 4450,ABERDEEN,SD,57401
430015,AVERA ST MARY'S HOSPITAL,801 E SIOUX,PIERRE,SD,57501
430016,AVERA MCKENNAN HOSPITAL & UNIVERSITY HEALTH CENTER,1325 S CLIFF AVE  POST OFFICE BOX 5045,SIOUX FALLS,SD,57117
430027,SANFORD USD MEDICAL CENTER,1305 W 18TH ST  POST OFFICE BOX 5039,SIOUX FALLS,SD,57117
430048,SPEARFISH REGIONAL HOSPITAL,1440 N MAIN ST,SPEARFISH,SD,57783
430077,RAPID CITY REGIONAL HOSPITAL,353 FAIRMONT BLVD  POST OFFICE BOX 6000,RAPID CITY,SD,57701
430081,PHS INDIAN HOSPITAL AT PINE RIDGE,"HIGHWAY 18, MAIN ST., BLDG. 159",PINE RIDGE,SD,57770
430082,PHS INDIAN HOSPITAL AT RAPID CITY - SIOUX SAN,3200 CANYON LAKE DR,RAPID CITY,SD,57702
430083,PHS INDIAN HOSPITAL AT EAGLE BUTTE,317 MAIN STREET,EAGLE BUTTE,SD,57625
430084,PHS INDIAN HOSPITAL AT ROSEBUD,400 SOLDIER CREEK ROAD,ROSEBUD,SD,57570
430089,DUNES SURGICAL HOSPITAL,600 SIOUX POINT ROAD,DAKOTA DUNES,SD,57049
430090,SIOUX FALLS SPECIALTY HOSPITAL LLP,910 EAST 20TH STREET,SIOUX FALLS,SD,57105
430091,BLACK HILLS SURGICAL HOSPITAL LLP,216 ANAMARIA DR,RAPID CITY,SD,57703
430092,DAKOTA PLAINS SURGICAL CENTER LLP,701 8TH AVENUE NW SUITE C,ABERDEEN,SD,57401
430093,SAME DAY SURGERY CENTER LLC,651 CATHEDRAL DRIVE,RAPID CITY,SD,57701
430095,AVERA HEART HOSPITAL OF SOUTH DAKOTA,4500 W 69TH ST,SIOUX FALLS,SD,57108
430096,LEWIS AND CLARK SPECIALTY HOSPITAL,2601 FOX RUN PARKWAY,YANKTON,SD,57078
430097,SANFORD ABERDEEN MEDICAL CENTER,2905 3RD AVE SE,ABERDEEN,SD,57402
431300,MADISON REGIONAL HEALTH SYSTEM,323 SW 10TH ST,MADISON,SD,57042
431306,PLATTE HEALTH CENTER - CAH,601 E 7TH ST  POST OFFICE BOX 200,PLATTE,SD,57369
431307,SANFORD CLEAR LAKE MEDICAL CENTER,701 THIRD AVENUE SOUTH,CLEAR LAKE,SD,57226
431308,EUREKA COMMUNITY HEALTH SERVICES - CAH,410 9TH ST POST OFFICE BOX 517,EUREKA,SD,57437
431309,COMMUNITY MEMORIAL HOSPITAL,809 JACKSON  POST OFFICE BOX 319,BURKE,SD,57523
431310,AVERA FLANDREAU HOSPITAL - CAH,214 NORTH PRAIRIE STREET,FLANDREAU,SD,57028
431311,SANFORD HOSPITAL WEBSTER - CAH,1401 W FIRST ST POST OFFICE BOX 489,WEBSTER,SD,57274
431312,MARSHALL COUNTY HEALTHCARE CENTER - CAH,413 9TH STREET,BRITTON,SD,57430
431315,WAGNER COMMUNITY MEMORIAL HOSPITAL - CAH,513 3RD ST SW  POST OFFICE BOX 280,WAGNER,SD,57380
431316,COMMUNITY MEMORIAL HOSPITAL,111 W 10TH AVE  POST OFFICE BOX 420,REDFIELD,SD,57469
431317,LANDMANN-JUNGMAN MEMORIAL HOSPITAL - CAH,600 BILLARS ST,SCOTLAND,SD,57059
431320,LEAD - DEADWOOD REGIONAL HOSPITAL - CAH,61 CHARLES STREET,DEADWOOD,SD,57732
431321,STURGIS REGIONAL HOSPITAL,949 HARMON STREET,STURGIS,SD,57785
431322,FALL RIVER HOSPITAL - CAH,1201 HIGHWAY 71 SOUTH,HOT SPRINGS,SD,57747
431323,CUSTER REGIONAL HOSPITAL - CAH,1039 MONTGOMERY STREET,CUSTER,SD,57730
431324,AVERA WESKOTA MEMORIAL MEDICAL CENTER - CAH,604 1ST ST NE,WESSINGTON SPRINGS,SD,57382
431325,MOBRIDGE REGIONAL HOSPITAL - CAH,1401 10TH AVE WEST,MOBRIDGE,SD,57601
431326,MILBANK AREA HOSPITAL/AVERA HEALTH - CAH,901 E VIRGIL AVE,MILBANK,SD,57252
431327,ST MICHAEL'S HOSPITAL - CAH,410 W 16TH AVE,TYNDALL,SD,57066
431329,SANFORD CHAMBERLAIN MEDICAL CENTER,300 S BYRON,CHAMBERLAIN,SD,57325
431330,AVERA ST BENEDICT HEALTH CENTER - CAH,401 WEST GLYNN DRIVE,PARKSTON,SD,57366
431331,AVERA DELLS AREA HOSPITAL  - CAH,909 N IOWA AVE,DELL RAPIDS,SD,57022
431332,AVERA DE SMET MEMORIAL HOSPITAL - CAH,306 PRAIRIE AVENUE SW  POST OFFICE BOX 160,DE SMET,SD,57231
431333,SANFORD CANTON-INWOOD MEDICAL CENTER - CAH,440 NORTH HIAWATHA DRIVE,CANTON,SD,57013
431334,WINNER REGIONAL HEALTHCARE CENTER - CAH,745 EAST 8TH STREET,WINNER,SD,57580
431335,HURON REGIONAL MEDICAL CENTER,172 FOURTH STREET SE,HURON,SD,57350
431336,SANFORD VERMILLION HOSPITAL,20 SOUTH PLUM STREET,VERMILLION,SD,57069
431337,AVERA HAND COUNTY MEMORIAL HOSPITAL AND CLINIC,300 W 5TH ST,MILLER,SD,57362
431338,AVERA GREGORY HOSPITAL,400 PARK STREET  POST OFFICE BOX 408,GREGORY,SD,57533
440001,UNICOI COUNTY MEMORIAL HOSPITAL,GREENWAY CIRCLE,ERWIN,TN,37650
440002,JACKSON-MADISON COUNTY GENERAL HOSPITAL,620 SKYLINE DRIVE,JACKSON,TN,38301
440003,SUMNER REGIONAL MEDICAL CENTER,555 HARTSVILLE PIKE,GALLATIN,TN,37066
440006,TRISTAR SKYLINE MEDICAL CENTER,3441 DICKERSON PIKE,NASHVILLE,TN,37207
440007,UNITED REGIONAL MEDICAL CENTER,481 INTERSTATE DRIVE,MANCHESTER,TN,37355
440008,HENDERSON COUNTY COMMUNITY HOSPITAL,200 W CHURCH ST,LEXINGTON,TN,38351
440009,CUMBERLAND MEDICAL CENTER,421 S MAIN ST,CROSSVILLE,TN,38555
440010,WAYNE MEDICAL CENTER,103 J V MANGUBAT DR,WAYNESBORO,TN,38485
440011,BLOUNT MEMORIAL HOSPITAL,907 E LAMAR ALEXANDER PARKWAY,MARYVILLE,TN,37804
440012,WELLMONT BRISTOL REGIONAL MEDICAL CENTER,ONE MEDICAL PARK BLVD,BRISTOL,TN,37620
440015,THE UNIVERSITY OF TN MEDICAL CENTER,1924 ALCOA HIGHWAY,KNOXVILLE,TN,37920
440016,BAPTIST MEMORIAL HOSPITAL HUNTINGDON,631 RB WILSON DR,HUNTINGDON,TN,38344
440017,WELLMONT HOLSTON VALLEY MEDICAL CENTER,130 WEST RAVINE ROAD,KINGSPORT,TN,37662
440018,SYCAMORE SHOALS HOSPITAL,1501 WEST ELK AVENUE,ELIZABETHTON,TN,37643
440020,SOUTHERN TENNESSEE REGIONAL HEALTH SYSTEM PULASKI,1265 E COLLEGE ST,PULASKI,TN,38478
440025,"LAUGHLIN MEMORIAL HOSPITAL, INC",1420 TUSCULUM BLVD,GREENEVILLE,TN,37745
440029,WILLIAMSON MEDICAL CENTER,4321 CAROTHERS PARKWAY,FRANKLIN,TN,37067
440030,MORRISTOWN HAMBLEN HOSPITAL ASSOCIATION,908 W 4TH NORTH ST,MORRISTOWN,TN,37814
440031,ROANE MEDICAL CENTER,8045 ROANE MEDICAL CENTER DRIVE,HARRIMAN,TN,37748
440032,WELLMONT HAWKINS COUNTY MEMORIAL HOSPITAL,851 LOCUST STREET,ROGERSVILLE,TN,37857
440033,TENNOVA HEALTHCARE-LAFOLLETT MEDICAL CENTER,923 EAST CENTRAL AVENUE,LA FOLLETTE,TN,37766
440034,METHODIST MEDICAL CENTER OF OAK RIDGE,990 OAK RIDGE TURNPIKE BOX 529,OAK RIDGE,TN,37830
440035,TENNOVA HEALTHCARE-CLARKSVILLE,651 DUNLOP LANE,CLARKSVILLE,TN,37040
440039,VANDERBILT UNIVERSITY HOSPITAL,1161 21ST AVENUE SOUTH,NASHVILLE,TN,37232
440040,PERRY COMMUNITY HOSPITAL,2718 SQUIRREL HOLLOW DRIVE,LINDEN,TN,37096
440046,TRISTAR HORIZON MEDICAL CENTER,111 HIGHWAY 70 EAST,DICKSON,TN,37055
440048,BAPTIST MEMORIAL HOSPITAL,6019 WALNUT GROVE ROAD,MEMPHIS,TN,38120
440049,METHODIST HEALTHCARE MEMPHIS HOSPITALS,1265 UNION AVE SUITE 700,MEMPHIS,TN,38104
440050,TAKOMA REGIONAL HOSPITAL,401 TAKOMA AVE,GREENEVILLE,TN,37743
440051,TENNOVA HEALTHCARE-MCNAIRY REGIONAL,705 E POPLAR AVE,SELMER,TN,38375
440053,SAINT THOMAS RUTHERFORD HOSPITAL,1700 MEDICAL CENTER PARKWAY,MURFREESBORO,TN,37129
440056,TENNOVA HEALTHCARE-JEFFERSON MEMORIAL HOSPITAL,110 HOSPITAL DRIVE,JEFFERSON CITY,TN,37760
440057,CLAIBORNE MEDICAL CENTER,1850 OLD KNOXVILLE HIGHWAY,TAZEWELL,TN,37879
440058,SOUTHERN TENNESSEE REGIONAL HLTH SYSTEM WINCHESTER,185 HOSPITAL ROAD,WINCHESTER,TN,37398
440059,COOKEVILLE REGIONAL MEDICAL CENTER,1 MEDICAL CENTER BOULEVARD,COOKEVILLE,TN,38501
440060,MILAN GENERAL HOSPITAL,4039 HIGHLAND ST,MILAN,TN,38358
440061,TENNOVA HEALTHCARE-VOLUNTEER MARTIN,161 MOUNT PELIA RD,MARTIN,TN,38237
440063,JOHNSON CITY MEDICAL CENTER,400 N STATE OF FRANKLIN RD,JOHNSON CITY,TN,37604
440065,NORTHCREST MEDICAL CENTER,100 NORTHCREST DRIVE,SPRINGFIELD,TN,37172
440067,LAKEWAY REGIONAL HOSPITAL,726 MCFARLAND ST,MORRISTOWN,TN,37814
440068,STARR REGIONAL MEDICAL CENTER ATHENS,1114 W MADISON AVE,ATHENS,TN,37371
440070,DECATUR COUNTY GENERAL HOSPITAL,969 TENNESSEE AVE S,PARSONS,TN,38363
440072,TENNOVA HEALTHCARE-DYERSBURG REGIONAL,400 TICKLE ST,DYERSBURG,TN,38024
440073,MAURY REGIONAL HOSPITAL,1224 TROTWOOD AVE,COLUMBIA,TN,38401
440081,LECONTE MEDICAL CENTER,742 MIDDLECREEK ROAD,SEVIERVILLE,TN,37862
440082,SAINT THOMAS WEST HOSPITAL,"4220 HARDING RD, PO BOX 380",NASHVILLE,TN,37205
440083,TENNOVA HEALTHCARE - JAMESTOWN,436 CENTRAL AVENUE WEST,JAMESTOWN,TN,38556
440084,SWEETWATER HOSPITAL ASSOCIATION,304 WRIGHT ST,SWEETWATER,TN,37874
440091,"MEMORIAL HEALTHCARE SYSTEM, INC",2525 DESALES AVE,CHATTANOOGA,TN,37404
440102,LINCOLN MEDICAL CENTER,106 MEDICAL CENTER BLVD,FAYETTEVILLE,TN,37334
440104,ERLANGER MEDICAL CENTER,975 E 3RD ST,CHATTANOOGA,TN,37403
440109,HARDIN MEDICAL CENTER,935 WAYNE ROAD,SAVANNAH,TN,38372
440110,FORT LOUDON MEDICAL CENTER,550 FORT LOUDON MEDICAL CENTER DR,LENOIR CITY,TN,37772
440111,METRO NASHVILLE GENERAL HOSPITAL,1818 ALBION STREET,NASHVILLE,TN,37208
440120,TENNOVA HEALTHCARE,900 EAST OAK HILL AVENUE,KNOXVILLE,TN,37917
440125,FORT SANDERS REGIONAL MEDICAL CENTER,1901 W CLINCH AVE,KNOXVILLE,TN,37916
440130,BAPTIST MEMORIAL HOSPITAL UNION CITY,"1201 BISHOP ST, PO BOX 310",UNION CITY,TN,38261
440131,BAPTIST MEMORIAL HOSPITAL TIPTON,1995 HIGHWAY 51 S,COVINGTON,TN,38019
440132,HENRY COUNTY MEDICAL CENTER,301 TYSON AV,PARIS,TN,38242
440133,SAINT THOMAS MIDTOWN HOSPITAL,2000 CHURCH ST,NASHVILLE,TN,37236
440137,TENNOVA HEALTHCARE-SHELBYVILLE,2835 HWY 231 N,SHELBYVILLE,TN,37160
440144,HARTON REGIONAL MEDICAL CENTER,1801 N JACKSON ST BOX 460,TULLAHOMA,TN,37388
440147,BAPTIST REHABILITATION GERMANTOWN,2100 EXETER ROAD,GERMANTOWN,TN,38138
440148,SAINT THOMAS DEKALB HOSPITAL,520 W MAIN ST,SMITHVILLE,TN,37166
440150,TRISTAR SUMMIT MEDICAL CENTER,5655 FRIST BLVD,HERMITAGE,TN,37076
440151,SAINT THOMAS RIVER PARK HOSPITAL,1559 SPARTA STREET,MC MINNVILLE,TN,37110
440152,REGIONAL ONE HEALTH,877 JEFFERSON AVENUE,MEMPHIS,TN,38103
440153,TENNOVA HEALTHCARE-NEWPORT MEDICAL CENTER,435 2ND ST,NEWPORT,TN,37821
440156,PARKRIDGE MEDICAL CENTER,2333 MCCALLIE AVE,CHATTANOOGA,TN,37404
440159,DELTA MEDICAL CENTER,3000 GETWELL RD,MEMPHIS,TN,38118
440161,TRISTAR CENTENNIAL MEDICAL CENTER,2300 PATTERSON STREET,NASHVILLE,TN,37203
440173,PARKWEST MEDICAL CENTER,9352 PARK WEST BLVD,KNOXVILLE,TN,37923
440175,SOUTHERN TENNESSEE REGIONAL HEALTH SYSTEM LAWRENCE,HWY 43 S BOX 847,LAWRENCEBURG,TN,38464
440176,INDIAN PATH MEDICAL CENTER,2000 BROOKSIDE DR,KINGSPORT,TN,37660
440180,JELLICO COMMUNITY HOSPITAL,188 HOSPITAL LANE,JELLICO,TN,37762
440181,BOLIVAR GENERAL HOSPITAL,650 NUCKOLLS ROAD,BOLIVAR,TN,38008
440182,MCKENZIE REGIONAL HOSPITAL,161 HOSPITAL DRIVE,MC KENZIE,TN,38201
440183,ST FRANCIS HOSPITAL,5959 PARK AVE,MEMPHIS,TN,38119
440184,FRANKLIN WOODS COMMUNITY HOSPITAL,300 MED TECH PARKWAY,JOHNSON CITY,TN,37604
440185,TENNOVA HEALTHCARE-CLEVELAND,2305 CHAMBLISS AVE NW,CLEVELAND,TN,37311
440187,LIVINGSTON REGIONAL HOSPITAL,315 OAK ST BOX 550,LIVINGSTON,TN,38570
440189,TENNOVA HEALTHCARE-REGIONAL JACKSON,367 HOSPITAL BLVD,JACKSON,TN,38305
440192,SAINT THOMAS HIGHLANDS HOSPITAL,401 SEWELL DR,SPARTA,TN,38583
440193,TENNOVA HEALTHCARE-LEBANON,1411 BADDOUR PARKWAY,LEBANON,TN,37087
440194,TRISTAR HENDERSONVILLE MEDICAL CENTER,355 NEW SHACKLE ISLAND RD,HENDERSONVILLE,TN,37075
440197,TRISTAR SOUTHERN HILLS MEDICAL CENTER,391 WALLACE RD,NASHVILLE,TN,37211
440200,SAINT THOMAS STONES RIVER HOSPITAL,324 DOOLITTLE ROAD,WOODBURY,TN,37190
440218,SAINT THOMAS HOSPITAL FOR SPECIALTY SURGERY,2011 MURPHY AVENUE,NASHVILLE,TN,37203
440227,TRISTAR STONECREST MEDICAL CENTER,200 STONECREST BOULEVARD,SMYRNA,TN,37167
440228,SAINT FRANCIS BARTLETT MEDICAL CENTER,2986 KATE BOND RD,BARTLETT,TN,38133
440231,TRUSTPOINT HOSPITAL,1009 NORTH THOMPSON LANE,MURFREESBORO,TN,37129
440232,HOUSTON COUNTY COMMUNITY HOSPITAL,5001 EAST MAIN STREET,ERIN,TN,37061
441300,SAINT THOMAS HICKMAN HOSPITAL,135 EAST SWAN STREET,CENTERVILLE,TN,37033
441301,TROUSDALE MEDICAL CENTER,500 CHURCH STREET,HARTSVILLE,TN,37074
441303,THREE RIVERS HOSPITAL,451 HIGHWAY 13 SOUTH,WAVERLY,TN,37185
441305,MACON COUNTY GENERAL HOSPITAL,204 MEDICAL DRIVE,LAFAYETTE,TN,37083
441307,RIVERVIEW REGIONAL MEDICAL CENTER,158 HOSPITAL DRIVE,CARTHAGE,TN,37030
441308,MEDICAL CENTER OF MANCHESTER,481 INTERSTATE DRIVE,MANCHESTER,TN,37355
441309,MARSHALL MEDICAL CENTER,1080 NORTH ELLINGTON PARKWAY,LEWISBURG,TN,37091
441310,RHEA MEDICAL CENTER,9400 RHEA COUNTY HIGHWAY,DAYTON,TN,37321
441311,TRISTAR ASHLAND CITY MEDICAL CENTER,313 NORTH MAIN ST,ASHLAND CITY,TN,37015
441313,WELLMONT HANCOCK COUNTY HOSPITAL,1519 MAIN STREET HWY 33,SNEEDVILLE,TN,37869
441314,LAUDERDALE COMMUNITY HOSPITAL,326 ASBURY AVENUE,RIPLEY,TN,38063
441315,COPPER BASIN MEDICAL CENTER,HIGHWAY 68,COPPERHILL,TN,37317
441316,CAMDEN GENERAL HOSPITAL,175 HOSPITAL DRIVE,CAMDEN,TN,38320
441318,PIONEER COMMUNITY HOSPITAL OF SCOTT,18797 ALBERTA STREET,ONEIDA,TN,37841
450002,PROVIDENCE MEMORIAL HOSPITAL,2001 N OREGON ST,EL PASO,TX,79902
450007,PETERSON REGIONAL MEDICAL CENTER,551 HILL COUNTRY DRIVE,KERRVILLE,TX,78028
450010,UNITED REGIONAL HEALTH CARE SYSTEM,1600 11TH STREET,WICHITA FALLS,TX,76301
450011,ST JOSEPH REGIONAL HEALTH CENTER,2801 FRANCISCAN DR,BRYAN,TX,77802
450015,PARKLAND HEALTH AND HOSPITAL SYSTEM,5200 HARRY HINES BLVD,DALLAS,TX,75235
450018,UNIVERSITY OF TEXAS MEDICAL BRANCH,301 UNIVERSITY BOULEVARD,GALVESTON,TX,77555
450021,BAYLOR UNIVERSITY MEDICAL CENTER,3500 GASTON AVE,DALLAS,TX,75246
450023,CITIZENS MEDICAL CENTER,2701 HOSPITAL DRIVE,VICTORIA,TX,77901
450024,UNIVERSITY MEDICAL CENTER OF EL PASO,4815 ALAMEDA AVE,EL PASO,TX,79905
450028,"VHS BROWNSVILLE HOSPITAL COMPANY, LLC",1040 W JEFFERSON ST,BROWNSVILLE,TX,78520
450029,LAREDO MEDICAL CENTER,1700 EAST SAUNDERS,LAREDO,TX,78044
450032,GOOD SHEPHERD MEDICAL CENTER MARSHALL,811 S WASHINGTON,MARSHALL,TX,75670
450033,VHS HARLINGEN HOSPITAL COMPANY LLC,2101 PEASE ST,HARLINGEN,TX,78550
450034,CHRISTUS SOUTHEAST TEXAS- ST ELIZABETH,2830 CALDER AVENUE,BEAUMONT,TX,77702
450035,ST JOSEPH MEDICAL CENTER,1401 ST. JOSEPH PARKWAY,HOUSTON,TX,77002
450037,GOOD SHEPHERD MEDICAL CENTER,700 EAST MARSHALL AVENUE,LONGVIEW,TX,75601
450039,JPS HEALTH NETWORK,1500 S MAIN ST,FORT WORTH,TX,76104
450040,COVENANT MEDICAL CENTER,3615 19TH STREET,LUBBOCK,TX,79410
450042,PROVIDENCE HEALTH CENTER,6901 MEDICAL PARKWAY,WACO,TX,76712
450044,UT SOUTHWESTERN UNIVERSITY HOSPITAL ST PAUL,6201 HARRY HINES BLVD,DALLAS,TX,75390
450046,CHRISTUS SPOHN HOSPITAL CORPUS CHRISTI,600 ELIZABETH STREET,CORPUS CHRISTI,TX,78404
450051,METHODIST DALLAS MEDICAL CENTER,1441 NORTH BECKLEY AVENUE,DALLAS,TX,75203
450052,GOODALL WITCHER HOSPITAL,101 POSEY AVENUE,CLIFTON,TX,76634
450054,SCOTT & WHITE MEDICAL CENTER - TEMPLE,2401 S  31ST ST,TEMPLE,TX,76508
450055,ROLLING PLAINS MEMORIAL HOSPITAL,200 E ARIZONA,SWEETWATER,TX,79556
450056,SETON MEDICAL CENTER AUSTIN,1201 W 38TH ST,AUSTIN,TX,78705
450058,BAPTIST MEDICAL CENTER,111 DALLAS STREET,SAN ANTONIO,TX,78205
450064,TEXAS HEALTH ARLINGTON MEMORIAL HOSPITAL,800 W RANDOL MILL RD,ARLINGTON,TX,76012
450068,MEMORIAL HERMANN TEXAS MEDICAL CENTER,6411 FANNIN,HOUSTON,TX,77030
450072,BRAZOSPORT REGIONAL HEALTH SYSTEM,100 MEDICAL DRIVE,LAKE JACKSON,TX,77566
450078,ANSON GENERAL HOSPITAL,101 AVENUE J,ANSON,TX,79501
450079,BAYLOR MEDICAL CENTER AT IRVING,1901 N MACARTHUR BLVD,IRVING,TX,75061
450080,TITUS REGIONAL MEDICAL CENTER,2001 N JEFFERSON,MOUNT PLEASANT,TX,75455
450082,CHRISTUS SPOHN HOSPITAL BEEVILLE,1500 E HOUSTON HWY,BEEVILLE,TX,78102
450083,EAST TEXAS MEDICAL CENTER,1000 SOUTH BECKHAM STREET,TYLER,TX,75701
450085,GRAHAM REGIONAL MEDICAL CENTER,1301 MONTGOMERY ROAD,GRAHAM,TX,76450
450087,NORTH HILLS HOSPITAL,4401 BOOTH CALLOWAY ROAD,NORTH RICHLAND HILLS,TX,76180
450090,NORTH TEXAS MEDICAL CENTER,1900 HOSPITAL BLVD,GAINESVILLE,TX,76240
450092,FORT DUNCAN MEDICAL CENTER,3333 N FOSTER MALDONADO BLVD,EAGLE PASS,TX,78852
450097,BAYSHORE MEDICAL CENTER,4000 SPENCER HWY,PASADENA,TX,77504
450099,PAMPA REGIONAL MEDICAL CENTER,1 MEDICAL PLAZA,PAMPA,TX,79065
450101,HILLCREST BAPTIST MEDICAL CENTER,100 HILLCREST MEDICAL BLVD,WACO,TX,76712
450102,MOTHER FRANCES HOSPITAL,800 EAST DAWSON,TYLER,TX,75701
450104,GUADALUPE REGIONAL MEDICAL CENTER,1215 E COURT ST,SEGUIN,TX,78155
450107,LAS PALMAS MEDICAL CENTER,1801 NORTH OREGON STREET,EL PASO,TX,79902
450108,CONNALLY MEMORIAL MEDICAL CENTER,499 10TH STREET,FLORESVILLE,TX,78114
450119,SOUTH TEXAS HEALTH SYSTEM,1102 W TRENTON ROAD,EDINBURG,TX,78539
450124,UNIVERSITY MEDICAL CENTER AT BRACKENRIDGE,601 E 15TH STREET,AUSTIN,TX,78701
450128,KNAPP MEDICAL CENTER,1401 EAST EIGHT STREET,WESLACO,TX,78596
450130,NIX HEALTH CARE SYSTEM,"414 NAVARRO, SUITE 600",SAN ANTONIO,TX,78205
450132,MEDICAL CENTER HOSPITAL,500 W 4TH STREET,ODESSA,TX,79761
450133,MIDLAND MEMORIAL HOSPITAL,400 ROSALIND REDFERN GROVER PARKWAY,MIDLAND,TX,79701
450135,TEXAS HEALTH HARRIS METHODIST FORT WORTH,1301 PENNSYLVANIA AVENUE,FORT WORTH,TX,76104
450137,BAYLOR SCOTT AND WHITE ALL SAINTS MEDICAL CENTER,1400 EIGHTH AVE,FORT WORTH,TX,76104
450143,SETON SMITHVILLE REGIONAL HOSPITAL,800 EAST HIGHWAY 71,SMITHVILLE,TX,78957
450144,PERMIAN REGIONAL MEDICAL CENTER ANDREWS COUNTY HO,720 HOSPITAL DRIVE,ANDREWS,TX,79714
450147,DETAR HOSPITAL NAVARRO,506 E SAN ANTONIO ST,VICTORIA,TX,77902
450148,TEXAS HEALTH HARRIS METHODIST HOSPITAL CLEBURNE,201 WALLS DRIVE,CLEBURNE,TX,76033
450152,METROPLEX HOSPITAL,2201 S CLEAR CREEK ROAD,KILLEEN,TX,76542
450154,VAL VERDE REGIONAL MEDICAL CENTER,801 BEDELL AVE,DEL RIO,TX,78840
450155,HEREFORD REGIONAL MEDICAL CENTER,801 EAST THIRD,HEREFORD,TX,79045
450162,GRACE MEDICAL CENTER,2412 50TH ST,LUBBOCK,TX,79412
450163,CHRISTUS SPOHN HOSPITAL KLEBERG,1311 EAST GENERAL CAVAZOS BLVD,KINGSVILLE,TX,78363
450165,SOUTH TEXAS REGIONAL MEDICAL CENTER,1905 HWY 97 EAST,JOURDANTON,TX,78026
450176,MISSION REGIONAL MEDICAL CENTER,900 SOUTH BRYAN ROAD,MISSION,TX,78572
450177,UVALDE MEMORIAL HOSPITAL,1025 GARNER FIELD ROAD,UVALDE,TX,78801
450178,PECOS COUNTY MEMORIAL HOSPITAL,387 WEST I 10,FORT STOCKTON,TX,79735
450184,MEMORIAL HERMANN HOSPITAL SYSTEM,1635  NORTH LOOP WEST,HOUSTON,TX,77008
450187,SCOTT & WHITE HOSPITAL BRENHAM,700 MEDICAL PARKWAY,BRENHAM,TX,77833
450192,HILL REGIONAL HOSPITAL,101 CIRCLE DRIVE,HILLSBORO,TX,76645
450193,CHI ST LUKE'S HEALTH BAYLOR COLLEGE OF MEDICINE ME,6720 BERTNER,HOUSTON,TX,77030
450194,EAST TEXAS MEDICAL CENTER JACKSONVILLE,501 S RAGSDALE,JACKSONVILLE,TX,75766
450196,PARIS REGIONAL MEDICAL CENTER,820 CLARKSVILLE ST,PARIS,TX,75460
450200,WADLEY REGIONAL MEDICAL CENTER,1000 PINE STREET,TEXARKANA,TX,75501
450203,WEATHERFORD REGIONAL MEDICAL CENTER,713 E ANDERSON ST,WEATHERFORD,TX,76086
450209,NORTHWEST TEXAS HOSPITAL,1501 COULTER ROAD,AMARILLO,TX,79106
450210,ETMC CARTHAGE,409 WEST COTTAGE,CARTHAGE,TX,75633
450211,MEMORIAL MEDICAL CENTER OF EAST TEXAS,1201 WEST FRANK STREET,LUFKIN,TX,75901
450213,UNIVERSITY HEALTH SYSTEM,4502 MEDICAL DR,SAN ANTONIO,TX,78229
450214,GULF COAST MEDICAL CENTER,10141 US 59 NORTH,WHARTON,TX,77488
450219,BAYLOR SCOTT & WHITE MEDICAL CENTER - LLANO,200 W OLLIE,LLANO,TX,78643
450221,MEMORIAL HOSPITAL,224 E SECOND STREET,DUMAS,TX,79029
450222,CONROE REGIONAL MEDICAL CENTER,504 MEDICAL CENTER BLVD,CONROE,TX,77304
450229,HENDRICK MEDICAL CENTER,1900 PINE,ABILENE,TX,79601
450231,BAPTIST ST ANTHONY'S HOSPITAL,1600 WALLACE BLVD,AMARILLO,TX,79106
450235,MEMORIAL HOSPITAL,1110 NORTH SARAH DEWITT DRIVE,GONZALES,TX,78629
450236,HOPKINS COUNTY MEMORIAL HOSPITAL,115 AIRPORT RD,SULPHUR SPRINGS,TX,75482
450237,CHRISTUS SANTA ROSA HOSPITAL,333 NORTH SANTA ROSA STEET,SAN ANTONIO,TX,78207
450241,FAITH COMMUNITY HOSPITAL,215 CHISHOLM TRAIL,JACKSBORO,TX,76458
450243,HAMLIN MEMORIAL HOSPITAL,632 N W SECOND STREET,HAMLIN,TX,79520
450253,BELLVILLE GENERAL HOSPITAL,44 N CUMMINGS,BELLVILLE,TX,77418
450271,WISE REGIONAL HEALTH SYSTEM,2000 S FM 51,DECATUR,TX,76234
450272,CENTRAL TEXAS MEDICAL CENTER,1301 WONDER WORLD DRIVE,SAN MARCOS,TX,78666
450280,BAYLOR SCOTT & WHITE MEDICAL CENTER GARLAND,2300 MARIE CURIE DRIVE,GARLAND,TX,75042
450289,HARRIS HEALTH SYSTEM,2525 HOLLY HALL,HOUSTON,TX,77054
450292,TEXAS HEALTH PRESBYTERIAN HOSPITAL KAUFMAN,850 ED HALL,KAUFMAN,TX,75142
450293,FRIO REGIONAL HOSPITAL,200 S IH 35,PEARSALL,TX,78061
450299,COLLEGE STATION MEDICAL CENTER,1604 ROCK PRAIRIE ROAD,COLLEGE STATION,TX,77842
450306,STAMFORD MEMORIAL HOSPITAL,1601 COLUMBIA STREET,STAMFORD,TX,79553
450324,TEXOMA MEDICAL CENTER,5016 S US HIGHWAY 75,DENISON,TX,75020
450330,OAKBEND MEDICAL CENTER,1705 JACKSON ST,RICHMOND,TX,77469
450340,SAN ANGELO COMMUNITY MEDICAL CENTER,3501 KNICKERBOCKER ROAD,SAN ANGELO,TX,76904
450346,BAPTIST BEAUMONT HOSPITAL,3080 COLLEGE STREET,BEAUMONT,TX,77701
450347,HUNTSVILLE MEMORIAL HOSPITAL,110 MEMORIAL HOSPITAL DRIVE,HUNTSVILLE,TX,77340
450348,FALLS COMMUNITY HOSPITAL AND CLINIC,322 COLEMAN STREET,MARLIN,TX,76661
450351,TEXAS HEALTH HARRIS METHODIST HOSPITAL STEPHENVILL,411 N BELKNAP ST,STEPHENVILLE,TX,76401
450352,HUNT REGIONAL MEDICAL CENTER,4215 JOE RAMSEY BLVD,GREENVILLE,TX,75401
450358,"METHODIST HOSPITAL,THE",6565 FANNIN,HOUSTON,TX,77030
450369,CHILDRESS REGIONAL MEDICAL CENTER,HWY 83 NORTH,CHILDRESS,TX,79201
450370,COLUMBUS COMMUNITY HOSPITAL,110 SHULT DR,COLUMBUS,TX,78934
450372,BAYLOR SCOTT & WHITE MEDICAL CENTER- WAXAHACHIE,2400 N INTERSTATE HIGHWAY 35E,WAXAHACHIE,TX,75165
450379,DALLAS MEDICAL CENTER,7 MEDICAL PARKWAY,DALLAS,TX,75234
450388,METHODIST HOSPITAL,7700 FLOYD CURL DR,SAN ANTONIO,TX,78229
450389,EAST TEXAS MEDICAL CENTER ATHENS,2000 SOUTH PALESTINE,ATHENS,TX,75751
450395,MEMORIAL MEDICAL CENTER LIVINGSTON,1717 HWY 59 BYPASS,LIVINGSTON,TX,77351
450399,BROWNFIELD REGIONAL MEDICAL CENTER,705 EAST FELT STREET,BROWNFIELD,TX,79316
450400,PARKVIEW REGIONAL HOSPITAL,600 SOUTH BONHAM STREET,MEXIA,TX,76667
450403,MEDICAL CENTER OF MCKINNEY,4500 MEDICAL CENTER DRIVE,MCKINNEY,TX,75069
450411,EASTLAND MEMORIAL HOSPITAL,304 S DAUGHERTY,EASTLAND,TX,76448
450419,TEXAS HEALTH HARRIS METHODIST HOSPITAL AZLE,108 DENVER TRAIL,AZLE,TX,76020
450422,BAYLOR MEDICAL CENTER AT UPTOWN,2727 EAST LEMMON AVENUE BUILDING I,DALLAS,TX,75204
450424,HOUSTON METHODIST SAN JACINTO HOSPITAL,4401 GARTH ROAD,BAYTOWN,TX,77521
450431,ST DAVID'S MEDICAL CENTER,919 E 32ND ST,AUSTIN,TX,78705
450447,NAVARRO REGIONAL HOSPITAL,3201 WEST HIGHWAY 22,CORSICANA,TX,75110
450451,GLEN ROSE MEDICAL CENTER,1021 HOLDEN STREET,GLEN ROSE,TX,76043
450460,TYLER COUNTY HOSPITAL,1100 WEST BLUFF,WOODVILLE,TX,75979
450462,TEXAS HEALTH PRESBYTERIAN HOSPITAL  DALLAS,8200 WALNUT HILL LANE,DALLAS,TX,75231
450465,MATAGORDA REGIONAL MEDICAL CENTER,104 7TH STREET,BAY CITY,TX,77414
450469,WILSON N JONES REGIONAL MEDICAL CENTER,500 N HIGHLAND AVENUE,SHERMAN,TX,75091
450475,ETMC HENDERSON,300 WILSON STREET,HENDERSON,TX,75652
450484,WOODLAND HEIGHTS MEDICAL CENTER,505 SOUTH JOHN REDDITT DRIVE,LUFKIN,TX,75904
450488,ALLEGIANCE SPECIALTY HOSPITAL OF KILGORE,1612 SOUTH HENDERSON BLVD,KILGORE,TX,75662
450489,MEDICAL ARTS HOSPITAL,2200 N BRYAN AVE,LAMESA,TX,79331
450497,BOWIE MEMORIAL HOSPITAL,705 EAST GREENWOOD AV,BOWIE,TX,76230
450498,STEPHENS MEMORIAL HOSPITAL,200 SOUTH GENEVA STREET,BRECKENRIDGE,TX,76424
450508,MEMORIAL HOSPITAL,1204 MOUND ST,NACOGDOCHES,TX,75961
450518,THE MEDICAL CENTER OF SOUTHEAST TEXAS,2555 JIMMY JOHNSON BLVD,PORT ARTHUR,TX,77640
450537,METHODIST RICHARDSON MEDICAL CENTER,2831 E PRESIDENT GEORGE BUSH HIGHWAY,RICHARDSON,TX,75082
450539,COVENANT HOSPITAL PLAINVIEW,2601 DIMMITT RD,PLAINVIEW,TX,79072
450558,ABILENE REGIONAL MEDICAL CENTER,6250 HWY 83/84,ABILENE,TX,79606
450563,BAYLOR SCOTT & WHITE MEDICAL CENTER  GRAPEVINE,1650 W COLLEGE ST,GRAPEVINE,TX,76051
450565,PALO PINTO GENERAL HOSPITAL,400 SOUTHWEST 25 AVE,MINERAL WELLS,TX,76067
450571,SHANNON MEDICAL CENTER,120 EAST HARRIS AVENUE,SAN ANGELO,TX,76903
450573,CHRISTUS JASPER MEMORIAL HOSPITAL,1275 MARVIN HANCOCK DRIVE,JASPER,TX,75951
450578,HEMPHILL COUNTY HOSPITAL,1020 S 4TH ST,CANADIAN,TX,79014
450580,HOUSTON COUNTY MEDICAL CENTER,1100 LOOP 304 EAST,CROCKETT,TX,75835
450584,WILBARGER GENERAL HOSPITAL,920 HILLCREST DR,VERNON,TX,76384
450586,SEYMOUR HOSPITAL,200 STADIUM DRIVE,SEYMOUR,TX,76380
450587,BROWNWOOD REGIONAL MEDICAL CENTER,1501 BURNET DR,BROWNWOOD,TX,76801
450596,LAKE GRANBURY MEDICAL CENTER,1310 PALUXY RD,GRANBURY,TX,76048
450597,CUERO COMMUNITY HOSPITAL,2550 N ESPLANADE,CUERO,TX,77954
450604,HILL COUNTRY MEMORIAL HOSPITAL INC,1020 SOUTH STATE HIGHWAY 16,FREDERICKSBURG,TX,78624
450605,CARE REGIONAL MEDICAL CENTER,1711 W WHEELER AVENUE,ARANSAS PASS,TX,78336
450610,MEMORIAL HERMANN MEMORIAL CITY MEDICAL CENTER,921 GESSNER,HOUSTON,TX,77024
450617,CLEAR LAKE REGIONAL MEDICAL CENTER,500 MEDICAL CENTER BLVD,WEBSTER,TX,77598
450620,DIMMIT REGIONAL HOSPITAL,704 HOSPITAL DRIVE,CARRIZO SPRINGS,TX,78834
450634,DENTON REGIONAL MEDICAL CENTER,3535 SOUTH I35 EAST,DENTON,TX,76210
450638,HOUSTON NORTHWEST MEDICAL CENTER,710 CYPRESS CREEK PARKWAY,HOUSTON,TX,77090
450639,TEXAS HEALTH HARRIS METHODIST HURST-EULESS-BEDFORD,1600 HOSPITAL PARKWAY,BEDFORD,TX,76022
450641,NOCONA GENERAL HOSPITAL,100 PARK ROAD,NOCONA,TX,76255
450643,DOCTORS HOSPITAL OF LAREDO,10700 MCPHERSON ROAD,LAREDO,TX,78041
450644,WEST HOUSTON MEDICAL CENTER,12141 RICHMOND AVE,HOUSTON,TX,77082
450647,MEDICAL CITY DALLAS HOSPITAL,7777 FOREST LANE,DALLAS,TX,75230
450651,MEDICAL CENTER OF PLANO,3901 W 15TH ST,PLANO,TX,75075
450653,SCENIC MOUNTAIN MEDICAL CENTER,1601 W 11TH PLACE,BIG SPRING,TX,79720
450654,STARR COUNTY MEMORIAL HOSPITAL,128  N FM RD 3167,RIO GRANDE CITY,TX,78582
450656,NACOGDOCHES MEDICAL CENTER,4920 NE STALLINGS DRIVE,NACOGDOCHES,TX,75961
450658,EAST TEXAS MEDICAL CENTER - FAIRFIELD,125 NEWMAN ST,FAIRFIELD,TX,75840
450659,PARK PLAZA HOSPITAL,1313 HERMANN DR,HOUSTON,TX,77004
450661,ODESSA REGIONAL MEDICAL CENTER,520 E 6TH STREET,ODESSA,TX,79761
450662,VALLEY REGIONAL MEDICAL CENTER,100 A ALTON GLOOR,BROWNSVILLE,TX,78526
450668,SIERRA MEDICAL CENTER,1625 MEDICAL CENTER DR,EL PASO,TX,79902
450669,MEDICAL CENTER OF LEWISVILLE,500 WEST MAIN STREET,LEWISVILLE,TX,75057
450670,TOMBALL REGIONAL MEDICAL CENTER,605 HOLDERRIETH,TOMBALL,TX,77375
450672,PLAZA MEDICAL CENTER OF FORT WORTH,900 EIGHTH AVENUE,FORT WORTH,TX,76104
450674,"WOMANS HOSPITAL OF TEXAS,THE",7600 FANNIN,HOUSTON,TX,77054
450675,MEDICAL CENTER OF ARLINGTON,3301 MATLOCK ROAD,ARLINGTON,TX,76015
450677,TEXAS HEALTH HUGULEY HOSPITAL FORT WORTH SOUTH,11801 SOUTH FREEWAY,BURLESON,TX,76028
450678,DOCTORS HOSPITAL,9440 POPPY DR,DALLAS,TX,75218
450684,MEMORIAL HERMANN NORTHEAST,18951 MEMORIAL NORTH,HUMBLE,TX,77338
450686,UNIVERSITY MEDICAL CENTER,602 INDIANA AVENUE,LUBBOCK,TX,79415
450688,DALLAS REGIONAL MEDICAL CENTER,1011 NORTH GALLOWAY AVENUE,MESQUITE,TX,75149
450690,UNIVERSITY OF TEXAS HEALTH SCIENCE CENTER AT TYLER,11937 US HIGHWAY 271,TYLER,TX,75708
450694,EL CAMPO MEMORIAL HOSPITAL,303 SANDY CORNER RD,EL CAMPO,TX,77437
450697,SOUTHWEST GENERAL HOSPITAL,7400 BARLITE BLVD,SAN ANTONIO,TX,78224
450698,LAMB HEALTHCARE CENTER,1500 S SUNSET,LITTLEFIELD,TX,79339
450702,LONGVIEW REGIONAL MEDICAL CENTER,2901 N FOURTH ST,LONGVIEW,TX,75605
450709,HOUSTON METHODIST ST JOHN HOSPITAL,18300 ST JOHN DRIVE,NASSAU BAY,TX,77058
450711,RIO GRANDE REGIONAL HOSPITAL,101 E RIDGE RD,MCALLEN,TX,78503
450713,ST DAVID'S SOUTH AUSTIN MEDICAL CENTER,901 WEST BEN WHITE BLVD,AUSTIN,TX,78704
450716,CYPRESS FAIRBANKS MEDICAL CENTER,10655 STEEPLETOP DRIVE,HOUSTON,TX,77065
450718,ROUND ROCK MEDICAL CENTER,2400 ROUND ROCK AVE,ROUND ROCK,TX,78681
450723,METHODIST CHARLTON MEDICAL CENTER,3500 W WHEATLAND ROAD,DALLAS,TX,75237
450730,BAYLOR SCOTT AND WHITE MEDICAL CENTER CARROLLTON,4343 NORTH JOSEY LANE,CARROLLTON,TX,75010
450742,BAYLOR SCOTT AND WHITE MEDICAL CENTER LAKE POINTE,6800 SCENIC DR,ROWLETT,TX,75088
450743,TEXAS HEALTH PRESBYTERIAN HOSPITAL DENTON,3000 N I-35,DENTON,TX,76201
450746,KNOX COUNTY HOSPITAL,701 SE 5TH STREET,KNOX CITY,TX,79529
450747,PALESTINE REGIONAL MEDICAL CENTER,2900 S LOOP 256,PALESTINE,TX,75801
450749,EAST TEXAS MEDICAL CENTER TRINITY,317 PROSPECT DR/PO BOX 3169,TRINITY,TX,75862
450754,HAMILTON GENERAL HOSPITAL,"400 N BROWN, BUILDING 1",HAMILTON,TX,76531
450755,COVENANT HOSPITAL LEVELLAND,1900 COLLEGE AVE,LEVELLAND,TX,79336
450766,UT SOUTHWESTERN UNIVERSITY HOSPITAL-ZALE LIPSHY,5151 HARRY HINES BLVD,DALLAS,TX,75390
450771,TEXAS HEALTH PRESBYTERIAN HOSPITAL PLANO,6200 W PARKER RD,PLANO,TX,75093
450774,TOPS SURGICAL SPECIALTY HOSPITAL,17080 RED OAK DRIVE,HOUSTON,TX,77090
450775,KINGWOOD MEDICAL CENTER,22999 US HWY 59,KINGWOOD,TX,77325
450779,TEXAS HEALTH HARRIS METHODIST HOSPITAL SOUTHWEST F,6100 HARRIS PKWY,FORT WORTH,TX,76132
450780,METHODIST AMBULATORY SURGERY HOSPITAL NW,9150 HUEBNER RD SUITE 100,SAN ANTONIO,TX,78240
450788,"CORPUS CHRISTI MEDICAL CENTER,THE",7101 S PADRE ISLAND DR,CORPUS CHRISTI,TX,78412
450796,NORTHWEST TEXAS SURGERY CENTER,3501 SONCY RD SUITE 118,AMARILLO,TX,79109
450797,HOUSTON HOSPITAL FOR SPECIALIZED SURGERY,5445 LABRANCH STREET,HOUSTON,TX,77004
450801,CHRISTUS ST MICHAEL HEALTH SYSTEM,2600 ST MICHAEL DR,TEXARKANA,TX,75504
450803,DOCTORS HOSPITAL TIDWELL,510 W TIDWELL,HOUSTON,TX,77091
450804,TEXAS ORTHOPEDIC HOSPITAL,7401 SOUTH MAIN STREET,HOUSTON,TX,77030
450808,NORTHWEST HILLS SURGICAL HOSPITAL,6818 AUSTIN CTR BLVD SUITE 100,AUSTIN,TX,78731
450809,NORTH AUSTIN MEDICAL CENTER,12221 MOPAC EXPRESSWAY NORTH,AUSTIN,TX,78758
450820,METHODIST SUGAR LAND HOSPITAL,16655 SOUTHWEST FREEWAY,SUGAR LAND,TX,77479
450822,LAS COLINAS MEDICAL CENTER,6800 N MACARTHUR BLVD,IRVING,TX,75039
450825,CORNERSTONE REGIONAL HOSPITAL,2302 CORNERSTONE BOULEVARD,EDINBURG,TX,78539
450827,KELL WEST REGIONAL HOSPITAL,5402 KELL WEST BOULEVARD,WICHITA FALLS,TX,76310
450828,CHRISTUS SPOHN HOSPITAL ALICE,2500 E MAIN STREET,ALICE,TX,78332
450831,SURGERY SPECIALTY HOSPITALS OF AMERICA SE HOUSTON,4301 B VISTA,PASADENA,TX,77504
450833,ENNIS REGIONAL MEDICAL CENTER,2201 WEST LAMPASAS STREET,ENNIS,TX,75119
450834,"PHYSICIANS CENTRE,THE",3131 UNIVERSITY DRIVE EAST,BRYAN,TX,77802
450840,TEXAS HEALTH PRESBYTERIAN HOSPITAL ALLEN,1105 CENTRAL EXPRESSWAY NORTH,ALLEN,TX,75013
450844,METHODIST WILLOWBROOK HOSPITAL,18220 TOMBALL PARKWAY,HOUSTON,TX,77070
450845,EL PASO SPECIALTY HOSPITAL,1755 CURIE SUITE A,EL PASO,TX,79902
450847,MEMORIAL HERMANN KATY HOSPITAL,23900 KATY FREEWAY,KATY,TX,77494
450848,MEMORIAL HERMANN SUGAR LAND HOSPITAL,17500 W GRAND PARKWAY SOUTH,SUGAR LAND,TX,77479
450851,BAYLOR HEART AND VASCULAR HOSPITAL,621 NORTH HALL STREET,DALLAS,TX,75226
450853,BAYLOR MEDICAL CENTER AT FRISCO,5601 WARREN PARKWAY,FRISCO,TX,75034
450855,HARLINGEN MEDICAL CENTER,5501 SOUTH EXPRESSWAY 77,HARLINGEN,TX,78550
450856,SOUTH TEXAS SPINE AND SURGICAL HOSPITAL,18600 NORTH HARDY OAK BLVD,SAN ANTONIO,TX,78258
450860,SUGAR LAND SURGICAL HOSPITAL LLP,16906 SOUTHWEST FREEWAY,SUGAR LAND,TX,77479
450862,ST LUKE'S THE WOODLANDS HOSPITAL,17200 ST LUKE'S WAY,THE WOODLANDS,TX,77384
450864,TEXAS SPINE AND JOINT HOSPITAL,1814 ROSELAND BOULEVARD,TYLER,TX,75701
450865,SETON SOUTHWEST HOSPITAL,7900 FM 1826,AUSTIN,TX,78737
450867,SETON NORTHWEST HOSPITAL,11113 RESEARCH BOULEVARD,AUSTIN,TX,78759
450869,DOCTORS HOSPITAL AT RENAISSANCE,5501 SOUTH MCCOLL,EDINBURG,TX,78539
450871,ARISE AUSTIN MEDICAL CENTER,3003 BEE CAVES ROAD,AUSTIN,TX,78746
450872,USMD HOSPITAL AT ARLINGTON L P,801 W INTERSTATE 20,ARLINGTON,TX,76017
450874,BAYLOR SURGICAL HOSPITAL AT LAS COLINAS,400 WEST INTERSTATE 635 SUITE 101,IRVING,TX,75063
450875,QUAIL CREEK SURGICAL HOSPITAL,6819 PLUM CREEK,AMARILLO,TX,79124
450876,LUBBOCK HEART HOSPITAL LP,4810 NORTH LOOP 289,LUBBOCK,TX,79416
450877,FOUNDATION SURGICAL HOSPITAL OF EL PASO,1416 GEORGE DIETER,EL PASO,TX,79936
450880,BAYLOR SURGICAL HOSPITAL AT FORT WORTH,1800 PARK PLACE AVENUE,FORT WORTH,TX,76110
450883,BAYLOR MEDICAL CENTER AT TROPHY CLUB,2850  E STATE HIGHWAY 114,TROPHY CLUB,TX,76262
450885,BAYLOR SCOTT AND WHITE MEDICAL CENTER CENTENNIAL,12505 LEBANON ROAD,FRISCO,TX,75035
450888,TEXAS HEALTH HARRIS METHODIST HOSPITAL SOUTHLAKE,1545 E SOUTHLAKE BLVD,SOUTHLAKE,TX,76092
450889,TEXAS INSTITUTE FOR SURGERY AT PRESBYTERIAN HOSPIT,7115 GREENVILLE AVENUE SUITE 100,DALLAS,TX,75231
450890,BAYLOR REGIONAL MEDICAL CENTER AT PLANO,4700 ALLIANCE BOULEVARD,PLANO,TX,75093
450891,TEXAS HEALTH CENTER FOR DIAGNOSTICS & SURGERY PLAN,6020 W PARKER ROAD,PLANO,TX,75093
450893,THE HEART HOSPITAL BAYLOR DENTON,2801 SOUTH MAYHILL ROAD,DENTON,TX,76208
450894,PINE CREEK MEDICAL CENTER LLP,9032 HARRY HINES BLVD,DALLAS,TX,75235
451301,REAGAN MEMORIAL HOSPITAL,805 NORTH MAIN,BIG LAKE,TX,76932
451303,LIMESTONE MEDICAL CENTER,701 MCCLINTIC DRIVE,GROESBECK,TX,76642
451305,BURLESON ST JOSEPH HEALTH CENTER,1101 WOODSON DRIVE,CALDWELL,TX,77836
451307,IRAAN GENERAL HOSPITAL,600 HIGHWAY 349 NORTH,IRAAN,TX,79744
451308,YOAKUM COUNTY HOSPITAL,412 MUSTANG AVENUE,DENVER CITY,TX,79323
451309,MCCAMEY HOSPITAL,2500 HWY 305 SOUTH,MCCAMEY,TX,79752
451310,BALLINGER MEMORIAL HOSPITAL,608 AVENUE B,BALLINGER,TX,76821
451311,SWEENY COMMUNITY HOSPITAL,305 NORTH MCKINNEY,SWEENY,TX,77480
451313,FISHER COUNTY HOSPITAL DISTRICT,774 STATE HIGHWAY 70 N,ROTAN,TX,79546
451315,NORTH RUNNELS HOSPITAL,7821 EAST HIGHWAY 153,WINTERS,TX,79567
451316,MADISON ST JOSEPH HEALTH CENTER,100 WEST CROSS STREET,MADISONVILLE,TX,77864
451319,MOTHER FRANCES HOSPITAL JACKSONVILLE,2026 S JACKSON STREET,JACKSONVILLE,TX,75766
451320,BAYSIDE COMMUNITY HOSPITAL,200 HOSPITAL DRIVE,ANAHUAC,TX,77514
451322,GRIMES ST JOSEPH HEALTH CENTER,210 JUDSON ST,NAVASOTA,TX,77868
451323,ROLLINS BROOK COMMUNITY HOSPITAL,608 NORTH KEY AVENUE,LAMPASAS,TX,76550
451326,CHILLICOTHE HOSPITAL DISTRICT,303 AVENUE I,CHILLICOTHE,TX,79225
451330,MEDINA REGIONAL HOSPITAL,3100 AVENUE E,HONDO,TX,78861
451331,COON MEMORIAL HOSPITAL,1411 DENVER AVENUE,DALHART,TX,79022
451333,MARTIN COUNTY HOSPITAL DISTRICT,600 E INTERSTATE 20     PO BOX 640,STANTON,TX,79782
451334,PARKVIEW HOSPITAL,901 S. SWEETWATER,WHEELER,TX,79096
451337,W J MANGOLD MEMORIAL HOSPITAL,320 NORTH MAIN,LOCKNEY,TX,79241
451338,CULBERSON HOSPITAL,EISENHOWER ROAD AND FM 2185,VAN HORN,TX,79855
451341,HASKELL MEMORIAL HOSPITAL,1 NORTH AVENUE N  PO BOX 1117,HASKELL,TX,79521
451342,MITCHELL COUNTY HOSPITAL DISTRICT,997 WEST I-20,COLORADO CITY,TX,79512
451343,ELECTRA MEMORIAL HOSPITAL,1207 S BAILEY STREET,ELECTRA,TX,76360
451344,HANSFORD COUNTY HOSPITAL,707 ROLAND ST,SPEARMAN,TX,79081
451346,YOAKUM COMMUNITY HOSPITAL,1200 CARL RAMERT DRIVE,YOAKUM,TX,77995
451347,COLEMAN COUNTY MEDICAL CENTER COMPANY,310 SOUTH PECOS STREET,COLEMAN,TX,76834
451349,SWISHER MEMORIAL HOSPITAL,539 SOUTHEAST 2ND,TULIA,TX,79088
451350,PLAINS MEMORIAL HOSPITAL,310 WEST HALSELL STREET,DIMMITT,TX,79027
451351,LYNN COUNTY HOSPITAL DISTRICT,2600 LOCKWOOD STREET,TAHOKA,TX,79373
451353,CRANE COUNTY HOSPITAL DISTRICT,1310 S ALFORD ST,CRANE,TX,79731
451354,HAMILTON HOSPITAL,901 WEST HAMILTON,OLNEY,TX,76374
451356,MEMORIAL MEDICAL CENTER,815 N VIRGINIA STREET,PORT LAVACA,TX,77979
451357,LITTLE RIVER HEALTHCARE,1700 BRAZOS,ROCKDALE,TX,76567
451361,SABINE COUNTY HOSPITAL,"PO BOX 750, 2301 HWY 83 W",HEMPHILL,TX,75948
451362,CLAY COUNTY MEMORIAL HOSPITAL,310 W SOUTH STREET,HENRIETTA,TX,76365
451363,JACKSON HEALTHCARE CENTER,1013 S WELLS,EDNA,TX,77957
451364,OTTO KAISER MEMORIAL HOSPITAL,3349 S HIGHWAY 181,KENEDY,TX,78119
451365,SETON HIGHLAND LAKES,HIGHWAY 281 SOUTH,BURNET,TX,78611
451366,COCHRAN MEMORIAL HOSPITAL,205 E GRANT STREET,MORTON,TX,79346
451367,EAST TEXAS MEDICAL CENTER PITTSBURG,2701 US HWY 271 N,PITTSBURG,TX,75686
451369,GOLDEN PLAINS COMMUNITY HOSPITAL,100 MEDICAL DRIVE,BORGER,TX,79007
451370,TMC- BONHAM HOSPITAL,504 LIPSCOMB STREET,BONHAM,TX,75418
451371,SETON EDGAR B DAVIS HOSPITAL,130 HAYS STREET,LULING,TX,78648
451372,MULESHOE AREA MEDICAL CENTER,708 S 1ST ST,MULESHOE,TX,79347
451373,WARD MEMORIAL HOSPITAL,406 SOUTH GARY ST,MONAHANS,TX,79756
451374,BAYLOR SCOTT & WHITE MEDICAL CENTER -TAYLOR,305 MALLARD,TAYLOR,TX,76574
451376,LAVACA MEDICAL CENTER,1400 NORTH TEXANA STREET,HALLETTSVILLE,TX,77964
451377,REEVES COUNTY HOSPITAL DISTRICT,2323 TEXAS STREET,PECOS,TX,79772
451378,BIG BEND REGIONAL MEDICAL CENTER,2600 HIGHWAY 118 NORTH,ALPINE,TX,79830
451379,CORYELL MEMORIAL HEALTHCARE SYSTEM,1507 W MAIN STREET,GATESVILLE,TX,76528
451380,EAST TEXAS MEDICAL CENTER QUITMAN,117 WINNSBORO STREET,QUITMAN,TX,75783
453300,COOK CHILDRENS MEDICAL CENTER,801 SEVENTH AVENUE,FORT WORTH,TX,76104
453301,DRISCOLL CHILDRENS HOSPITAL,3533 S ALAMEDA BOX 6530,CORPUS CHRISTI,TX,78411
453310,DELL CHILDREN'S MEDICAL CENTER OF CENTRAL TEXAS,4900 MUELLER BLVD,AUSTIN,TX,78723
460001,UTAH VALLEY HOSPITAL,1034 NORTH 500 WEST,PROVO,UT,84604
460003,SALT LAKE REGIONAL MEDICAL CENTER,1050 EAST SOUTH TEMPLE,SALT LAKE CITY,UT,84102
460004,MCKAY DEE HOSPITAL,4401 HARRISON BOULEVARD,OGDEN,UT,84403
460005,OGDEN REGIONAL MEDICAL CENTER,5475 SOUTH 500 EAST,OGDEN,UT,84405
460006,LDS HOSPITAL,8TH AVENUE AND C STREET,SALT LAKE CITY,UT,84143
460007,CEDAR CITY HOSPITAL,1303 NORTH MAIN STREET,CEDAR CITY,UT,84721
460009,UNIVERSITY HEALTH CARE/UNIV HOSPITALS AND  CLINICS,50 NORTH MEDICAL DRIVE,SALT LAKE CITY,UT,84132
460010,INTERMOUNTAIN MEDICAL CENTER,5121 SOUTH COTTONWOOD STREET,MURRAY,UT,84107
460011,CASTLEVIEW HOSPITAL,300 NORTH HOSPITAL DRIVE,PRICE,UT,84501
460013,MOUNTAIN VIEW HOSPITAL,1000 EAST 100 NORTH,PAYSON,UT,84651
460014,MOUNTAIN WEST MEDICAL CENTER,2055 NORTH MAIN STREET,TOOELE,UT,84074
460015,LOGAN REGIONAL HOSPITAL,500 EAST 1400 NORTH,LOGAN,UT,84341
460017,BRIGHAM CITY COMMUNITY HOSPITAL,950 SOUTH MEDICAL DRIVE,BRIGHAM CITY,UT,84302
460019,UINTAH BASIN MEDICAL CENTER,250 WEST 300 NORTH,ROOSEVELT,UT,84066
460021,DIXIE REGIONAL MEDICAL CENTER,1380 EAST MEDICAL CENTER DRIVE,ST GEORGE,UT,84790
460023,AMERICAN FORK HOSPITAL,170 NORTH 1100 EAST,AMERICAN FORK,UT,84003
460026,SEVIER VALLEY MEDICAL CENTER,1000 NORTH MAIN STREET,RICHFIELD,UT,84701
460030,ASHLEY REGIONAL MEDICAL CENTER,150 WEST 100 NORTH,VERNAL,UT,84078
460033,GARFIELD MEMORIAL HOSPITAL,200 NORTH 400 EAST,PANGUITCH,UT,84759
460035,BEAVER VALLEY HOSPITAL,1109 NORTH 100 WEST,BEAVER,UT,84713
460039,BEAR RIVER VALLEY HOSPITAL,905 NORTH 1000 WEST,TREMONTON,UT,84337
460041,DAVIS HOSPITAL AND MEDICAL CENTER,1600 WEST ANTELOPE DRIVE,LAYTON,UT,84041
460042,LAKEVIEW HOSPITAL,630 EAST MEDICAL DRIVE,BOUNTIFUL,UT,84010
460043,OREM COMMUNITY HOSPITAL,331 NORTH 400 WEST,OREM,UT,84057
460044,ALTA VIEW HOSPITAL,9660 SOUTH 1300 EAST,SANDY,UT,84094
460047,ST MARKS HOSPITAL,1200 EAST 3900 SOUTH,SALT LAKE CITY,UT,84124
460049,THE ORTHOPEDIC SPECIALTY HOSPITAL,5848 SOUTH 300 EAST,MURRAY,UT,84107
460051,JORDAN VALLEY MEDICAL CENTER,3580 WEST 9000 SOUTH,WEST JORDAN,UT,84088
460052,TIMPANOGOS REGIONAL HOSPITAL,750 WEST 800 NORTH,OREM,UT,84057
460054,CACHE VALLEY  HOSPITAL,2380 NORTH 400 EAST,NORTH LOGAN,UT,84341
460057,PARK CITY MEDICAL CENTER,900 ROUND VALLEY DRIVE,PARK CITY,UT,84060
460058,RIVERTON HOSPITAL,3741 WEST 12600 SOUTH,RIVERTON,UT,84065
460060,LONE PEAK HOSPITAL,11925 S STATE STREET,DRAPER,UT,84020
461300,DELTA COMMUNITY MEDICAL CENTER,126 SOUTH WHITE SAGE AVENUE,DELTA,UT,84624
461301,FILLMORE COMMUNITY MEDICAL CENTER,674 SOUTH HIGHWAY 99,FILLMORE,UT,84631
461302,MOAB REGIONAL HOSPITAL,450 WEST WILLIAMS WAY,MOAB,UT,84532
461303,SANPETE VALLEY HOSPITAL - CAH,1100 SOUTH MEDICAL DRIVE,MOUNT PLEASANT,UT,84647
461304,CENTRAL VALLEY MEDICAL CENTER - CAH,48 WEST 1500 NORTH,NEPHI,UT,84648
461305,MILFORD VALLEY MEMORIAL HOSPITAL,850 NORTH MAIN STREET,MILFORD,UT,84751
461306,GUNNISON VALLEY HOSPITAL,64 EAST 100 NORTH,GUNNISON,UT,84634
461307,HEBER VALLEY MEDICAL CENTER,1485 SOUTH HIGHWAY 40,HEBER CITY,UT,84032
461308,SAN JUAN HOSPITAL,380 WEST 100 NORTH,MONTICELLO,UT,84535
461309,KANE COUNTY HOSPITAL,355 NORTH MAIN STREET,KANAB,UT,84741
461310,BLUE MOUNTAIN HOSPITAL,802 SOUTH 200 WEST,BLANDING,UT,84511
463301,PRIMARY CHILDRENS HOSPITAL,100 NORTH MARIO CAPECCHI DRIVE,SALT LAKE CITY,UT,84113
470001,CENTRAL VERMONT MEDICAL CENTER,BOX 547,BARRE,VT,5641
470003,UNIVERSITY OF VERMONT MEDICAL CENTER,111 COLCHESTER AVE,BURLINGTON,VT,5401
470005,RUTLAND REGIONAL MEDICAL CENTER,160 ALLEN ST,RUTLAND,VT,5701
470011,BRATTLEBORO MEMORIAL HOSPITAL,17 BELMONT AVE,BRATTLEBORO,VT,5301
470012,SOUTHWESTERN VERMONT MEDICAL CENTER,100 HOSPITAL DRIVE,BENNINGTON,VT,5201
470024,NORTHWESTERN MEDICAL CENTER INC,133 FAIRFIELD STREET,SAINT ALBANS,VT,5478
471300,GRACE COTTAGE HOSPITAL,PO BOX 216,TOWNSHEND,VT,5353
471301,GIFFORD MEDICAL CENTER,44 SOUTH MAIN STREET,RANDOLPH,VT,5060
471302,MT ASCUTNEY HOSPITAL,289 COUNTY ROAD,WINDSOR,VT,5089
471303,NORTHEASTERN VERMONT REGIONAL HOSPITAL,1315 HOSPITAL DRIVE,SAINT JOHNSBURY,VT,5819
471304,NORTH COUNTRY HOSPITAL AND HEALTH CENTER,189 PROUTY DRIVE,NEWPORT,VT,5855
471305,COPLEY HOSPITAL,528 WASHINGTON HIGHWAY,MORRISVILLE,VT,5661
471306,SPRINGFIELD HOSPITAL,PO BOX 2003,SPRINGFIELD,VT,5156
471307,"PORTER HOSPITAL, INC",115 PORTER DRIVE,MIDDLEBURY,VT,5753
480001,"ROY LESTER SCHNEIDER HOSPITAL,THE",9048 SUGAR ESTATE,ST THOMAS,VI,801
480002,GOV JUAN F LUIS HOSPITAL & MEDICAL CTR,"#4007 EST DIAMOND RUBY, CHRISTIANSTED",ST CROIX,VI,820
490001,NORTON COMMUNITY HOSPITAL,100  15TH NW STREET,NORTON,VA,24273
490002,RUSSELL COUNTY MEDICAL CENTER,58 CARROLL STREET,LEBANON,VA,24266
490004,SENTARA RMH MEDICAL CENTER,2010 HEALTH CAMPUS DRIVE,HARRISONBURG,VA,22801
490005,WINCHESTER MEDICAL CENTER,1840 AMHERST ST,WINCHESTER,VA,22601
490007,SENTARA NORFOLK GENERAL HOSPITAL,600 GRESHAM DR,NORFOLK,VA,23507
490009,UNIVERSITY OF VIRGINIA MEDICAL CENTER,JEFFERSON PARK AVE,CHARLOTTESVILLE,VA,22908
490011,BON SECOURS DEPAUL MEDICAL CENTER,150 KINGSLEY LANE,NORFOLK,VA,23505
490013,SENTARA HALIFAX REGIONAL HOSPITAL,2204 WILBORN AVENUE,HALIFAX,VA,24558
490017,BON SECOURS MARYVIEW MEDICAL CENTER,3636 HIGH STREET,PORTSMOUTH,VA,23707
490018,AUGUSTA HEALTH,78 MEDICAL CENTER DRIVE,FISHERSVILLE,VA,22939
490019,UVA CULPEPER HOSPITAL,501 SUNSET LANE,CULPEPER,VA,22701
490020,JOHN RANDOLPH MEDICAL CENTER,411 WEST RANDOLPH ROAD,HOPEWELL,VA,23860
490021,"CENTRA  HEALTH, INC",1901 TATE SPRINGS ROAD,LYNCHBURG,VA,24501
490022,"MARY WASHINGTON HOSPITAL, INC",1001 SAM PERRY BOULEVARD,FREDERICKSBURG,VA,22401
490023,FAUQUIER HOSPITAL,500 HOSPITAL DRIVE,WARRENTON,VA,20186
490024,CARILION ROANOKE MEMORIAL HOSPITAL,"1906 BELLEVIEW AVENUE, SE",ROANOKE,VA,24014
490032,MEDICAL COLLEGE OF VIRGINIA HOSPITALS,1250 EAST MARSHALL STREET - BOX 980510,RICHMOND,VA,23298
490033,WARREN MEMORIAL HOSPITAL,1000 NORTH SHENANDOAH AVE,FRONT ROYAL,VA,22630
490037,RIVERSIDE SHORE MEMORIAL HOSPITAL,9507 HOSPITAL AVENUE,NASSAWADOX,VA,23413
490038,SMYTH COUNTY COMMUNITY HOSPITAL,245 MEDICAL PARK DRIVE,MARION,VA,24354
490040,INOVA ALEXANDRIA HOSPITAL,4320 SEMINARY RD,ALEXANDRIA,VA,22304
490041,MARY IMMACULATE HOSPITAL,2 BERNARDINE DRIVE,NEWPORT NEWS,VA,23602
490042,CARILION NEW RIVER VALLEY MEDICAL CENTER,2900 LAMB CIRCLE,CHRISTIANSBURG,VA,24073
490043,INOVA LOUDOUN HOSPITAL,44045 RIVERSIDE PARKWAY,LEESBURG,VA,20176
490044,SENTARA OBICI HOSPITAL,2800 GODWIN BOULEVARD,SUFFOLK,VA,23439
490045,NOVANT HEALTH UVA  PRINCE WILLIAM MEDICAL CENTER,8700 SUDLEY RD,MANASSAS,VA,20110
490046,SENTARA LEIGH HOSPITAL,830 KEMPSVILLE ROAD,NORFOLK,VA,23502
490048,LEWISGALE MEDICAL CENTER,1900 ELECTRIC ROAD,SALEM,VA,24153
490050,VIRGINIA HOSPITAL CENTER,1701 NORTH GEORGE MASON DRIVE,ARLINGTON,VA,22205
490052,RIVERSIDE REGIONAL MEDICAL CENTER,500 J CLYDE MORRIS BLVD,NEWPORT NEWS,VA,23601
490053,JOHNSTON MEMORIAL HOSPITAL,16000 JOHNSTON MEMORIAL DRIVE,ABINGDON,VA,24211
490057,SENTARA VIRGINIA BEACH GENERAL HOSPITAL,1060 FIRST COLONIAL ROAD,VIRGINIA BEACH,VA,23454
490059,BON SECOURS ST MARYS HOSPITAL,5801 BREMO RD,RICHMOND,VA,23226
490060,CLINCH VALLEY MEDICAL CENTER,2949 WEST FRONT STREET,RICHLANDS,VA,24641
490063,INOVA FAIRFAX HOSPITAL,3300 GALLOWS ROAD,FALLS CHURCH,VA,22042
490066,SENTARA WILLIAMSBURG REGIONAL MEDICAL CENTER,100 SENTARA CIRCLE,WILLIAMSBURG,VA,23188
490067,SOUTHSIDE REGIONAL MEDICAL CENTER,200 MEDICAL PARK BOULEVARD,PETERSBURG,VA,23805
490069,BON SECOURS MEMORIAL REGIONAL MEDICAL CENTER,8260 ATLEE ROAD,MECHANICSVILLE,VA,23116
490075,DANVILLE REGIONAL MEDICAL CENTER,142 SOUTH MAIN STREET,DANVILLE,VA,24541
490077,MARTHA JEFFERSON HOSPITAL,500 MARTHA JEFFERSON DRIVE,CHARLOTTESVILLE,VA,22911
490079,MEMORIAL HOSPITAL OF MARTINSVILLE & HENRY COUNTY,320 HOSPITAL DRIVE,MARTINSVILLE,VA,24115
490084,RIVERSIDE TAPPAHANNOCK HOSPITAL,618 HOSPITAL ROAD,TAPPAHANNOCK,VA,22560
490088,BEDFORD MEMORIAL HOSPITAL,1613 OAKWOOD STREET,BEDFORD,VA,24523
490089,CARILION FRANKLIN MEMORIAL HOSPITAL,180 FLOYD AVENUE,ROCKY MOUNT,VA,24151
490090,"SOUTHSIDE COMMUNITY HOSPITAL, INC",800 OAK STREET,FARMVILLE,VA,23901
490092,SOUTHAMPTON MEMORIAL HOSPITAL,100 FAIRVIEW DRIVE - PO BOX 817,FRANKLIN,VA,23851
490093,SENTARA CAREPLEX HOSPITAL,3000 COLISEUM DRIVE,HAMPTON,VA,23666
490094,BON SECOURS RICHMOND COMMUNITY HOSPITAL,1500 N. 28TH STREET,RICHMOND,VA,23223
490097,SOUTHERN VIRGINIA REGIONAL MEDICAL CENTER,727 NORTH MAIN STREET,EMPORIA,VA,23847
490098,"COMMUNITY MEMORIAL HEALTHCENTER, INC",125 BUENA VISTA CIRCLE,SOUTH HILL,VA,23970
490101,INOVA FAIR OAKS HOSPITAL,3600 JOSEPH SIEWICK DRIVE,FAIRFAX,VA,22033
490107,RESTON HOSPITAL CENTER,1850 TOWN CENTER PARKWAY,RESTON,VA,20190
490110,LEWISGALE HOSPITAL MONTGOMERY,3700 SOUTH MAIN STREET,BLACKSBURG,VA,24060
490111,WYTHE COUNTY COMMUNITY HOSPITAL,600 WEST RIDGE ROAD,WYTHEVILLE,VA,24382
490112,CJW MEDICAL CENTER,7101 JAHNKE ROAD,RICHMOND,VA,23235
490113,SENTARA NORTHERN VIRGINIA MEDICAL CENTER,2300 OPITZ BOULEVARD,WOODBRIDGE,VA,22191
490114,LONESOME PINE HOSPITAL,1990 HOLTON AVENUE EAST,BIG STONE GAP,VA,24219
490115,TWIN COUNTY REGIONAL HOSPITAL,200 HOSPITAL DRIVE,GALAX,VA,24333
490116,LEWISGALE HOSPITAL PULASKI,2400 LEE HIGHWAY,PULASKI,VA,24301
490117,CARILION TAZEWELL COMMUNITY HOSPITAL,141 BEN BOLT AVENUE,TAZEWELL,VA,24651
490118,HENRICO DOCTORS' HOSPITAL,1602 SKIPWITH ROAD,RICHMOND,VA,23229
490119,SENTARA PRINCESS ANNE HOSPITAL,2025 GLENN MITCHELL DRIVE,VIRGINIA BEACH,VA,23456
490120,CHESAPEAKE GENERAL HOSPITAL,"736 BATTLEFIELD BLVD, NORTH",CHESAPEAKE,VA,23320
490122,INOVA MOUNT VERNON HOSPITAL,2501 PARKERS LANE,ALEXANDRIA,VA,22306
490123,RAPPAHANNOCK GENERAL HOSPITAL,101 HARRIS ROAD,KILMARNOCK,VA,22482
490126,LEWISGALE HOSPITAL ALLEGHANY,ONE ARH LANE - PO BOX 7,LOW MOOR,VA,24457
490127,BUCHANAN GENERAL HOSPITAL,1535 SLATE CREEK ROAD,GRUNDY,VA,24614
490130,RIVERSIDE WALTER REED HOSPITAL,7519 HOSPITAL ROAD,GLOUCESTER,VA,23061
490136,BON SECOURS ST FRANCIS MEDICAL CENTER,13710 ST FRANCIS BOULEVARD,MIDLOTHIAN,VA,23114
490140,"STAFFORD HOSPITAL, LLC",101 HOSPITAL CENTER BOULEVARD,STAFFORD,VA,22554
490141,SPOTSYLVANIA REGIONAL MEDICAL CENTER,4600 SPOTSYLVANIA PARKWAY,FREDERICKSBURG,VA,22408
490143,RIVERSIDE DOCTORS' HOSPITAL OF WILLIAMSBURG,1500 COMMONWEALTH AVENUE,WILLIAMSBURG,VA,23185
490144,NOVANT HEALTH UVA HEALTH HAYMARKET MEDICAL CENTER,15225 HEALTHCOTE BOULEVARD,HAYMARKET,VA,20169
491300,BATH COMMUNITY HOSPITAL,106 PARK DRIVE- PO DRAWER Z,HOT SPRINGS,VA,24445
491302,CARILION GILES COMMUNITY HOSPITAL,159 HARTLEY WAY,PEARISBURG,VA,24134
491303,DICKENSON COMMUNITY HOSPITAL,312 HOSPITAL DRIVE,CLINTWOOD,VA,24228
491304,CARILION STONEWALL JACKSON HOSPITAL,1 HEALTH CIRCLE,LEXINGTON,VA,24450
491305,SHENANDOAH MEMORIAL HOSPITAL,759 SOUTH MAIN STREET,WOODSTOCK,VA,22664
491306,"PIONEER HEALTH SERVICES OF PATRICK COUNTY,INC",18688 JEB STUART HIGHWAY,STUART,VA,24171
491307,"PAGE MEMORIAL HOSPITAL, INC",200 MEMORIAL DRIVE,LURAY,VA,22835
500001,NORTHWEST HOSPITAL,1550 NORTH 115TH STREET,SEATTLE,WA,98133
500002,PROVIDENCE ST MARY MEDICAL CENTER,401 W POPLAR ST,WALLA WALLA,WA,99362
500003,SKAGIT VALLEY HOSPITAL,1415 KINCAID STREET,MOUNT VERNON,WA,98274
500005,VIRGINIA MASON MEDICAL CENTER,925 SENECA ST,SEATTLE,WA,98101
500007,ISLAND HOSPITAL,1211  24TH STREET,ANACORTES,WA,98221
500008,UNIVERSITY OF WASHINGTON MEDICAL CTR,1959 NE PACIFIC ST  BOX 356151,SEATTLE,WA,98195
500011,HIGHLINE MEDICAL CENTER,16251 SYLVESTER ROAD SW,BURIEN,WA,98166
500012,YAKIMA REGIONAL MEDICAL AND CARDIAC CENTER,110 SOUTH NINTH AVE,YAKIMA,WA,98902
500014,PROVIDENCE REGIONAL MEDICAL CENTER EVERETT,1321 COLBY AVENUE,EVERETT,WA,98201
500015,MULTICARE AUBURN MEDICAL CENTER,202 NORTH DIVISION STREET PLAZA ONE,AUBURN,WA,98001
500016,CENTRAL WASHINGTON HOSPITAL,1201 SOUTH MILLER STREET,WENATCHEE,WA,98807
500019,PROVIDENCE CENTRALIA HOSPITAL,914 S SCHEUBER ROAD,CENTRALIA,WA,98531
500021,ST CLARE HOSPITAL,11315 BRIDGEPORT WAY S W,LAKEWOOD,WA,98499
500024,PROVIDENCE ST PETER HOSPITAL,413 LILLY ROAD NE,OLYMPIA,WA,98506
500025,SWEDISH MEDICAL CENTER / CHERRY HILL,500 17TH AVENUE,SEATTLE,WA,98122
500026,SWEDISH EDMONDS HOSPITAL,21601 76TH AVENUE WEST,EDMONDS,WA,98026
500027,SWEDISH MEDICAL CENTER,747 BROADWAY,SEATTLE,WA,98122
500030,ST JOSEPH MEDICAL CENTER,2901 SQUALICUM PARKWAY,BELLINGHAM,WA,98225
500031,GRAYS HARBOR COMMUNITY HOSPITAL,915 ANDERSON DRIVE,ABERDEEN,WA,98520
500033,SAMARITAN HOSPITAL,801 EAST WHEELER ROAD,MOSES LAKE,WA,98837
500036,YAKIMA VALLEY MEMORIAL HOSPITAL,2811 TIETON DRIVE,YAKIMA,WA,98902
500037,TOPPENISH COMMUNITY HOSPITAL,502 W FOURTH AVE,TOPPENISH,WA,98948
500039,HARRISON MEMORIAL HOSPITAL,2520 CHERRY AVENUE,BREMERTON,WA,98310
500041,PEACHEALTH ST JOHN MEDICAL CENTER,1615 DELAWARE STREET,LONGVIEW,WA,98632
500044,DEACONESS HOSPITAL,W 800 FIFTH AVENUE,SPOKANE,WA,99210
500049,WALLA WALLA GENERAL HOSPITAL,1025 S SECOND AVE,WALLA WALLA,WA,99362
500050,PEACEHEALTH SOUTHWEST MEDICAL CENTER,400 NE MOTHER JOSEPH PLACE,VANCOUVER,WA,98668
500051,OVERLAKE HOSPITAL MEDICAL CENTER,1035-116TH AVE NE,BELLEVUE,WA,98004
500053,KENNEWICK GENERAL HOSPITAL,900 SOUTH AUBURN STREET,KENNEWICK,WA,99336
500054,PROVIDENCE SACRED HEART MEDICAL CENTER,101 WEST 8TH AVENUE,SPOKANE,WA,99204
500058,KADLEC REGIONAL MEDICAL CENTER,888 SWIFT BLVD,RICHLAND,WA,99352
500060,CASCADE VALLEY HOSPITAL,330 S STILLAGUAMISH AVE,ARLINGTON,WA,98223
500064,HARBORVIEW MEDICAL CENTER,325 9TH AVENUE,SEATTLE,WA,98104
500072,OLYMPIC MEDICAL CENTER,939 CAROLINE ST,PORT ANGELES,WA,98362
500077,PROVIDENCE HOLY FAMILY HOSPITAL,5633 NORTH LIDGERWOOD,SPOKANE,WA,99208
500079,MULTICARE GOOD SAMARITAN HOSPITAL,401 15TH AVENUE SE,PUYALLUP,WA,98372
500084,EVERGREEN HEALTH MONROE,14701 179TH SE,MONROE,WA,98272
500088,VALLEY MEDICAL CENTER,400 S 43RD ST,RENTON,WA,98055
500108,ST JOSEPH MEDICAL CENTER,1717 SOUTH J STREET,TACOMA,WA,98405
500119,VALLEY HOSPITAL,12606 EAST MISSION AVENUE,SPOKANE,WA,99216
500124,EVERGREENHEALTH MEDICAL CENTER,12040 NE 128TH STREET,KIRKLAND,WA,98034
500129,TACOMA GENERAL ALLENMORE HOSPITAL,315 S MLK JR WAY,TACOMA,WA,98415
500139,CAPITAL MEDICAL CENTER,3900 CAPITAL MALL DR SW,OLYMPIA,WA,98502
500141,ST FRANCIS COMMUNITY HOSPITAL,34515 9TH AVENUE SOUTH,FEDERAL WAY,WA,98003
500148,CONFLUENCE HEALTH- WENATCHEE VALLEY HOSP & CLINICS,820 NORTH CHELAN AVENUE,WENATCHEE,WA,98801
500150,LEGACY SALMON CREEK MEDICAL CENTER,2211 NE 139TH STREET,VANCOUVER,WA,98686
500151,ST ANTHONY HOSPITAL,11567 CANTERWOOD BOULEVARD NW,GIG HARBOR,WA,98332
500152,SWEDISH ISSAQUAH,751 NE BLAKELY DR,ISSAQUAH,WA,98029
501301,GARFIELD COUNTY MEMORIAL HOSPITAL,66 NORTH SIXTH STREET,POMEROY,WA,99347
501302,DAYTON GENERAL HOSPITAL,1012 SOUTH 3RD STREET,DAYTON,WA,99328
501303,WILLAPA HARBOR HOSPITAL,800 ALDER STREET,SOUTH BEND,WA,98586
501304,SUMMIT PACIFIC MEDICAL CENTER-SWING BED UNIT,600 EAST MAIN STREET,ELMA,WA,98541
501305,LINCOLN HOSPITAL,10 NICHOLS STREET,DAVENPORT,WA,99122
501307,ODESSA MEMORIAL HEALTHCARE CENTER,502 E AMENDE DRIVE,ODESSA,WA,99159
501308,COULEE COMMUNITY HOSPITAL,411 FORTUYN ROAD,GRAND COULEE,WA,99133
501309,PROVIDENCE ST JOSEPH HOSPITAL,500 EAST WEBSTER,CHEWELAH,WA,99109
501310,NEWPORT COMMUNITY HOSPITAL,714 WEST PINE STREET,NEWPORT,WA,99156
501311,EAST ADAMS RURAL HOSPITAL,903 SOUTH ADAMS,RITZVILLE,WA,99169
501312,PROSSER MEMORIAL HOSPITAL,723 MEMORIAL STREET,PROSSER,WA,99350
501313,CASCADE MEDICAL CENTER,817 COMMERCIAL STREET,LEAVENWORTH,WA,98826
501314,OCEAN BEACH HOSPITAL,174 FIRST AVENUE NORTH,ILWACO,WA,98624
501315,SKYLINE HOSPITAL,211 SKYLINE DRIVE,WHITE SALMON,WA,98672
501316,KLICKITAT VALLEY HOSPITAL,310 SOUTH ROOSEVELT,GOLDENDALE,WA,98620
501317,COLUMBIA BASIN HOSPITAL,200 NAT WASHINGTON WAY,EPHRATA,WA,98823
501318,OTHELLO COMMUNITY HOSPITAL,315 NORTH 14TH AVENUE,OTHELLO,WA,99344
501319,MORTON GENERAL HOSPITAL,521 ADAMS STREET,MORTON,WA,98356
501320,QUINCY VALLEY HOSPITAL,908 10TH AVENUE SOUTHWEST,QUINCY,WA,98848
501321,NORTH VALLEY HOSPITAL,203 SOUTH WESTERN,TONASKET,WA,98855
501322,FERRY COUNTY MEMORIAL HOSPITAL,36 KLONDIKE ROAD,REPUBLIC,WA,99166
501323,JEFFERSON HEALTHCARE,834 SHERIDAN STREET,PORT TOWNSEND,WA,98368
501324,THREE RIVERS HOSPITAL,507 HOSPITAL WAY,BREWSTER,WA,98812
501325,FORKS COMMUNITY HOSPITAL,530 BOGACHIEL WAY,FORKS,WA,98331
501326,PROVIDENCE MOUNT CARMEL HOSPITAL,982 EAST COLUMBIA,COLVILLE,WA,99114
501327,WHITMAN HOSPITAL AND MEDICAL CENTER,1200 WEST FAIRVIEW,COLFAX,WA,99111
501328,MID VALLEY HOSPITAL,810 JASMINE STREET,OMAK,WA,98841
501329,PEACEHEALTH UNITED GENERAL MEDICAL CENTER,2000 HOSPITAL DRIVE,SEDRO WOOLLEY,WA,98284
501330,SUNNYSIDE COMMUNITY HOSPITAL,1016 TACOMA AVENUE,SUNNYSIDE,WA,98944
501331,PULLMAN REGIONAL HOSPITAL,835 S BISHOP BLVD,PULLMAN,WA,99163
501332,TRI-STATE MEMORIAL HOSPITAL,1221 HIGHLAND AVENUE,CLARKSTON,WA,99403
501333,KITTITAS VALLEY COMMUNITY HOSPITAL,603 SOUTH CHESTNUT,ELLENSBURG,WA,98926
501334,LAKE CHELAN COMMUNITY HOSPITAL,503 EAST HIGHLAND,CHELAN,WA,98816
501335,ST ELIZABETH HOSPITAL,1450 BATTERSBY AVENUE,ENUMCLAW,WA,98022
501336,MASON GENERAL HOSPITAL & FAMILY OF CLINICS,901 MT VIEW DRIVE,SHELTON,WA,98584
501337,LOURDES MEDICAL CENTER,520 N FOURTH AVENUE,PASCO,WA,99301
501338,SNOQUALMIE VALLEY HOSPITAL,9801 FRONTIER AVE SE,SNOQUALMIE,WA,98065
501339,WHIDBEY GENERAL HOSPITAL,101 NORTH MAIN STREET,COUPEVILLE,WA,98239
501340,PEACEHEALTH PEACE ISLAND MEDICAL CENTER,1117 SPRING STREET,FRIDAY HARBOR,WA,98250
503300,SEATTLE CHILDREN'S HOSPITAL,"4800 SAND POINT WAY NE, PO BOX C-5371",SEATTLE,WA,98105
510001,WEST VIRGINIA UNIVERSITY HOSPITALS,MEDICAL CENTER DRIVE,MORGANTOWN,WV,26506
510002,GREENBRIER VALLEY MEDICAL CENTER,PO BOX 497,RONCEVERTE,WV,24970
510006,UNITED HOSPITAL CENTER,327 MEDICAL PARK DRIVE,BRIDGEPORT,WV,26330
510007,ST MARY'S MEDICAL CENTER,2900 1ST AVENUE,HUNTINGTON,WV,25702
510008,BERKELEY MEDICAL CENTER,2500 HOSPITAL DRIVE,MARTINSBURG,WV,25401
510012,PLEASANT VALLEY HOSPITAL,2520 VALLEY DRIVE,POINT PLEASANT,WV,25550
510013,REYNOLDS MEMORIAL HOSPITAL,800 WHEELING AVE,GLEN DALE,WV,26038
510022,CHARLESTON AREA MEDICAL CENTER,501 MORRIS STREET,CHARLESTON,WV,25301
510023,WEIRTON MEDICAL CENTER,601 COLLIERS WAY,WEIRTON,WV,26062
510024,MONONGALIA COUNTY GENERAL HOSPITAL,1200 JD ANDERSON DR,MORGANTOWN,WV,26505
510029,THOMAS MEMORIAL HOSPITAL,4605 MACCORKLE AVE SW,SOUTH CHARLESTON,WV,25309
510030,DAVIS MEDICAL CENTER,PO BOX 1484,ELKINS,WV,26241
510031,ST FRANCIS HOSPITAL,333 LAIDLEY ST,CHARLESTON,WV,25301
510038,STONEWALL JACKSON MEMORIAL HOSPITAL,230 HOSPITAL PLAZA,WESTON,WV,26452
510039,OHIO VALLEY MEDICAL CENTER,2000 EOFF STREET,WHEELING,WV,26003
510046,PRINCETON COMMUNITY HOSPITAL,122 12TH STREET,PRINCETON,WV,24740
510047,FAIRMONT REGIONAL MEDICAL CENTER,1325 LOCUST AVENUE,FAIRMONT,WV,26554
510048,LOGAN REGIONAL MEDICAL CENTER,20 HOSPITAL DRIVE,LOGAN,WV,25601
510050,WHEELING HOSPITAL,1 MEDICAL PARK,WHEELING,WV,26003
510055,CABELL HUNTINGTON HOSPITAL INC,1340 HAL GREER BOULEVARD,HUNTINGTON,WV,25701
510058,CAMDEN CLARK MEDICAL CENTER,800 GARFIELD AVE,PARKERSBURG,WV,26101
510062,BECKLEY ARH HOSPITAL,306 STANAFORD ROAD,BECKLEY,WV,25801
510070,RALEIGH GENERAL HOSPITAL,1710 HARPER ROAD,BECKLEY,WV,25801
510071,BLUEFIELD REGIONAL MEDICAL CENTER,500 CHERRY ST,BLUEFIELD,WV,24701
510072,WETZEL COUNTY HOSPITAL,#3 EAST BENJAMIN DRIVE,NEW MARTINSVILLE,WV,26155
510077,WILLIAMSON MEMORIAL HOSPITAL,859 ALDERSON STREET,WILLIAMSON,WV,25661
510082,SUMMERSVILLE REGIONAL MEDICAL CENTER,400 FAIRVIEW HEIGHTS ROAD,SUMMERSVILLE,WV,26651
510086,WELCH COMMUNITY HOSPITAL,454 MCDOWELL STREET,WELCH,WV,24801
511300,"BROADDUS HOSPITAL ASSOCIATION, INC",MANSFIELD HILL P O BOX 930,PHILIPPI,WV,26416
511301,WEBSTER COUNTY MEMORIAL HOSPITAL,P O BOX 312 (MILLER MOUNTAIN DRIVE),WEBSTER SPRINGS,WV,26288
511303,MINNIE HAMILTON HEALTH CARE CENTER,186 HOSPITAL DRIVE,GRANTSVILLE,WV,26147
511304,SISTERSVILLE GENERAL HOSPITAL,314 SOUTH WELLS STREET,SISTERSVILLE,WV,26175
511306,ROANE GENERAL HOSPITAL,200 HOSPITAL DRIVE,SPENCER,WV,25276
511307,GRAFTON CITY HOSPITAL,1 HOSPITAL PLAZA,GRAFTON,WV,26354
511308,BRAXTON COUNTY MEMORIAL HOSPITAL,100 HOYLMAN DRIVE,GASSAWAY,WV,26624
511309,WAR MEMORIAL HOSPITAL INC,1 HEALTHY WAY,BERKELEY SPRINGS,WV,25411
511310,SUMMERS COUNTY ARH HOSPITAL,115 SUMMERS HOSPITAL ROAD,HINTON,WV,25951
511311,HAMPSHIRE MEMORIAL HOSPITAL,363 SUNRISE BOULEVARD,ROMNEY,WV,26757
511312,PRESTON MEMORIAL HOSPITAL,150 MEMORIAL DRIVE,KINGWOOD,WV,26537
511313,BOONE MEMORIAL HOSPITAL,701 MADISON AVENUE,MADISON,WV,25130
511314,POCAHONTAS MEMORIAL HOSPITAL,150 DUNCAN ROAD,BUCKEYE,WV,24924
511315,POTOMAC VALLEY HOSPITAL,100 PIN OAK LANE,KEYSER,WV,26726
511316,GRANT MEMORIAL HOSPITAL,P O BOX 1019,PETERSBURG,WV,26847
511317,PLATEAU MEDICAL CENTER,"430 MAIN STREET, WEST",OAK HILL,WV,25901
511318,"MONTGOMERY GENERAL HOSPITAL, INC",401 SIXTH AVENUE,MONTGOMERY,WV,25136
511319,JEFFERSON MEDICAL CENTER,300 SOUTH PRESTON STREET,RANSON,WV,25438
511320,JACKSON GENERAL HOSPITAL,122 PINNELL ST,RIPLEY,WV,25271
511321,ST JOSEPH HOSPITAL,1 AMALIA DRIVE,BUCKHANNON,WV,26201
520002,MINISTRY ST MICHAELS HOSPITAL OF STEVENS POINT,900 ILLINOIS AVE,STEVENS POINT,WI,54481
520004,MAYO CLINIC HLTH SYSTEM  FRANCISCAN MED CTR,700 WEST AVENUE SOUTH,LA CROSSE,WI,54601
520008,WAUKESHA MEMORIAL HOSPITAL,725 AMERICAN AVE,WAUKESHA,WI,53188
520009,ST ELIZABETH HOSPITAL,1506 S ONEIDA ST,APPLETON,WI,54915
520011,LAKEVIEW MEDICAL CENTER,1700 WEST STOUT STREET,RICE LAKE,WI,54868
520013,SACRED HEART HOSPITAL,900 W CLAIREMONT AVE,EAU CLAIRE,WI,54701
520017,ST JOSEPHS HOSPITAL,2661 COUNTY HWY I,CHIPPEWA FALLS,WI,54729
520019,MINISTRY SAINT MARYS HOSPITAL,2251 NORTH SHORE DR,RHINELANDER,WI,54501
520021,UNITED HOSPITAL SYSTEM,6308 EIGHTH AVE,KENOSHA,WI,53143
520027,COLUMBIA ST MARYS HOSPITAL OZAUKEE,13111 N PORT WASHINGTON RD,MEQUON,WI,53097
520028,THE MONROE CLINIC,2005 5TH STREET,MONROE,WI,53566
520030,ASPIRUS WAUSAU HOSPITAL,333 PINE RIDGE BLVD,WAUSAU,WI,54401
520033,ASPIRUS RIVERVIEW HOSPITAL & CLINICS INC,410 DEWEY ST,WISCONSIN RAPIDS,WI,54495
520034,AURORA MEDICAL CTR MANITOWOC COUNTY,5000 MEMORIAL DRIVE,TWO RIVERS,WI,54241
520035,AURORA SHEBOYGAN MEMORIAL MEDICAL CTR,2629 N 7TH ST,SHEBOYGAN,WI,53083
520037,MINISTRY SAINT JOSEPHS HOSPITAL,611 ST JOSEPH AVE,MARSHFIELD,WI,54449
520038,AURORA MEDICAL CTR WASHINGTON COUNTY,1032 E SUMNER ST,HARTFORD,WI,53027
520041,DIVINE SAVIOR HEALTHCARE,2817 NEW PINERY ROAD,PORTAGE,WI,53901
520044,ST NICHOLAS HOSPITAL,3100 SUPERIOR AVE,SHEBOYGAN,WI,53081
520045,THEDACARE REGIONAL MEDICAL CENTER - NEENAH INC,130 2ND ST,NEENAH,WI,54956
520048,MERCY MEDICAL CENTER OF OSHKOSH,500 S OAKWOOD RD,OSHKOSH,WI,54904
520049,BELLIN MEMORIAL HOSPITAL,744 S WEBSTER AVE,GREEN BAY,WI,54305
520051,COLUMBIA ST MARYS HOSPITAL MILWAUKEE,2323 N LAKE DR,MILWAUKEE,WI,53211
520057,ST CLARE HOSPITAL,707 14TH ST,BARABOO,WI,53913
520059,AURORA MEMORIAL HOSPITAL BURLINGTON,252 MCHENRY ST,BURLINGTON,WI,53105
520062,OCONOMOWOC MEMORIAL HOSPITAL,791 E SUMMIT AVE,OCONOMOWOC,WI,53066
520063,ST JOSEPHS COMMUNITY HOSPITAL OF WEST BEND,3200 PLEASANT VALLEY ROAD,WEST BEND,WI,53095
520066,MERCY HEALTH SYSTEM CORP,1000 MINERAL POINT AVE,JANESVILLE,WI,53548
520070,MAYO CLINIC HEALTH SYSTEM EAU CLAIRE HOSPITAL,1221 WHIPPLE ST,EAU CLAIRE,WI,54703
520071,FORT MEMORIAL HOSPITAL,611 SHERMAN AVE E,FORT ATKINSON,WI,53538
520075,ST VINCENT HOSPITAL,835 S VAN BUREN ST,GREEN BAY,WI,54301
520076,BEAVER DAM COMMUNITY HOSPITAL,707 S UNIVERSITY AVE,BEAVER DAM,WI,53916
520078,WHEATON FRANCISCAN HEALTHCARE ST FRANCIS,3237 S 16TH ST,MILWAUKEE,WI,53215
520083,ST MARYS HOSPITAL,700 SOUTH PARK ST,MADISON,WI,53715
520087,GUNDERSEN LUTHERAN MEDICAL CENTER,1910 SOUTH AVE,LA CROSSE,WI,54601
520088,ST AGNES HOSPITAL,430 E DIVISON ST,FOND DU LAC,WI,54935
520089,UNITYPOINT HEALTH - MERITER,202 S PARK ST,MADISON,WI,53715
520091,HOWARD YOUNG MEDICAL CTR,240 MAPLE ST,WOODRUFF,WI,54568
520095,SAUK PRAIRIE HOSPITAL,260 26TH STREET,PRAIRIE DU SAC,WI,53578
520096,WHEATON FRANCISCAN HEALTHCARE ALL SAINTS,3801 SPRING ST,RACINE,WI,53405
520097,ST MARYS HOSPITAL MEDICAL CTR,1726 SHAWANO AVE,GREEN BAY,WI,54303
520098,UNIVERSITY OF WI  HOSPITALS & CLINICS AUTHORITY,600 HIGHLAND AVENUE,MADISON,WI,53792
520100,BELOIT MEMORIAL HOSPITAL,1969 W HART RD,BELOIT,WI,53511
520102,AURORA LAKELAND MEDICAL CENTER,W3985 COUNTY ROAD NN,ELKHORN,WI,53121
520103,COMMUNITY MEMORIAL HOSPITAL,W180 N8085 TOWN HALL RD,MENOMONEE FALLS,WI,53051
520107,HOLY FAMILY MEMORIAL,2300 WESTERN AVE,MANITOWOC,WI,54221
520109,MILE BLUFF MEDICAL CENTER,1050 DIVISION ST,MAUSTON,WI,53948
520113,BAY AREA MEDICAL CENTER,3100 SHORE DRIVE,MARINETTE,WI,54143
520116,WATERTOWN REGIONAL MEDICAL CENTER,125 HOSPITAL DRIVE,WATERTOWN,WI,53098
520136,WHEATON FRANCISCAN ST JOSEPH,5000 W CHAMBERS ST,MILWAUKEE,WI,53210
520138,AURORA ST LUKES MEDICAL CENTER,2900 W OKLAHOMA AVE,MILWAUKEE,WI,53215
520139,AURORA WEST ALLIS MEDICAL CENTER,8901 W LINCOLN AVE,WEST ALLIS,WI,53227
520160,THEDACARE REGIONAL MEDICAL CENTER - APPLETON INC,1818 N MEADE ST,APPLETON,WI,54911
520177,FROEDTERT MEMORIAL LUTHERAN HOSPITAL,9200 W WISCONSIN AVE,MILWAUKEE,WI,53226
520189,AURORA MEDICAL CTR KENOSHA,10400 75TH ST,KENOSHA,WI,53142
520193,AURORA BAYCARE MEDICAL CTR,2845 GREENBRIER RD,GREEN BAY,WI,54311
520194,ORTHOPAEDIC HOSPITAL OF WISCONSIN,475 W RIVER WOODS PKWY,GLENDALE,WI,53212
520195,COLUMBIA CENTER,13125 N PORT WASHINGTON RD,MEQUON,WI,53097
520196,OAKLEAF SURGICAL HOSPITAL,1000 OAKLEAF WAY,ALTOONA,WI,54720
520198,AURORA MEDICAL CTR OSHKOSH,855 N WESTHAVEN DRIVE,OSHKOSH,WI,54904
520202,ST CLARES HOSPITAL OF WESTON,3400 MINISTRY PARKWAY,WESTON,WI,54476
520204,WHEATON FRANCISCAN HEALTHCARE FRANKLIN,10101 SOUTH 27TH ST,FRANKLIN,WI,53132
520205,MIDWEST ORTHOPEDIC SPECIALTY HOSPITAL,10101 SOUTH 27TH ST  2ND FLOOR,FRANKLIN,WI,53132
520206,AURORA MEDICAL CENTER,36500 AURORA DRIVE,SUMMIT,WI,53066
520207,AURORA MEDICAL CENTER,975 PORT WASHINGTON ROAD,GRAFTON,WI,53024
520208,ST MARYS JANESVILLE HOSPITAL,3400 EAST RACINE STREET,JANESVILLE,WI,53546
521300,MINISTRY EAGLE RIVER MEMORIAL HOSPITAL,201 HOSPITAL ROAD,EAGLE RIVER,WI,54521
521302,MAYO CLINIC HEALTH SYSTEM OAKRIDGE,13025 8TH ST,OSSEO,WI,54758
521303,THEDACARE MEDICAL CENTER - WILD ROSE INC,601 GROVE AVE,WILD ROSE,WI,54984
521304,ST JOSEPHS HEALTH SERVICES,400 WATER AVE,HILLSBORO,WI,54634
521305,MAYO CLINIC HLTH SYSTM FRANCISCAN HLTHCARE SPARTA,310 W MAIN ST,SPARTA,WI,54656
521308,AMERY HOSPITAL & CLINIC,265 GRIFFIN STREET EAST,AMERY,WI,54001
521309,MOUNDVIEW MEMORIAL HOSPITAL AND CLINICS,402 W LAKE ST,FRIENDSHIP,WI,53934
521310,HSHS ST CLARE MEMORIAL HOSPITAL,855 S MAIN ST,OCONTO FALLS,WI,54154
521311,OUR LADY OF VICTORY HOSPITAL,1120 PINE ST,STANLEY,WI,54768
521312,MEMORIAL HOSPITAL OF LAFAYETTE COUNTY,800 CLAY ST,DARLINGTON,WI,53530
521313,MINISTRY SACRED HEART HOSPITAL,401 W MOHAWK DR  SUITE 100,TOMAHAWK,WI,54487
521314,MAYO CLINIC HEALTH SYSTEM  CHIPPEWA VALLEY,1501 THOMPSON ST,BLOOMER,WI,54724
521315,MAYO CLINIC HEALTH SYSTEM  NORTHLAND,1222 E WOODLAND AVE,BARRON,WI,54812
521316,TRI COUNTY MEMORIAL HOSPITAL,18601 LINCOLN ST,WHITEHALL,WI,54773
521317,CALUMET MEDICAL CENTER,614 MEMORIAL DRIVE,CHILTON,WI,53014
521318,LADD MEMORIAL HOSPITAL,2600 65TH AVENUE,OSCEOLA,WI,54020
521319,EDGERTON HOSPITAL AND HEALTH SERVICES,11101 N SHERMAN ROAD,EDGERTON,WI,53534
521320,TOMAH MEMORIAL HOSPITAL,321 BUTTS AVE,TOMAH,WI,54660
521321,RIPON MEDICAL CENTER,845 PARKSIDE ST,RIPON,WI,54971
521322,GRANT REGIONAL HEALTH CENTER,507 S MONROE ST,LANCASTER,WI,53813
521323,MEMORIAL MEDICAL CENTER,216 SUNSET PLACE,NEILLSVILLE,WI,54456
521324,"ASPIRUS MEDFORD HOSPITAL & CLINICS, INC",135 S GIBSON ST,MEDFORD,WI,54451
521325,FLAMBEAU HOSPITAL,98 SHERRY AVE,PARK FALLS,WI,54552
521326,THEDACARE MEDICAL CENTER NEW LONDON,1405 MILL ST,NEW LONDON,WI,54961
521327,WAUPUN MEMORIAL HOSPITAL,620 W BROWN ST,WAUPUN,WI,53963
521328,RUSK COUNTY MEMORIAL HOSPITAL,900 COLLEGE AVE WEST,LADYSMITH,WI,54848
521329,ST MARYS HOSPITAL OF SUPERIOR,3500 TOWER AVE,SUPERIOR,WI,54880
521330,CROSSING RIVERS HEALTH MEDICAL CENTER,37868 US HWY 18,PRAIRIE DU CHIEN,WI,53821
521331,BURNETT MEDICAL CENTER,257 W ST GEORGE AVE,GRANTSBURG,WI,54840
521332,SPOONER HEALTH SYSTEM,819 ASH STREET,SPOONER,WI,54801
521333,BLACK RIVER MEMORIAL HOSPITAL,711 W ADAMS ST,BLACK RIVER FALLS,WI,54615
521334,THEDACARE MEDICAL CENTER - WAUPACA INC,800 RIVERSIDE DRIVE,WAUPACA,WI,54981
521335,HUDSON HOSPITAL,405 STAGELINE ROAD,HUDSON,WI,54016
521336,HAYWARD AREA MEMORIAL HOSPITAL,11040 N STATE RD 77,HAYWARD,WI,54843
521337,ST CROIX REGIONAL MEDICAL CENTER,235 STATE STREET,SAINT CROIX FALLS,WI,54024
521338,COLUMBUS COMMUNITY HOSPITAL,1515 PARK AVE,COLUMBUS,WI,53925
521339,GOOD SAMARITAN HEALTH CENTER,601 S CENTER AVE,MERRILL,WI,54452
521340,MAYO CLINIC HEALTH SYSTEM  RED CEDAR,2321 STOUT RD,MENOMONIE,WI,54751
521341,RICHLAND HOSPITAL,333 E SECOND ST,RICHLAND CENTER,WI,53581
521342,INDIANHEAD MEDICAL CTR,113 4TH AVE,SHELL LAKE,WI,54871
521343,STOUGHTON HOSPITAL,900 RIDGE ST,STOUGHTON,WI,53589
521344,GUNDERSEN BOSCOBEL AREA HOSPITAL AND CLINICS,205 PARKER ST,BOSCOBEL,WI,53805
521345,WESTFIELDS HOSPITAL AND CLINIC,535 HOSPITAL RD,NEW RICHMOND,WI,54017
521346,THEDACARE MEDICAL CENTER - SHAWANO INC,100 COUNTY RD B,SHAWANO,WI,54166
521347,BALDWIN AREA MEDICAL CENTER,730 10TH AVE,BALDWIN,WI,54002
521348,VERNON MEMORIAL HOSPITAL,507 SOUTH MAIN ST,VIROQUA,WI,54665
521349,RIVER FALLS AREA HOSPITAL,1629 E DIVISION ST,RIVER FALLS,WI,54022
521350,ASPIRUS LANGLADE HOSPITAL,112 E FIFTH AVE,ANTIGO,WI,54409
521351,REEDSBURG AREA MEDICAL CENTER,2000 N DEWEY AVE,REEDSBURG,WI,53959
521352,UPLAND HILLS HEALTH,800 COMPASSION WAY,DODGEVILLE,WI,53533
521353,CUMBERLAND MEMORIAL HOSPITAL,1110 7TH AVENUE,CUMBERLAND,WI,54829
521354,SOUTHWEST HEALTH CENTER,1400 EAST SIDE RD,PLATTEVILLE,WI,53818
521355,THEDACARE MEDICAL CENTER - BERLIN INC,225 MEMORIAL DRIVE,BERLIN,WI,54923
521356,BELLIN HEALTH OCONTO HOSPITAL,820 ARBUTUS AVE,OCONTO,WI,54153
521357,MERCY WALWORTH HOSPITAL & MEDICAL CENTER,N2950 STATE ROAD 67,LAKE GENEVA,WI,53147
521358,MINISTRY DOOR COUNTY MEDICAL CENTER,323 SOUTH 18TH AVENUE,STURGEON BAY,WI,54235
521359,MEMORIAL MEDICAL CENTER,1615 MAPLE LANE,ASHLAND,WI,54806
530002,CAMPBELL COUNTY MEMORIAL HOSPITAL,501 SOUTH BURMA AVENUE,GILLETTE,WY,82716
530006,SHERIDAN MEMORIAL HOSPITAL,1401 W 5TH ST,SHERIDAN,WY,82801
530008,SAGEWEST HEALTH CARE,2100 W SUNSET DR,RIVERTON,WY,82501
530011,MEMORIAL HOSPITAL SWEETWATER COUNTY,1200 COLLEGE DRIVE,ROCK SPRINGS,WY,82901
530012,WYOMING MEDICAL CENTER,1233 EAST 2ND ST,CASPER,WY,82601
530014,CHEYENNE REGIONAL MEDICAL CENTER,214 EAST 23RD STREET,CHEYENNE,WY,82001
530015,ST JOHNS MEDICAL CENTER,625 EAST BROADWAY,JACKSON,WY,83001
530025,IVINSON MEMORIAL HOSPITAL,255 N 30TH,LARAMIE,WY,82072
530032,EVANSTON REGIONAL HOSPITAL,190 ARROWHEAD DR,EVANSTON,WY,82930
530033,MOUNTAIN VIEW REGIONAL HOSPITAL,6550 EAST 2ND STREET,CASPER,WY,82605
531301,SOUTH BIG HORN COUNTY CRITICAL ACCESS HOSPITAL,388 US HIGHWAY 20 SOUTH,BASIN,WY,82410
531302,MEMORIAL HOSPITAL OF CONVERSE COUNTY,111 SOUTH 5TH STREET,DOUGLAS,WY,82633
531303,WESTON COUNTY HEALTH SERVICES,1124 WASHINGTON BOULEVARD,NEWCASTLE,WY,82701
531304,HOT SPRINGS COUNTY MEMORIAL HOSPITAL,150 EAST ARAPAHOE,THERMOPOLIS,WY,82443
531305,PLATTE COUNTY MEMORIAL HOSPITAL,201 14TH STREET,WHEATLAND,WY,82201
531306,WASHAKIE MEDICAL CENTER,400 SOUTH 15TH STREET,WORLAND,WY,82401
531307,COMMUNITY HOSPITAL,2000 CAMPBELL DRIVE,TORRINGTON,WY,82240
531308,JOHNSON COUNTY HEALTHCARE CENTER,497 WEST LOTT,BUFFALO,WY,82834
531309,NORTH BIG HORN HOSPITAL DISTRICT,1115 LANE 12,LOVELL,WY,82431
531310,POWELL VALLEY HOSPITAL,777 AVENUE H,POWELL,WY,82435
531311,CROOK COUNTY HOSPITAL,713 OAK STREET,SUNDANCE,WY,82729
531312,WEST PARK HOSPITAL DISTRICT,707 SHERIDAN AVENUE,CODY,WY,82414
531313,STAR VALLEY MEDICAL CENTER,901 ADAMS STREET,AFTON,WY,83110
531314,NIOBRARA HEALTH & LIFE CENTER,921 SOUTH BALLANCEE AVENUE,LUSK,WY,82225
531315,SOUTH LINCOLN MEDICAL CENTER - CAH,711 ONYX STREET,KEMMERER,WY,83101
531316,MEMORIAL HOSPITAL OF CARBON COUNTY,2221 WEST ELM STREET,RAWLINS,WY,82301
650001,GUAM MEMORIAL HOSPITAL AUTHORITY,85O GOV CARLOS G CAMACHO ROAD,TAMUNING,GU,96913
660001,COMMONWEALTH HEALTH CENTER,"PO BOX 409CK, NAVY HILL ROAD",GARAPAN,MP,96950
670004,ST MARKS MEDICAL CENTER,ONE ST MARK'S PLACE,LA GRANGE,TX,78945
670005,MEMORIAL HERMANN SURGICAL HOSPITAL KINGWOOD,300 KINGWOOD MEDICAL DRIVE,KINGWOOD,TX,77339
670006,THE HOSPITAL AT WESTLAKE MEDICAL CENTER,"5656 BEE CAVES ROAD, SUITE M-302",AUSTIN,TX,78746
670008,HOUSTON PHYSICIANS' HOSPITAL,333 N TEXAS AVENUE,WEBSTER,TX,77598
670010,MAYHILL HOSPITAL,2809 SOUTH MAYHILL ROAD,DENTON,TX,76208
670019,UNIVERSITY GENERAL HOSPITAL,7501 FANNIN,HOUSTON,TX,77054
670023,METHODIST MANSFIELD MEDICAL CENTER,2700 E BROAD STREET,MANSFIELD,TX,76063
670024,NORTH CYPRESS MEDICAL CENTER,21214 NORTHWEST FREEWAY,CYPRESS,TX,77429
670025,THE HEART HOSPITAL BAYLOR PLANO,1100 ALLIED DRIVE,PLANO,TX,75093
670031,ST LUKE'S PATIENTS MEDICAL CENTER,4600 EAST SAM HOUSTON PARKWAY SOUTH,PASADENA,TX,77505
670034,SCOTT & WHITE HOSPITAL-ROUND ROCK,300 UNIVERSITY BLVD,ROUND ROCK,TX,78664
670041,SETON MEDICAL CENTER WILLIAMSON,201 SETON PARKWAY,ROUND ROCK,TX,78664
670043,CEDAR PARK REGIONAL MEDICAL CENTER,1401 MEDICAL PARKWAY,CEDAR PARK,TX,78613
670044,TEXAS HEALTH PRESBYTERIAN HOSPITAL ROCKWALL,3150 HORIZON ROAD,ROCKWALL,TX,75032
670046,USMD HOSPITAL  AT FORT WORTH LP,5900 ALTAMESA BLVD,FORT WORTH,TX,76132
670047,SIERRA PROVIDENCE EAST MEDICAL CENTER,3280 JOE BATTLE BLVD,EL PASO,TX,79938
670049,NORTH CENTRAL SURGICAL CENTER LLP,9301 NORTH CENTRAL EXPRESSWAY SUITE 100,DALLAS,TX,75231
670050,TRUSTPOINT REHAB HOSPITAL OF LUBBOCK,4302 PRINCETON,LUBBOCK,TX,79415
670053,ST LUKE'S SUGAR LAND HOSPITAL,1317 LAKE POINTE PARKWAY,SUGAR LAND,TX,77478
670054,FOUNDATION SURGICAL HOSPITAL OF SAN ANTONIO,9522 HUEBNER ROAD,SAN ANTONIO,TX,78240
670055,METHODIST STONE OAK HOSPITAL,1139 E SONTERRA BLVD,SAN ANTONIO,TX,78258
670056,SETON MEDICAL CENTER HAYS,6001 KYLE PKWY,KYLE,TX,78640
670058,EMERUS HOSPITAL,16000 SOUTHWEST FREEWAY,SUGAR LAND,TX,77479
670059,ST LUKES LAKESIDE HOSPITAL,17400 ST LUKES WAY,THE WOODLANDS,TX,77384
670060,BAYLOR SCOTT AND WHITE MEDICAL CENTER SUNNYVALE,231 SOUTH COLLINS ROAD,SUNNYVALE,TX,75182
670061,SOUTH TEXAS SURGICAL HOSPITAL,6130 PARKWAY DRIVE,CORPUS CHRISTI,TX,78414
670062,BAYLOR EMERGENCY MEDICAL CENTER,26791 HIGHWAY 380,AUBREY,TX,76227
670067,BAYLOR ORTHOPEDIC AND SPINE HOSPITAL AT ARLINGTON,707 HIGHLANDER BLVD,ARLINGTON,TX,76015
670068,TEXAS HEALTH PRESBYTERIAN HOSPITAL FLOWER MOUND,4400 LONG PRAIRIE ROAD,FLOWER MOUND,TX,75028
670069,METHODIST MCKINNEY HOSPITAL,8000 W ELDORADO PKWY,MC KINNEY,TX,75070
670071,TEXAS HEALTH HEART & VASCULAR HOSPITAL ARLINGTON,811 WRIGHT STREET,ARLINGTON,TX,76012
670073,METHODIST HOSPITAL FOR SURGERY,17101 DALLAS PARKWAY,ADDISON,TX,75001
670075,ST LUKE'S HOSPITAL AT THE VINTAGE,20171 CHASEWOOD PARK DRIVE,HOUSTON,TX,77070
670076,BAYLOR SCOTT AND WHITE SURGICAL HOSPITAL AT SHERMA,3601 CALAIS DRIVE,SHERMAN,TX,75090
670077,METHODIST WEST HOUSTON HOSPITAL,18500 KATY FREEWAY,HOUSTON,TX,77094
670078,BAPTIST EMERGENCY HOSPITAL,16088 SAN PEDRO,SAN ANTONIO,TX,78232
670079,"LAKEWAY REGIONAL MEDICAL CENTER, LLC",100  MEDICAL PARKWAY,LAKEWAY,TX,78734
670080,SETON MEDICAL CENTER HARKER HEIGHTS,850 W CENTRAL TEXAS EXPRESSWAY,HARKER HEIGHTS,TX,76548
670082,BAYLOR SCOTT AND WHITE  MEDICAL CENTER  MCKINNEY,5252 WEST UNIVERSITY DRIVE,MC KINNEY,TX,75071
670083,TEXAS GENERAL HOSPITAL,2709 HOSPITAL BLVD,GRAND PRAIRIE,TX,75051
670085,TEXAS HEALTH HARRIS METHODIST HOSPITAL ALLIANCE,10864 TEXAS HEALTH TRAIL,FORT WORTH,TX,76244
670087,BAYLOR SCOTT & WHITE EMERGENCY MEDICAL CENTER AT C,900 EAST WHITESTONE BLVD,CEDAR PARK,TX,78613
670088,BAYLOR SCOTT & WHITE MEDICAL CENTER- COLLEGE STATI,700 SCOTT & WHITE DRIVE,COLLEGE STATION,TX,77845
670089,NIX COMMUNITY GENERAL HOSPITAL,230 WEST MILLER STREET,DILLEY,TX,78017
670090,CRESCENT MEDICAL CENTER LANCASTER,2600 WEST PLEASANT RUN ROAD,LANCASTER,TX,75146
670092,WALNUT HILL MEDICAL CENTER,7502 GREENVILLE AVENUE,DALLAS,TX,75231
670094,LITTLE RIVER HEALTHCARE CAMERON HOSPITAL,806 N CROCKETT AVE,CAMERON,TX,76520
670095,EMERUS COMMUNITY HOSPITAL,"24429 TOMBALL PARKWAY, SUITE 100",TOMBALL,TX,77375
670096,"BAY AREA REGIONAL MEDICAL CENTER, LLC",200 BLOSSOM STREET,WEBSTER,TX,77598
670097,BAYLOR EMERGENCY MEDICAL CENTER,1975 ALPHA STE 100,ROCKWALL,TX,75087
670098,RESOLUTE HEALTH HOSPITAL,"555 CREEKSIDE XING,",NEW BRAUNFELS,TX,78130
670103,MEDICAL CENTER OF ALLIANCE,3101 NORTH TARRANT PARKWAY,FORT WORTH,TX,76177
670106,PEARLAND MEDICAL CENTER,11100 SHADOW CREEK PARKWAY,PEARLAND,TX,77584
670107,BAYLOR EMERGENCY MEDICAL CENTER,12500 SOUTH FREEWAY SUITE 100,BURLESON,TX,76028
670108,BAYLOR SCOTT & WHITE MEDICAL CENTER - MARBLE FALLS,810 W HIGHWAY 71,MARBLE FALLS,TX,78654
